:020000040000FA
:100000000200660235A7FFFFFFFFFF0235AFFFFFCB
:10001000FFFFFF0235DAFFFFFFFFFF0235E2FFFFC0
:10002000FFFFFFFFFFFFFFFFFFFFFF02360DFFFF98
:10003000FFFFFFFFFFFFFFFFFFFFFF02374DFFFF47
:10004000FFFFFF023761FFFFFFFFFF023831FFFFB5
:10005000FFFFFF023910FFFFFFFFFF023942FFFFE2
:10006000FFFFFF02394A75D00075819F7531017518
:10007000320275A001023952F5F0E5A0C394015493
:1000800003C0E0E5A0C3940154FC45F0C32401F58E
:10009000A0E473D0E0F5F0E5A0C3940154FC45F072
:1000A000C32401F5A022D083D082E5A0C3940154DB
:1000B00003C0E0E493C0E0740193C0E07402935481
:1000C00003F5F0E5A0C3940154FC45F02401F5A02C
:1000D00022E479337810B800028004F709D8FCE4F0
:1000E000900201780B790D8002F0A3D8FCD9FAFFB9
:1000F000FFFFFFFFFFFFFFFFFFFFFFFFFFFFFFFF10
:1001000000002110422063308440A550C660E77093
:10011000088129914AA16BB18CC1ADD1CEE1EFF13B
:100120003112100273325222B5529442F772D662E3
:10013000399318837BB35AA3BDD39CC3FFF3DEE38B
:100140006224433420040114E664C774A444855433
:100150006AA54BB528850995EEE5CFF5ACC58DD5DB
:100160005336722611163006D776F6669556B44683
:100170005BB77AA719973887DFF7FEE79DD7BCC72B
:10018000C448E5588668A7784008611802282338D3
:10019000CCC9EDD98EE9AFF9488969990AA92BB97B
:1001A000F55AD44AB77A966A711A500A333A122A23
:1001B000FDDBDCCBBFFB9EEB799B588B3BBB1AABCB
:1001C000A66C877CE44CC55C222C033C600C411C73
:1001D000AEED8FFDECCDCDDD2AAD0BBD688D499D1B
:1001E000977EB66ED55EF44E133E322E511E700EC3
:1001F0009FFFBEEFDDDFFCCF1BBF3AAF599F788F6B
:100200008891A981CAB1EBA10CD12DC14EF16FE14A
:100210008010A100C230E320045025404670676082
:10022000B9839893FBA3DAB33DC31CD37FE35EF39A
:10023000B1029012F322D2323542145277625672D2
:10024000EAB5CBA5A89589856EF54FE52CD50DC5EA
:10025000E234C324A0148104667447642454054422
:10026000DBA7FAB79987B8975FE77EF71DC73CD73A
:10027000D326F2369106B016576676761546345672
:100280004CD96DC90EF92FE9C899E9898AB9ABA98A
:100290004458654806782768C018E1088238A328C2
:1002A0007DCB5CDB3FEB1EFBF98BD89BBBAB9ABBDA
:1002B000754A545A376A167AF10AD01AB32A923A12
:1002C0002EFD0FED6CDD4DCDAABD8BADE89DC98D2A
:1002D000267C076C645C454CA23C832CE01CC10C62
:1002E0001FEF3EFF5DCF7CDF9BAFBABFD98FF89F7A
:1002F000176E367E554E745E932EB23ED10EF01EB2
:1003000000010203040506070809AAAAAAAAAAAAC4
:100310000A0B0C0D0E0F10111213AAAAAAAAAAAA50
:100320001415161718191A1B1C1DAAAAAAAAAAAADC
:100330001E1F2021222324252627AAAAAAAAAAAA68
:1003400028292A2B2C2D2E2F3031AAAAAAAAAAAAF4
:1003500032333435363738393A3BAAAAAAAAAAAA80
:100360003C3D3E3F404142434445AAAAAAAAAAAA0C
:10037000464748494A4B4C4D4E4FAAAAAAAAAAAA98
:1003800050515253545556575859AAAAAAAAAAAA24
:100390005A5B5C5D5E5F60616263FFFF00010203A8
:1003A0000405060708091011121314151617181959
:1003B00020212223242526272829303132333435A1
:1003C0003637383940414243444546474849505101
:1003D0005253545556575859606162636465666755
:1003E00068697071727374757677787980818283A9
:1003F0008485868788899091929394959697989909
:10040000FFFFFFFFFFFFFFFFFFFFFFFFFFFFFFFFFC
:10041000FFFFFFFFFFFFFFFFFFFFFFFFFFFFFFFFEC
:10042000FFFFFFFFFFFFFFFFFFFFFFFFFFFFFFFFDC
:10043000FFFFFFFFFFFFFFFFFFFFFFFFFFFFFFFFCC
:10044000FFFFFFFFFFFFFFFFFFFFFFFFFFFFFFFFBC
:10045000FFFFFFFFFFFFFFFFFFFFFFFFFFFFFFFFAC
:10046000FFFFFFFFFFFFFFFFFFFFFFFFFFFFFFFF9C
:10047000FFFFFFFFFFFFFFFFFFFFFFFFFFFFFFFF8C
:10048000FFFFFFFFFFFFFFFFFFFFFFFFFFFFFFFF7C
:10049000FFFFFFFFFFFFFFFFFFFFFFFFFFFFFFFF6C
:1004A000FFFFFFFFFFFFFFFFFFFFFFFFFFFFFFFF5C
:1004B000FFFFFFFFFFFFFFFFFFFFFFFFFFFFFFFF4C
:1004C000FFFFFFFFFFFFFFFFFFFFFFFFFFFFFFFF3C
:1004D000FFFFFFFFFFFFFFFFFFFFFFFFFFFFFFFF2C
:1004E000FFFFFFFFFFFFFFFFFFFFFFFFFFFFFFFF1C
:1004F000FFFFFFFFFFFFFFFFFFFFFFFFFFFFFFFF0C
:10050000FFFFFFFFFFFFFFFFFFFFFFFFFFFFFFFFFB
:10051000FFFFFFFFFFFFFFFFFFFFFFFFFFFFFFFFEB
:10052000FFFFFFFFFFFFFFFFFFFFFFFFFFFFFFFFDB
:10053000FFFFFFFFFFFFFFFFFFFFFFFFFFFFFFFFCB
:10054000FFFFFFFFFFFFFFFFFFFFFFFFFFFFFFFFBB
:10055000FFFFFFFFFFFFFFFFFFFFFFFFFFFFFFFFAB
:10056000FFFFFFFFFFFFFFFFFFFFFFFFFFFFFFFF9B
:10057000FFFFFFFFFFFFFFFFFFFFFFFFFFFFFFFF8B
:10058000FFFFFFFFFFFFFFFFFFFFFFFFFFFFFFFF7B
:10059000FFFFFFFFFFFFFFFFFFFFFFFFFFFFFFFF6B
:1005A000FFFFFFFFFFFFFFFFFFFFFFFFFFFFFFFF5B
:1005B000FFFFFFFFFFFFFFFFFFFFFFFFFFFFFFFF4B
:1005C000FFFFFFFFFFFFFFFFFFFFFFFFFFFFFFFF3B
:1005D000FFFFFFFFFFFFFFFFFFFFFFFFFFFFFFFF2B
:1005E000FFFFFFFFFFFFFFFFFFFFFFFFFFFFFFFF1B
:1005F000FFFFFFFFFFFFFFFFFFFFFFFFFFFFFFFF0B
:10060000FFFFFFFFFFFFFFFFFFFFFFFFFFFFFFFFFA
:10061000FFFFFFFFFFFFFFFFFFFFFFFFFFFFFFFFEA
:10062000FFFFFFFFFFFFFFFFFFFFFFFFFFFFFFFFDA
:10063000FFFFFFFFFFFFFFFFFFFFFFFFFFFFFFFFCA
:10064000FFFFFFFFFFFFFFFFFFFFFFFFFFFFFFFFBA
:10065000FFFFFFFFFFFFFFFFFFFFFFFFFFFFFFFFAA
:10066000FFFFFFFFFFFFFFFFFFFFFFFFFFFFFFFF9A
:10067000FFFFFFFFFFFFFFFFFFFFFFFFFFFFFFFF8A
:10068000FFFFFFFFFFFFFFFFFFFFFFFFFFFFFFFF7A
:10069000FFFFFFFFFFFFFFFFFFFFFFFFFFFFFFFF6A
:1006A000FFFFFFFFFFFFFFFFFFFFFFFFFFFFFFFF5A
:1006B000FFFFFFFFFFFFFFFFFFFFFFFFFFFFFFFF4A
:1006C000FFFFFFFFFFFFFFFFFFFFFFFFFFFFFFFF3A
:1006D000FFFFFFFFFFFFFFFFFFFFFFFFFFFFFFFF2A
:1006E000FFFFFFFFFFFFFFFFFFFFFFFFFFFFFFFF1A
:1006F000FFFFFFFFFFFFFFFFFFFFFFFFFFFFFFFF0A
:10070000FFFFFFFFFFFFFFFFFFFFFFFFFFFFFFFFF9
:10071000FFFFFFFFFFFFFFFFFFFFFFFFFFFFFFFFE9
:10072000FFFFFFFFFFFFFFFFFFFFFFFFFFFFFFFFD9
:10073000FFFFFFFFFFFFFFFFFFFFFFFFFFFFFFFFC9
:10074000FFFFFFFFFFFFFFFFFFFFFFFFFFFFFFFFB9
:10075000FFFFFFFFFFFFFFFFFFFFFFFFFFFFFFFFA9
:10076000FFFFFFFFFFFFFFFFFFFFFFFFFFFFFFFF99
:10077000FFFFFFFFFFFFFFFFFFFFFFFFFFFFFFFF89
:10078000FFFFFFFFFFFFFFFFFFFFFFFFFFFFFFFF79
:10079000FFFFFFFFFFFFFFFFFFFFFFFFFFFFFFFF69
:1007A000FFFFFFFFFFFFFFFFFFFFFFFFFFFFFFFF59
:1007B000FFFFFFFFFFFFFFFFFFFFFFFFFFFFFFFF49
:1007C000FFFFFFFFFFFFFFFFFFFFFFFFFFFFFFFF39
:1007D000FFFFFFFFFFFFFFFFFFFFFFFFFFFFFFFF29
:1007E000FFFFFFFFFFFFFFFFFFFFFFFFFFFFFFFF19
:1007F000FFFFFFFFFFFFFFFFFFFFFFFFFFFFFFFF09
:100800001111111111110100000000000000000081
:1008100000000000000000000000000000000000D8
:100820000000000000000000000000000000563042
:100830003232000000004135000000413036003007
:100840002E32000000000000000000000000000048
:100850000000000000000000000000000000000098
:100860000032312D373030322D35343620542F4C74
:1008700044000000000000050408F00080000000B3
:10088000000000000000000000000000A0050301BF
:100890000000000000838383038300000000000049
:1008A0000000000000000000000000000000000048
:1008B0000000000000000000000000000000000038
:1008C00000000000000011111100000000000000F5
:1008D00000000000000001999999991F0502042168
:1008E0001A3C1E00000505143C0502000001011021
:1008F0003C0012999900000000000000001868D91F
:1009000004004001050080200500448E050068BAFF
:100910000500B004F05588130000E8C1FE03E8C1EB
:10092000FE030040062CB664678000000000000053
:1009300000000000000000000000000000000000B7
:1009400000000000000000000000000000000000A7
:100950000000000000000000000000000000000097
:100960000000000000000000000000000000000087
:100970000000A7040000B86B00001D140000000078
:10098000FFFFFFFFFFFFFFFFFFFFFFFF0202080463
:100990007F010500000000000000000000000000D2
:1009A00001330000005000000000000200000000C1
:1009B0000000000055A00504AAAAAAAAAAAAAAAAE9
:1009C0000000000000FB7EFFFFFF1200A652E001C6
:1009D0001200A674E0011200A688E0011200A6A28F
:1009E000E0011200A603E1011200A6CAE101120013
:1009F000A6F4E2011200A694E3011200A6D6E301D8
:100A00001200A6F3E3011200A614E4011200A6539B
:100A1000E4011200A69BE4011200A6D5E401120035
:100A2000A607E5011200A628E5011200A600800035
:100A30001200A617FA001200A631FA001200A66EE4
:100A4000FB001200A685FC001200A6A3FC00120009
:100A5000A6C1FC001200A640FD001200A615FE0073
:100A60001200A681FE001200A6F4FE001200A64E9F
:100A7000FF001200A63FFD011200A673FD01120047
:100A8000A675FB011200A6D4FB011200A6EEFB0125
:100A90001200A655FC011200A63380001200A67EAB
:100AA00080001200A64B81001200A61D83001200D8
:100AB000A6FE84001200A6AD8C001200A6298E00AE
:100AC0001200A6AD8F001200A66A90001200A622A6
:100AD00091001200A62791001200A6979200120022
:100AE000A6B593001200A6EF95001200A606970087
:100AF0001200A69A97001200A6489A001200A67C3F
:100B00009C001200A605A1001200A68EA5001200EE
:100B1000A6E0A8001200A6A3AC001200A6E9B0004F
:100B20001200A6E5B1001200A6D9B2001200A6F389
:100B3000B3001200A6F8B3001200A6D5B60012004A
:100B4000A6B9BD001200A670BF001200A677C100B2
:100B50001200A65DC2001200A614CB001200A61857
:100B6000CD001200A67BCE001200A6FDCE00120022
:100B7000A665D0001200A60FA4011200A634A4019D
:100B80001200A690A6011200A6F0A8011200A683EA
:100B9000A9011200A6C8A9011200A65AAA011200B2
:100BA000A671AB011200A6D4AB011200A6D8D501E4
:100BB0001200A65BD6011200A67BD6011200A6E4A5
:100BC000D6011200A641D8011200A64FD80112008A
:100BD000A65DD8011200A6EBD9011200A625DB0103
:100BE0001200A6FFB0011200A6D7B1011200A6099B
:100BF000B2011200A681B2011200A6AEB20112002B
:100C0000A61BB3011200A63EB4011200A607B5014F
:100C10001200A6A8B5011200A6EBB5011200A6F6B7
:100C2000B6011200A69EB9011200A686BA011200F2
:100C3000A6F5BA011200A647BC011200A680BD01AC
:100C40001200A60080011200A65080011200A679B1
:100C500080011200A61881011200A67981011200FC
:100C6000A6A281011200A66D82011200A6E28401F3
:100C70001200A64E89011200A6038A011200A639AD
:100C80008A011200A63C8A011200A6F88B0112000C
:100C9000A6EB8D011200A6FD8F011200A6009001A7
:100CA0001200A63590011200A67690011200A6E36C
:100CB00091011200A67D92011200A6D392011200AA
:100CC000A6E792011200A6DA95011200A65BE501E3
:100CD0001200A61CF8011200A65CF8011200A6C6BC
:100CE000F8011200A6F5F8011200A617F90112008A
:100CF000A6D3F9011200A632FA011200A65BFA018E
:100D00001200A67CFA011200A695FA011200A6AE06
:100D1000FA011200A6E4FA011200A6F6FA01120086
:100D2000A622EA011200A662EC011200A604ED015F
:100D30001200A615EE011200A67496011200A6AAD2
:100D400096011200A6D396011200A63F9701120049
:100D5000A6D097011200A69E9A011200A62D9F010F
:100D60001200A637A0011200A658A2011200A66C1C
:100D7000A2011200A679A3011200A68FA3011200FE
:100D8000A642CF011200A676D0011200A68FD00194
:100D90001200A6A8D0011200A6BAD0011200A6CB5C
:100DA000D0011200A6D9D0011200A6F2D001120083
:100DB000A622D1011200A663D1011200A6F0D10132
:100DC0001200A659D2011200A6F9D2011200A66E95
:100DD000D3011200A6C0D3011200A6CCD301120089
:100DE000A6E8D3011200A651D4011200A654D401E2
:100DF0001200A6D6D4011200A643D5011200A6887F
:100E0000D5011200A603F4011200A636F401120067
:100E1000A6DAF5011200A67CC6011200A67AC70167
:100E20001200A6F2C7011200A66BC8011200A68E1E
:100E3000C8011200A6BECA011200A6DBCA01120038
:100E4000A690CC011200A602CF011200A622CF016B
:100E50001200A69ED1001200A6B8D1001200A694DE
:100E6000D2001200A658D4001200A6C8D500120065
:100E7000A611D8001200A653D9001200A6F2E20073
:100E80001200A657E4001200A6C0E5001200A64F0B
:100E9000E6001200A640E8001200A6FDEA001200DB
:100EA000A6B4ED001200A6BFEF001200A6F9EF00F5
:100EB0001200A60AF0001200A61DF1001200A6F909
:100EC000F1001200A62BF2001200A6B1BD01120023
:100ED000A61BBF011200A6A9BF011200A628C001CF
:100EE0001200A66FC0011200A6B5C0011200A6ED47
:100EF000C0011200A67EC1011200A649C201120063
:100F0000A69DC2011200A673C3011200A66CC40103
:100F10001200A693C4011200A6BCC4011200A610C0
:100F2000C5011200A624C5011200A611C6011200B7
:100F3000A628F6011200A69AF6011200A6CEF60126
:100F40001200A6A6F7011200A697EE011200A60F46
:100F5000EF011200A642F0011200A6A5F001120056
:100F6000A6C6F0011200A637DB011200A6D2DD01F1
:100F70001200A68EDE011200A60ADF011200A6D51D
:100F8000DF011200A63CE0011200A6DCFD01120008
:100F9000A6A8FF001200A6B0FD011200A69FFC014A
:100FA0001200A66AF101FFFFFFFFFFFFFFFFFFFF37
:100FB000FFFFFFFFFFFFFFFFFFFFFFFFFFFFFFFF41
:100FC000FFFFFFFFFFFFFFFFFFFFFFFFFFFFFFFF31
:100FD000FFFFFFFFFFFFFFFFFFFFFFFFFFFFFFFF21
:100FE000FFFFFFFFFFFFFFFFFFFFFFFFFFFFFFFF11
:100FF000FFFFFFFFFFFFFFFFFFFFFFFFFFFFFFFF01
:10100000FFFFFFFFFFFFFFFFFFFFFFFFFFFFFFFFF0
:10101000FFFFFFFFFFFFFFFFFFFFFFFFFFFFFFFFE0
:10102000010000020003030006040009010012028F
:10103000001503001804002104002104002104000D
:101040002104002104002104002100000000000010
:1010500000000000000000000000000000302E3101
:10106000563036574E4D574B44520000000000009A
:101070000000000000000000000000302E31564744
:1010800057592D4D2D3131383956000000000000E0
:1010900000150000000029000000003D00000000D5
:1010A00017000000002B000000003F0000000101BD
:1010B000020000020102000003010200000102021E
:1010C000000002020200000302020000000302000E
:1010D00000010302000002030200000303020000FB
:1010E00000040200000104020000020402000003E8
:1010F00004020000000602000001060200000206D1
:101100000200000306020002008002000C008002C0
:10111000000D00800200000107020000020702002B
:10112000000307020000000000000000150000009E
:101130000029000000003D00000000170000000032
:101140002B000000003F000000010102000002012E
:10115000020000030102000001020200000202027C
:10116000000003020200000003020000010302006D
:10117000000203020000030302000000040200005A
:101180000104020000020402000003040200000047
:10119000060200000106020000020602000003062B
:1011A000020002008002000C008002000D0080029C
:1011B000000001070200000207020000030702000E
:1011C00001010004000201000400040101039A531C
:1011D0003330382E393234305F31370001E06670F9
:1011E0001008A3E066700A08A3E066700408A3E094
:1011F0006622E4936670130874019366700C087499
:101200000293667005087403936622C021C3E493B9
:1012100096F5210874019396422108740293964230
:101220002108740393964221A2D265D033E5217040
:1012300001D3D02122C3E7960809E7960809E7966B
:101240000809E79622C3E09608A3E09608A3E09673
:1012500008A3E09622C021C3E096F52108A3E096FA
:10126000422108A3E096422108A3E096452170019F
:10127000D3D02122C021C3E49396F52108740193B1
:10128000964221087402939642210874039396456E
:10129000217001D3D02122080808E630E711121B83
:1012A000981212AF080808C64480C61818182218E9
:1012B0001818E9799EC608CAC608CBC608CCC6C3AA
:1012C00070207996CACBCC7019798ECBCC701379FB
:1012D00086CC700EF9802ACA33CACB33CBCC33CC40
:1012E000331930E7F2CCCBCA3350147004EA30E043
:1012F0000DE4CA3ACACB3BCBCC3CCC500209C3E983
:1013000013C6CC182313C6CB18C6CA18C6F92212A6
:10131000135A30F03912139F803412135A20F014EC
:1013200030E72B74FFFCFBFA747F8022E4FCFBFAAD
:101330007480801AB48008BC00F2BB00EF800F50AC
:10134000EBF9E4C39AFAE49BFBE49CFCE499C6CC79
:1013500018C6CB18C6CA18C6F922E4C9C608CAC638
:1013600008CBC6D3330308CCC63392F0C3947F4076
:101370002E94184019C9B90704CACBCC225025C3F2
:1013800009CA33CACB33CBCC33CC33D9F422F46083
:101390000DC9CCC313CB13CBCA13CAD9F6CC22E4E4
:1013A000FCFBFA2214FCFBFA22E626184618461823
:1013B0004622E72719471947194722181818E6083F
:1013C00046087009E626087005E633F4220822195B
:1013D0001919E70947097009E727097005E733F488
:1013E000220922E6084608C3134608336002E633A2
:1013F000F422E7094709C3134709336002E733F4CE
:10140000221213E3601C1213F260171213A9700763
:101410001213B27001D322C0D01213B27006D0D012
:10142000B322C32233D0D0501430E0F6C3E796087D
:1014300009E7960809E7960809E796B32220E0D560
:10144000E6970809E6970809E6970809E697B322A0
:101450001213E3601B1213F260161213A970071225
:1014600013B2600CB322C0D01213B27005D0D022D8
:10147000C32233D0D0501330E0EBC3E7960809E71E
:10148000960809E7960809E7962220E0E4E697081F
:1014900009E6970809E6970809E69722001213E380
:1014A000604F1213F26012E7548066F61213BB709D
:1014B000111213B2703B090909F4F618F618F61860
:1014C000F6221213CF70151213A908080860EAE675
:1014D000447FF618768018E4F618F6221213A960F5
:1014E000161213B27012E4F608F608F608E65480F5
:1014F000F609090918181822EAC0E0EBC0E0ECC0B0
:10150000E0EDC0E0E687F0A4FBACF008E687F0A4CD
:101510002CFCE435F0FA1809E687F0A42C4B6002A5
:101520007401CA35F0FCE433FB09E687F0D2F7A476
:101530002CCB35F0FC1908E687F0A42BCC35F0FB5A
:10154000E433FD0819E687F0D2E7A42C4ACB35F046
:10155000CD3400FC09E687F0D2E7A42DCC35F0FDB0
:10156000E433FA0918E687F0D2F7A42CCD35F0CA97
:101570003400FC08E687F0D2E7D2F7A42ACC35F095
:101580007A7E20E70B0ACB33CBCD33CDCC33CC33B3
:10159000CB3350147004ED30E00ED2F1E4CD3DCDEC
:1015A000CC3CCC3B5005DA05C2F1EB547FC6330886
:1015B000E63392F0FBE73309E733C39A502D2B70E3
:1015C000190C0D4C4D70151806E608C333700D202C
:1015D000F10AA2F013F6E418800B4024E4F630F090
:1015E00002768018F618F618F68024D33B145010B3
:1015F00074FFA2F013F6187680E418F618F6800F40
:10160000A2F013F618E63303F618ECF618EDF6D050
:10161000E0FDD0E0FCD0E0FBD0E0FA221213F26053
:10162000461213E3603DE9687008F618F618F618DC
:10163000F622748067F7121650090909748067F75B
:10164000221213E3601D1213F27005191919801A82
:101650001213BB701F1213CFC37003E6673319193F
:101660001940071818182208080874FFF618F61809
:10167000F618F6221213CF60171213B2702192F0EF
:101680001213A97019501720F01408080809090945
:10169000E7F61819E7F61819E7F61819E7F622120F
:1016A00013A960E6E869701F0808E62480F608E4DC
:1016B00036F618547FB47F0CE654806007F6E418C1
:1016C000F618F622181822E9C6CC08C6CD08C6CEF0
:1016D00008C6CFC0E0E8C0E0EAC0E0EBC0E009E93E
:1016E000F809E7FA09E7FBE6F918E6F8C3EC98ED24
:1016F00099EE9AEBC2E7F5F0EFC2E795F0500E6075
:101700000CEBCFFBEACEFAE9CDF9E8CCF8EAA2E798
:10171000D2E7FAEB33FB13F5F0EEA2E7D2E7FEEFE8
:1017200033FFC5F013A2E730E601B313C5F0C3C021
:10173000E0C0F07F00C39BFB605E9418600F401D0B
:1017400014601AD0E023F9D0E0F80218228AF0E9F8
:10175000486003D2F0E4AFF0FAF9F8803BEB30E4F4
:101760000D89F0EA6003D2F0E4AFF0F9CAF8EB308B
:10177000E30D88F0EF6002D2F0AFF0E4CAC9F8EBF5
:1017800054076014FBC3EA13FAE913F9E813F8EFFE
:10179000135002D2E0FFDBEDD0E0C0E030E739C308
:1017A000E49FFFF5F0EC98FC42F0ED99FD42F0EE7D
:1017B0009AFE42F0D0E0F9D0E0F8E5F0607AE92353
:1017C000F9EE20E742D8028067C3EF33FFEC33FC29
:1017D000ED33FDEE33FE80EAEC28FCED39FDEE3A08
:1017E000FED0E023F9D0E0F84002801BC3EE13FEE8
:1017F000ED13FDEC13FCEF135002D2E0FF08B8002C
:10180000067F7F74FF802EEF3350178CF020F0029C
:1018100060100CBC000C0DBD00080EBE000408E8F2
:1018200060DFE933E813FFEE2313FE4F4D4C8008D1
:10183000E95480FFE4FEFDFCEE33EF33F47004FC6A
:10184000FD7E80D0E0FBD0E0FAD0E0F8D0E0CFC65B
:1018500018CEC618CDC618CCC6F9221213E37004F0
:10186000181818221213F2700D74FFF61819F618D2
:1018700019F61819F622E7548066F61213A9700FAC
:101880001213B270F014F608F608F608F680D112BA
:1018900013B2700CF608F608768008E6447F80ECF8
:1018A0001213D2700C1213BE60BFE65480F6E480AF
:1018B000BB1213BE700519191980A5E869700C7662
:1018C0003F18768018F618F6E8F922E6CDC0E01841
:1018D000ECC0E0E633CD33CDD313F6E719FCE719BE
:1018E0001933CC33C3947F400ECD9D502408E65469
:1018F00080F6E418F6800FF4043D14501408E64412
:101900007FF6187680E418F618F6D0E0FCD0E0FDFB
:1019100022CCD313CCFD18E4C6CBC0E018E4C6CA71
:10192000C0E00808ED08C633E613F618E433C675C0
:10193000F003C3CA97CA09CB97CB199C40047D0812
:10194000802EBD0003021A0416B6FF05060608160F
:1019500018C3CA33CACB33CB33CA27CA09CB37CB58
:10196000193CC37D08803E187D0820E75CC633C65D
:10197000CA33CACB33CB33DDF1D5F0EB30E77BCACA
:1019800097CA09CB974ACB199C406F4B7025E6202C
:10199000E0218066187D08C3CA97CA09CB97CB1986
:1019A0009CD3C633C6CA33CACB33CB3350C9DDE769
:1019B000D5F0E1D3E4C636C608C636C608C636C674
:1019C00008C636C61818188031C3CA97CA09CB97FB
:1019D000CB199CB34097C633C6CA33CACB33CB337B
:1019E000DD34D5F02EC6A2E0C640C8CA27CA09CB4E
:1019F00037194A70BECB3CB480B90808E63308E614
:101A000033601F181818D0E0FAD0E0FBD0E0FCD00B
:101A1000E0FD22187D08CA27CA09CB37CB193CD371
:101A2000808013F618E4B67F11F618B6FF0EF6188C
:101A3000C60470D20808768080CAF618F618F680B8
:101A4000C5080808EAC0E0EBC0E086F0E7A4FA1891
:101A50000986F0E7A42AFA180986F0E7A42AFA18FA
:101A60000986F0E7A42AFA1986F0E7A4FBE5F02A34
:101A7000FA190886F0E7A42BFBE5F03AFA19088674
:101A8000F0E7A42BFBE5F03AFA18180986F0E7A472
:101A9000C5F02BFBE43AFA1908E7C5F0C6A426F610
:101AA000E5F03BFBE43AFA1886F0E7A4F6E5F00827
:101AB00026F6E43B08F6E43A08F6D0E0FBD0E0FA7C
:101AC00022E4CFC0E0E4CEC0E0E4CDC0E0E4CCC08E
:101AD000E075F020E626F608E633F608E633F60869
:101AE000E633F6181818EC33FCED33FDEE33FEEF59
:101AF00033FFC3EC9709ED9709EE9709EF97191992
:101B000019400FFFEC97FC09ED97FD09EE97FE19C0
:101B10001906D5F0BFECF709EDF709EEF709EFF775
:101B2000191919D0E0FCD0E0FDD0E0FED0E0FF2292
:101B3000121B9B181818121AC1121B871919192287
:101B4000121B87191919080808E618181820E7E069
:101B5000121AC1121B9B18181822090909E7191932
:101B60001920E7DC080808E618181820E703021A0D
:101B7000C1121B9B181818121AC1121B9B18181897
:101B8000121B8719191922E4C397F709E497F7097B
:101B9000E497F709E497F722181818E4C396F608B3
:101BA000E496F608E496F608E496F622C6F4C6082B
:101BB000C6F4C608C6F4C608C6F4C62260160808ED
:101BC00008C6C313C618C613C618C613C618C6134C
:101BD000C6D5E0EA2270090808082260161818180D
:101BE000C6C333C608C633C608C633C608C633C61E
:101BF000D5E0EA22E627F60809E637F60809E637CF
:101C0000F60809E637F622E026F608A3E036F608DD
:101C1000A3E036F608A3E036F622E49326F608742D
:101C2000019336F60874029336F60874039336F679
:101C300022E026F008A3E036F008A3E036F008A37F
:101C4000E036F022C3E697F60809E697F60809E6BB
:101C500097F60809E697F622C3E0C696F608A3E0D1
:101C6000C696F608A3E0C696F608A3E0C696F62246
:101C7000C3E096F008A3E096F008A3E096F008A36E
:101C8000E096F022E49356F60874019356F6087431
:101C9000029356F60874039356F622E056F008A312
:101CA000E056F008A3E056F008A3E056F022E493D3
:101CB00046F60874019346F60874029346F60874D3
:101CC000039346F622E046F008A3E046F008A3E0BE
:101CD00046F008A3E046F022E0F608A3E0F608A3E9
:101CE000E0F608A3E0F622E493F608740193F60800
:101CF000740293F608740393F622E6F008A3E6F064
:101D000008A3E6F008A3E6F022E0FAA3E0FBA3E0D4
:101D1000FCA3E0FD22EAF0A3EBF0A3ECF0A3EDF0CE
:101D200022E0FCA3E0FDA3E0FEA3E0FF22ECF0A391
:101D3000EDF0A3EEF0A3EFF022E0F8A3E0F9A3E0CA
:101D4000FAA3E0FB22E8F0A3E9F0A3EAF0A3EBF0AA
:101D500022CAC0E0E6F0A308DAFAD0E0FA22CAC04C
:101D6000E0E0A3C582CCC582C583CDC583F0A3C501
:101D700082CCC582C583CDC583DAE6D0E0CA22CA4B
:101D8000C0E0E493A3C582CCC582C583CDC583F0F2
:101D9000A3C582CCC582C583CDC583DAE5D0E0CAB0
:101DA00022B90010BB0008E88AF084F8AAF022E407
:101DB000FBC8FA22EB70227B10C833C8C933C93381
:101DC0005007C39AC3DBF280069A50012ADBEAC8A7
:101DD00033F4C8C933F4C9FA2275F008E4C833C82B
:101DE000C933C933C99AC99B5004C92AC93BD5F024
:101DF000ECFBC833F4C8E4C9FA22600D08C6A2E7B8
:101E000013C618C613C6D5E0F322600C08C6C31368
:101E1000C618C613C6D5E0F422700422600D18C699
:101E2000C333C608C633C6D5E0F41822253110AF37
:101E300008F531400C15328008F53140021532D2D8
:101E4000AF2200C0D0253110AF08F531500C05325B
:101E50008008F53150020532D2AFD0D0222531F5BD
:101E60008210AF08F531400C15328008F531400280
:101E70001532D2AF85328322C5822531C582C58312
:101E8000353210AF07F5328582318007F532858211
:101E900031D2AFC583222531F582E43532F5832274
:101EA0002531F8E43532F9222531FAE43532FB22C6
:101EB0002531FCE43532FD22E4732531C582C0E0D2
:101EC000E53234FFC583C0E0E531C3958224F810C4
:101ED000AF088583328582318008858332858231DF
:101EE000D2AFCEF0A3E520F0A37821E608F0A3DE80
:101EF000FAEFF0A3E58124FAF8E608F0A3E608F08B
:101F0000A3E608F0A30808E608F0A3E608F0A31586
:101F1000811581D0E0FED0E0F8158115811581E8AA
:101F2000C0E0EEC0E022853283853182E0A3FEE08E
:101F3000A3F5207821E0A3F608DFFAE0A3FFE0A3F1
:101F4000C0E0E0A3C0E0E0A3C0E0E0A3C0E0E0A305
:101F5000C0E010AF088582318583328008858231E8
:101F6000858332D2AFD083D0820200937404800480
:101F700074028000C0E0F404121E5DD0E0121D5116
:101F8000227404800474028000CCC0E0EDC0E0E55F
:101F900031C39CCCAD3250011D10AF068C318D3257
:101FA00080068C318D32D2AF121D5ED0E0FDD0E0C4
:101FB000FC227404800474028000CCC0E0EDC0E018
:101FC000E531C39CCCAD3250011D10AF068C318D74
:101FD0003280068C318D32D2AF121D7FD0E0FDD021
:101FE000E0FC22D083D082C5F0E493A3C5F0C39572
:101FF000F0F5F0E493A3C395F04005E5F00480010B
:10200000E475F002A42582F582E5F03583F583E4DA
:1020100093A3C0E0E493C0E022D083D082ECC0E080
:10202000EDC0E0E493A3FCE493A3FDED4C600D123E
:102030002065EC24FFFCED34FFFD80EFE493A3FC6E
:10204000E493A3FDED4C600D1220A4EC24FFFCED05
:1020500034FFFD80EFD0E0FDD0E0FCE493A3C0E0CE
:10206000E493C0E022C0E0C3E49396087401939621
:1020700018400FE4936670080874019366187000A6
:102080007019A3A3C3E49396087401939618A3A3AD
:10209000400DD0E0D0E0D0E0022055A3A3A3A3A33D
:1020A000A3D0E022C0E0C0F088F0E4936670080896
:1020B00074019366187000A8F0A3A3700BD0F0D041
:1020C000E0D0E0D0E0022055A3A3D0F0D0E0220081
:1020D0001F0AFA00E1F505640000007102C702C79B
:1020E00082E482F2822C0BE40AF00AFC0A080B1448
:1020F0000B1A0B200B260B320BDE0A380B3E0B445F
:102100000B4A0BF60A500B2C0B620B0E0B2C0B5CC4
:102110000B680B6E0B2C0B2C0B560B020B000000EC
:10212000000004040003000003000100000000049C
:10213000040B04C1160000FF00000000340400136B
:102140000000000000000100000404000300000380
:1021500000010001000004040B04D5160000FF007C
:10216000010000340400131400000000000200000D
:102170000404000300000000010002000004040B3E
:1021800004E9160000FF00020000340400132800D8
:10219000000000000B00000400000200000000012D
:1021A000000B0000040000020000010000000C0011
:1021B000000400000F0000000001000C00000400FB
:1021C000000F0000010000001500000404000300DF
:1021D000000000010015000004040B0300000000D3
:1021E00000001700000404001B000000000100189C
:1021F000000004040B1B0000000000002900000484
:1022000004000300000400010029000004040B0383
:102210000000000000002B00000404001B0000046C
:102220000001002C000004040B1B00000000000053
:102230003D0000040400030000080001003D000010
:1022400004040B030000000000003F000004040031
:102250001B00000800010040000004040B1B0000EC
:1022600000000100FE000004040B1600000000FF47
:1022700000FE00003404001600000000000001020F
:1022800040020000100000000000010102400200B6
:1022900000100000010000020102400200001000D6
:1022A00000020000030102400200001000000300D1
:1022B00000000202400300001000000400000102C0
:1022C000024003000010000005000002020240036B
:1022D000000010000006000003020240030000108E
:1022E0000000070000000302400300001000000887
:1022F000000001030240030000100000090000027A
:102300000302400300001000000A00000303024023
:102310000300001000000B00000004024003000056
:102320001000001100000104024003000010000032
:10233000120000020402400300001000001300001D
:102340000304024003000010000014000000060215
:10235000400200001000000D0000010602400200D3
:10236000001000000E0000020602400200001000F3
:10237000000F0000030602400200001000001000E1
:1023800000010702400300001000001700000207D0
:102390000240030000100000180000030702400381
:1023A000000010000019000200800240020000102E
:1023B00000000C000C00800240020000100000151C
:1023C000000D008002400200001000001600000016
:1023D00011034803000007404500000100110308F5
:1023E0000C0009090B0040450000300348030000C1
:1023F00007404300000100300308320009090A00C9
:102400004043000130034803000007004100000181
:1024100001300308120009090700004100033003DE
:102420004803000007C041000001033003080E000C
:1024300009090800C0410004300348030000078078
:10244000420000010430030810000909090080421D
:10245000000D30034803000007C0450000010D30A7
:1024600003081C0009090C00C04500123003480392
:10247000000007804F000001123003080F0001091F
:102480001600804F0000360348030000074050004C
:102490000001003603081D00090917004050000024
:1024A0003703480300000700470000010037030816
:1024B000140009090D000047010100048004000018
:1024C0000DC001000002010004800300000DC401E2
:1024D0000000050100042002000005800000000645
:1024E00001000480050000050A0201000701000444
:1024F00080050000050F0201000C010004800700A8
:10250000000DC001000001020004C0010000050030
:1025100002020002020004C00100000501020300E3
:1025200003020004C00100000502020400040200CE
:1025300004C0010000050302050005020004C002FA
:102540000000050802060001030004C001000005A8
:10255000E100070002030004C001000005E20008DA
:102560000003030004C001000005E30009000403A8
:102570000004C001000005E4000A0005030004C0D7
:1025800001000005E5000B0008030004C001000085
:1025900005EB001C0001040004000600000500001B
:1025A0001A0002040004000600000506000C0003E7
:1025B00004000400200000050C00000004040004D6
:1025C00020060000052C0000000504000420060081
:1025D0000005320000000604000420060000053853
:1025E0000000000704000420040000054000000073
:1025F000090400044803000006400100000B040029
:1026000004200A0000054F0000000C040004200A0A
:10261000000005590000000D040004201000000512
:10262000630000000E0400040006000005730000B3
:10263000000F040004000B00000544000000010529
:102640000004080200060100000000FF0500040865
:102650000E000001000000000106000480010000DF
:102660000579000D000107000480010000057A00D3
:102670000E000307000480010000057B000F00012D
:102680000800048001000005040210000208000494
:10269000800100000505021100010900048001000D
:1026A000000540021D000209000400010000059918
:1026B0000017000309000400010000059A0017003C
:1026C0000409000400010000059B00170005090033
:1026D0000400010000059C00180006090004000128
:1026E0000000059D001700010A0004800400000599
:1026F00041021D00020A0004C00200000546021D3E
:1027000000030A0004C00200000548021D00040A7C
:102710000004C0020000054A021D00050A0004C0B2
:10272000020000054C021D00010B00040002000025
:1027300005DB001200020B00040002000005DD00B2
:102740001200030B00040002000005DF001200016C
:102750001100048001000005FD001F0004110004A9
:10276000800600000538021B00011200040005006D
:102770000005F1001900021200044001000005F6F6
:10278000001300031200040002000005FB00140007
:10279000041200040804000005F700000001140002
:1027A0000440020000059300150001150004080A0A
:1027B0000000170000000000000104402A00000A89
:1027C0008005010001000104402A00080A8005027A
:1027D0000000000204402A00000AC00701000100B6
:1027E0000204402A00080AC0070200010003044056
:1027F00004003B08400E16000101040400050062BD
:102800000C400A000001020404000500620C400CA8
:10281000000000030404080500001500000000018A
:102820000080042020000005000A0000020080044F
:102830002020000005200A00000300800420200062
:1028400000059E0000000400800420080000052C04
:10285000020000010000050831023B0B01000000EE
:10286000011000050831003B0B01000000010001D0
:1028700005083102020B02000100011001050831B8
:1028800000020B0200010001000205083102010BE9
:102890000300020001100205083100010B030002D1
:1028A0000001000305083102010B040003000110C0
:1028B0000305083100010B040003000100040508B2
:1028C0000D02FD0B06000400010006050831023D63
:1028D0000B05000500011006050831003D0B050041
:1028E00005000000000608000002110000000000C2
:1028F00000010608000002110000010000000206AD
:102900000800000211000002000000030608000099
:10291000021100000300000004060800000211007C
:102920000004000100001D480300091A1400004EB5
:102930000101001D080600091A1400004E010200E2
:102940001D080400091A1400004E0103001D48046C
:1029500000091A1400004E0104001D480400091A61
:102960001400004E0100001E480300091A1500C0A3
:102970004E0101001E080600091A1500C04E010292
:10298000001E080400091A1500C04E0103001E486D
:102990000400091A1500C04E0104001E4804000975
:1029A0001A1500C04E0100004F001B000008D001A6
:1029B0000000000A004F00080000120000000000A4
:1029C00000014F004400000E00000000001D211B0C
:1029D000027C221A03CE231204B824470553280B85
:1029E00006E228051D2329051E6429054FA5290394
:1029F000090200002040017026000020000101278C
:102A00000000200601142800002005010129000013
:102A1000200101040000524FD0011B5300002095FB
:102A200000045400002097000255000020E7000138
:102A300056000020E8000157000020E9000258007D
:102A40000020EB000159000020EC00015A0000209A
:102A5000ED00015B000020EE00015C000020EF00B3
:102A6000015D000020F000015E0000202802015FEF
:102A70000000202902026000002019020164000009
:102A8000201E0201650000201F02016600002020B8
:102A900002016700002021020169000020230201D9
:102AA0006A0000202402046B000020E60001800080
:102AB000002014020181000020150203000202021E
:102AC0000000000101000201000301001B010004DD
:102AD0000100050100062000072000082000092051
:102AE000000A20000B00000C04000D00001500007F
:102AF0000E01000F0100100000130000140000166A
:102B000000001700001800001900001A00001C0047
:102B1000001D04001E00001F00012000022104000F
:102B2000990001359A00411A9B00011B9B00811BF3
:102B30009C0001289D00011CD4000000040102D467
:102B4000000000000102D4000000010102D40000D6
:102B500000020102D3000000040103D300000000C2
:102B60000103D3000000010103D3000000020103B0
:102B7000D0000000040103D0000000000103D000D9
:102B80000000010103D00000000201031D0100004C
:102B9000000202000000000400020000000000002B
:102BA000020000000001000200000000020002D745
:102BB000100000040103D7100000000103D710002B
:102BC00000010103D71000000201031D01000004F1
:102BD00002021D01000008020200000000000002C5
:102BE000000000000100020000000002000200FFDF
:102BF000FFFF00000104000002041100002070002B
:102C0000002000000025005500FE29020000730F7F
:102C1000000000AA00FE0000524FD0010000010099
:102C2000524F0200524F0300524F00FF552055FFF4
:102C300055200100002003000020040000200500B2
:102C4000002006000020000100000700002008000E
:102C50000020090000203000002040110000FFFF8C
:102C600000FFFFFF0000030C0004050C0004DB0064
:102C700000002D010000010000800A00000000118A
:102C80000000FFFFFF7F0000008001000000010A3C
:102C9000000400013003000D3003010100040201B3
:102CA00000040C010004D4000000D3000000D00098
:102CB0000000D710000001040004020400040E0408
:102CC0000004C04D0000C14D000040000040400025
:102CD00040800040C0007040013128313031303137
:102CE00031303130313C0C00C016C116313C00008F
:102CF000350435310300401A441A310200001B0428
:102D00001B310200801B841B313E00001C041C0D83
:102D1000FE0000280428120A00034104410E0A00A4
:102D2000C341C441100A0083428442320A00434333
:102D300044430C0A00434544451C0A00C345C445AE
:102D4000140A0003470447040C00C04DC14D120A89
:102D500000034E044E120A00C34EC44E0F020083FD
:102D60004F844F1D0A0043504450004103C04103AB
:102D7000C04D01804203404308404502C045050064
:102D80004704004E03C04E03804F03405005161207
:102D90000000790F0000710F0000400F0000E02ECE
:102DA0000C0110270A01401F080188130501B80B08
:102DB0000301D0070201E80301010019400A800C59
:102DC000200A6009180A4006100AB0040C0A200301
:102DD000080AF401050A9001040AC800020A640006
:102DE000010A4001000000040000AE01000079006B
:102DF0000000C011000080140000F10B090C210C30
:102E0000ED0B050C1D0CE90B010C190CF800000072
:102E100045C758000000000000008000C800000006
:102E2000A9ECFFFF6300000094110000C1E8FFFF60
:102E30006519000010270000E80300009009000059
:102E400080FBFFFFA100000080F8FFFF01010000F0
:102E50000300000000050000000000100C2F00001F
:102E6000D0070000DC010000E2010000FF00FBFFD2
:102E7000D962040108000000580000006000000052
:102E8000C000000001001800000800003E3E08409D
:102E9000003E7C0880003EBA08C0003E8C0900025B
:102EA0003E201000082A201040082A201080082AFE
:102EB0002010C0082A201000092A201040092A20CA
:102EC0001080092A2010C0092A4A10000A206A101E
:102ED000200A201F020000003172AA090908080711
:102EE00007050504040303020201010E060C0E0689
:102EF0000A0A0E0E0E0E02080608080B0007050C43
:102F00000D0F000F0D0E0F0B070F0E0C005D005F75
:102F10000004005C005E005B005A0059006400552C
:102F2000005800540056000000370014001C002414
:102F3000002C004C003C00440053525751500000FC
:102F4000030001000800100018001A00020003002E
:102F500007003300320031003000340064003500D7
:102F600036000600050001000000000031080000E6
:102F70003110000031200000310000003408000052
:102F80003410000034200000340000003608000037
:102F9000361000003620000036000000290800002E
:102FA0002910000029200000290000002A08000044
:102FB0002A1000002A2000002A0000002E0800002D
:102FC0002E1000002E2000002E00000090080000AF
:102FD00090100000902000005008000050100000E9
:102FE0005020000000020000000400000008000063
:102FF000001000000020000000000000010001009F
:1030000000020002000003000300000400040000AE
:103010000500000100060001010007000201000890
:103020000003010009000401000A000002000B0077
:103030000102000C000202000D000302000E000459
:1030400002000F0100000010010100001101020048
:10305000001201030000130104000014010001002C
:1030600015010101001601020100170103010018FA
:103070000104010019010002001A010102001B01F4
:103080000202001C010302001D010402001E0200D6
:1030900000001F02010000200202000021020300C4
:1030A00000220204000023020001002402010100AA
:1030B0002502020100260203010027020401002864
:1030C0000200020029020102002A020202002B0271
:1030D0000302002C020402002D030000002E030155
:1030E00000002F030200003003030000310304003E
:1030F0000032030001003303010100340302010028
:1031000035030301003603040100370300020038D1
:103110000301020039030202003A030302003B03E9
:103120000402003C00000C003D01000C003E0000C9
:10313000150055000029005600003D0057010015FC
:103140000058010029005901003D005A02001500F5
:103150005B020029005C02003D005D000003006886
:10316000000017006900002B006A00003F006B019F
:103170000100043F02010004400104000441020474
:103180000004430E040004450904000447010B0039
:103190000448020B000449030B00044A0001010229
:1031A0004B000201025E000301025F000102024CBB
:1031B00000020202600003020261000003024D00EF
:1031C00001030262000203026300030302640000C1
:1031D00006024E00010602650002060266000306B2
:1031E0000267000107026C000207026D000307027C
:1031F0006E000004026F00010402700002040271FC
:103200000003040272080080025002008002500C89
:10321000008002730D00800274000000040043046B
:10322000004304004304004304004304004304003B
:1032300043040043040043040043040043040043E8
:103240000400430400430400430801430801430809
:1032500001430801430801430801430801430801F1
:10326000430801430801430801430801430801439F
:103270000801430801430C02430C02430C02430CB7
:1032800002430C02430C02430C02430C02430C02A7
:10329000430C02430C02430C02430C02430C024356
:1032A0000C02430B03430C03430D03430E03430F74
:1032B00003432C03432D03432E03432F03433003C7
:1032C000433103433203433303433403433503435E
:1032D0000100430B01431F00011F00020000130007
:1032E0000000000013000000200013200000000078
:1032F0008000000B00000B00000B1C008E19008FDB
:1033000000008600008700000021008800001200F5
:1033100000020000120000110100430200430300FC
:10332000430500430600430700430900430A0043E6
:103330000B00431D008E1E008E1A008F1B008F2174
:103340000086220086230086210087220087230032
:103350008704004D01004D02004D03004D21008403
:1033600022008423008400008C21008C22008C2306
:10337000008C2200882300880100300351010430B2
:1033800003530000400260030100000480000200BB
:103390008000000240024000000205000600030415
:1033A00084000000000000000000FFF7FFFF00089D
:1033B00000000105000040000000BFFFFFFF80008B
:1033C00000007FFFFFFFFFFEFFFF21000000FEFF68
:1033D000FFFF02000000FDFFFFFF04000000FBFFF5
:1033E000FFFF00200000FFDFFFFF00100000FFEFE5
:1033F000FFFF00400000E3000000FFFF7FFFE4004C
:103400000000FF7F00000000E00010789D04EC2920
:103410000600290A000061F9FFFFB103000011A2B4
:103420000A12A20A14A20A13960A159C0A08D20AC2
:1034300016D80A17C00A18BA0A1AC60A1BCC0A1DDF
:10344000EA0A01A80A02AE0AFFFFFFFF8001070196
:10345000FF00FD00F600F800FB000204000000047D
:10346000080040052C0040052C0040052CABF84915
:103470004000002041C046EE4400007A440000C0F5
:103480003F00C0FAC30080FFCE00000044337F98A5
:10349000450000C84B000040400000964400590021
:1034A00059002301310112009900060006020306AB
:1034B0000104060205000305001F1C1F1E1F1E1F1E
:1034C0001F1E0000000000001F1E1F00001F003B09
:1034D000005A0078009700B500D400F300110130C5
:1034E000014E01100E000080510100C0010000805B
:1034F00004000001020408102040800100000002C6
:10350000000000040000000800000010000000207F
:1035100000000040000000800000000001000000EA
:10352000020000000400000008000000100000007D
:1035300020000000400000008000000000010000AA
:10354000000200000004000000080000001000005D
:10355000002000000040000000800000000001008A
:10356000000002000000040000000800000010003D
:1035700000002000000040000000801800000080D3
:1035800096184B83F9223F01FC7F470000803E00E4
:10359000008040FBD71E39652699BB5834A33DE116
:1035A0005D25BFDB0FC93FC0D075D010D0D032C071
:1035B000E0C0D075D018C082C083758C55758A560E
:1035C000900D16E0600BE014F0E0700553A67FC28A
:1035D0008CD083D082D0D0D0E032C0D075D010D083
:1035E000D032C0E0C0D075D018C082C083758D5570
:1035F000758B56900D14E0600BE014F0E0700553ED
:10360000A6F7C28ED083D082D0D0D0E032C0E0C046
:10361000D075D010C021C022C023C024C082C08376
:10362000C0F0C2CF75CDAA75CCAB900D11E064018E
:103630007006900D12E004F0900D12E0642D701EE3
:10364000900E09E004F0E0940B401F900E0AE07029
:1036500019900E09E4F0900D06E04410800BE09400
:10366000334007900D06E054EFF0900D12E0C39444
:103670004050030236FEE4F0900D03E0F8A3E0F9B9
:10368000E849707A900CC9E07074900D037401F0F1
:10369000A3E4F0900D06E04401F0900CC67401F034
:1036A0007521ED7522107821121F70900DED782193
:1036B000121CD8A37821121C07A37821121C07AA78
:1036C00021AB22AC23AD24120CB27402121E42753F
:1036D00021EE7522107821121F70900DF9782112B9
:1036E0001CD8A37821121C07A37821121C07AA2139
:1036F000AB22AC23AD24120CB27402121E42120F84
:103700004C120F34120CD6120A90900652E060034D
:10371000E014F0900D10E004F0E0C394644009E47C
:10372000F0900D07E0D2E0F0900CC5E06003E014EB
:10373000F0120E02900CCEE004F0D0F0D083D082D4
:10374000D024D023D022D021D0D0D0E032C0D07528
:10375000D010A2C05002C2C0A2C15002C2C1D0D07B
:1037600032C0E0C0D075D018C021C082C083C0F084
:10377000902840E0F521902843E05221E521A2E77E
:103780005029902840E0C2E7F043A608758D557592
:103790008B56D28E900D15E0900D1460047402804B
:1037A000027404F07A007903120C5EE521A2E45061
:1037B00007902840E0C2E4F0E521A2E550079028F8
:1037C00040E0C2E5F0E521A2E25011902840E0C2BD
:1037D000E2F0902836E0C2E1F0120F5EE521A2E3AC
:1037E0005011902836E0C2E0F0902840E0C2E3F0AB
:1037F000120F52E521A2E05011902826E0C2E1F01C
:10380000902840E0C2E0F0120F40E521A2E1501103
:10381000902826E0C2E0F0902840E0C2E1F0120FCC
:103820003A5391EFD0F0D083D082D021D0D0D0E0E5
:1038300032C0E0C0D075D018C021C082C083C0F0B3
:10384000902848E0F52190284BE05221E521A2E79D
:103850005029902848E0C2E7F043A680758C557542
:103860008A56D28C900D17E0900D16600474028079
:10387000027404F07A017903120C5EE521A2E6508D
:1038800007902848E0C2E6F0E521A2E2500E902819
:103890003EE0C2E1F0902848E0C2E2F0E521A2E378
:1038A000500E90283EE0C2E0F0902848E0C2E3F0DD
:1038B000E521A2E45007902848E0C2E4F0E521A207
:1038C000E5501590284BE0C2E5F0902838E0C2E0C2
:1038D000F0902848E0C2E5F0E521A2E0500E9028E3
:1038E0002EE0C2E1F0902848E0C2E0F0E521A2E13C
:1038F000500E90282EE0C2E0F0902848E0C2E1F09F
:103900005391DFD0F0D083D082D021D0D0D0E0321C
:10391000C0E0C0D075D010C082C083E591A2E6504F
:1039200018902850E0A2E25004E0C2E2F0E0A2E3E6
:103930005004E0C2E3F05391BFD083D082D0D0D006
:10394000E032C0D075D010D0D032C0D075D010D0F9
:10395000D032E5A1A2E0404BE5A1A2E25009120F4E
:1039600076E960EE120DEAE5A1A2E35006120F7CA3
:10397000E960DF120DBA120C04120F82120DCC1284
:103980000DDE120DD2120DD8900B55E0645060047C
:10399000790280069011CBE493F9120DA8120DF074
:1039A000E960AFC286C285120DBA7903120DB4E97F
:1039B00060A07E0080109011CBE493F9120DA81244
:1039C0000DF0E9608D0EEEC39414503475CEA575DC
:1039D000CF5A75CEA575CF5A79BB120DA279BB12FD
:1039E0000DA2E5A1A2E040DD120DCC120DDE120DFC
:1039F000D2120DD8900B55E0645060BA790280BCA9
:103A0000C2AF120DAE120D0675CEA575CF5A120FAC
:103A10006475CEA575CF5A120E5075CEA575CF5AC6
:103A2000120D3675CEA575CF5A120DC075CEA5757F
:103A3000CF5AD2AF120E56120C4C75CEA575CF5A76
:103A400075CEA575CF5A120E9E900D05E0F8A3E035
:103A5000F9E8496005120F6A8025900D07E06005BE
:103A6000120F70801A900D09E0F8A3E0F9E84960A0
:103A700005120B928009900D08E06003120CE29091
:103A80000E07E064AA7004A3E0645570AD023952D9
:103A9000FFFFFFFFFFFFFFFFFFFFFFFFFFFFFFFF36
:103AA000FFFFFFFFFFFFFFFFFFFFFFFFFFFFFFFF26
:103AB000FFFFFFFFFFFFFFFFFFFFFFFFFFFFFFFF16
:103AC000FFFFFFFFFFFFFFFFFFFFFFFFFFFFFFFF06
:103AD000FFFFFFFFFFFFFFFFFFFFFFFFFFFFFFFFF6
:103AE000FFFFFFFFFFFFFFFFFFFFFFFFFFFFFFFFE6
:103AF000FFFFFFFFFFFFFFFFFFFFFFFFFFFFFFFFD6
:103B0000FFFFFFFFFFFFFFFFFFFFFFFFFFFFFFFFC5
:103B1000FFFFFFFFFFFFFFFFFFFFFFFFFFFFFFFFB5
:103B2000FFFFFFFFFFFFFFFFFFFFFFFFFFFFFFFFA5
:103B3000FFFFFFFFFFFFFFFFFFFFFFFFFFFFFFFF95
:103B4000FFFFFFFFFFFFFFFFFFFFFFFFFFFFFFFF85
:103B5000FFFFFFFFFFFFFFFFFFFFFFFFFFFFFFFF75
:103B6000FFFFFFFFFFFFFFFFFFFFFFFFFFFFFFFF65
:103B7000FFFFFFFFFFFFFFFFFFFFFFFFFFFFFFFF55
:103B8000FFFFFFFFFFFFFFFFFFFFFFFFFFFFFFFF45
:103B9000FFFFFFFFFFFFFFFFFFFFFFFFFFFFFFFF35
:103BA000FFFFFFFFFFFFFFFFFFFFFFFFFFFFFFFF25
:103BB000FFFFFFFFFFFFFFFFFFFFFFFFFFFFFFFF15
:103BC000FFFFFFFFFFFFFFFFFFFFFFFFFFFFFFFF05
:103BD000FFFFFFFFFFFFFFFFFFFFFFFFFFFFFFFFF5
:103BE000FFFFFFFFFFFFFFFFFFFFFFFFFFFFFFFFE5
:103BF000FFFFFFFFFFFFFFFFFFFFFFFFFFFFFFFFD5
:103C0000FFFFFFFFFFFFFFFFFFFFFFFFFFFFFFFFC4
:103C1000FFFFFFFFFFFFFFFFFFFFFFFFFFFFFFFFB4
:103C2000FFFFFFFFFFFFFFFFFFFFFFFFFFFFFFFFA4
:103C3000FFFFFFFFFFFFFFFFFFFFFFFFFFFFFFFF94
:103C4000FFFFFFFFFFFFFFFFFFFFFFFFFFFFFFFF84
:103C5000FFFFFFFFFFFFFFFFFFFFFFFFFFFFFFFF74
:103C6000FFFFFFFFFFFFFFFFFFFFFFFFFFFFFFFF64
:103C7000FFFFFFFFFFFFFFFFFFFFFFFFFFFFFFFF54
:103C8000FFFFFFFFFFFFFFFFFFFFFFFFFFFFFFFF44
:103C9000FFFFFFFFFFFFFFFFFFFFFFFFFFFFFFFF34
:103CA000FFFFFFFFFFFFFFFFFFFFFFFFFFFFFFFF24
:103CB000FFFFFFFFFFFFFFFFFFFFFFFFFFFFFFFF14
:103CC000FFFFFFFFFFFFFFFFFFFFFFFFFFFFFFFF04
:103CD000FFFFFFFFFFFFFFFFFFFFFFFFFFFFFFFFF4
:103CE000FFFFFFFFFFFFFFFFFFFFFFFFFFFFFFFFE4
:103CF000FFFFFFFFFFFFFFFFFFFFFFFFFFFFFFFFD4
:103D0000FFFFFFFFFFFFFFFFFFFFFFFFFFFFFFFFC3
:103D1000FFFFFFFFFFFFFFFFFFFFFFFFFFFFFFFFB3
:103D2000FFFFFFFFFFFFFFFFFFFFFFFFFFFFFFFFA3
:103D3000FFFFFFFFFFFFFFFFFFFFFFFFFFFFFFFF93
:103D4000FFFFFFFFFFFFFFFFFFFFFFFFFFFFFFFF83
:103D5000FFFFFFFFFFFFFFFFFFFFFFFFFFFFFFFF73
:103D6000FFFFFFFFFFFFFFFFFFFFFFFFFFFFFFFF63
:103D7000FFFFFFFFFFFFFFFFFFFFFFFFFFFFFFFF53
:103D8000FFFFFFFFFFFFFFFFFFFFFFFFFFFFFFFF43
:103D9000FFFFFFFFFFFFFFFFFFFFFFFFFFFFFFFF33
:103DA000FFFFFFFFFFFFFFFFFFFFFFFFFFFFFFFF23
:103DB000FFFFFFFFFFFFFFFFFFFFFFFFFFFFFFFF13
:103DC000FFFFFFFFFFFFFFFFFFFFFFFFFFFFFFFF03
:103DD000FFFFFFFFFFFFFFFFFFFFFFFFFFFFFFFFF3
:103DE000FFFFFFFFFFFFFFFFFFFFFFFFFFFFFFFFE3
:103DF000FFFFFFFFFFFFFFFFFFFFFFFFFFFFFFFFD3
:103E0000FFFFFFFFFFFFFFFFFFFFFFFFFFFFFFFFC2
:103E1000FFFFFFFFFFFFFFFFFFFFFFFFFFFFFFFFB2
:103E2000FFFFFFFFFFFFFFFFFFFFFFFFFFFFFFFFA2
:103E3000FFFFFFFFFFFFFFFFFFFFFFFFFFFFFFFF92
:103E4000FFFFFFFFFFFFFFFFFFFFFFFFFFFFFFFF82
:103E5000FFFFFFFFFFFFFFFFFFFFFFFFFFFFFFFF72
:103E6000FFFFFFFFFFFFFFFFFFFFFFFFFFFFFFFF62
:103E7000FFFFFFFFFFFFFFFFFFFFFFFFFFFFFFFF52
:103E8000FFFFFFFFFFFFFFFFFFFFFFFFFFFFFFFF42
:103E9000FFFFFFFFFFFFFFFFFFFFFFFFFFFFFFFF32
:103EA000FFFFFFFFFFFFFFFFFFFFFFFFFFFFFFFF22
:103EB000FFFFFFFFFFFFFFFFFFFFFFFFFFFFFFFF12
:103EC000FFFFFFFFFFFFFFFFFFFFFFFFFFFFFFFF02
:103ED000FFFFFFFFFFFFFFFFFFFFFFFFFFFFFFFFF2
:103EE000FFFFFFFFFFFFFFFFFFFFFFFFFFFFFFFFE2
:103EF000FFFFFFFFFFFFFFFFFFFFFFFFFFFFFFFFD2
:103F0000FFFFFFFFFFFFFFFFFFFFFFFFFFFFFFFFC1
:103F1000FFFFFFFFFFFFFFFFFFFFFFFFFFFFFFFFB1
:103F2000FFFFFFFFFFFFFFFFFFFFFFFFFFFFFFFFA1
:103F3000FFFFFFFFFFFFFFFFFFFFFFFFFFFFFFFF91
:103F4000FFFFFFFFFFFFFFFFFFFFFFFFFFFFFFFF81
:103F5000FFFFFFFFFFFFFFFFFFFFFFFFFFFFFFFF71
:103F6000FFFFFFFFFFFFFFFFFFFFFFFFFFFFFFFF61
:103F7000FFFFFFFFFFFFFFFFFFFFFFFFFFFFFFFF51
:103F8000FFFFFFFFFFFFFFFFFFFFFFFFFFFFFFFF41
:103F9000FFFFFFFFFFFFFFFFFFFFFFFFFFFFFFFF31
:103FA000FFFFFFFFFFFFFFFFFFFFFFFFFFFFFFFF21
:103FB000FFFFFFFFFFFFFFFFFFFFFFFFFFFFFFFF11
:103FC000FFFFFFFFFFFFFFFFFFFFFFFFFFFFFFFF01
:103FD000FFFFFFFFFFFFFFFFFFFFFFFFFFFFFFFFF1
:103FE000FFFFFFFFFFFFFFFFFFFFFFFFFFFFFFFFE1
:103FF000FFFFFFFFFFFFFFFFFFFFFFFFFFFFFFFFD1
:10400000FFFFFFFFFFFFFFFFFFFFFFFFFFFFFFFFC0
:10401000FFFFFFFFFFFFFFFFFFFFFFFFFFFFFFFFB0
:10402000FFFFFFFFFFFFFFFFFFFFFFFFFFFFFFFFA0
:10403000FFFFFFFFFFFFFFFFFFFFFFFFFFFFFFFF90
:10404000FFFFFFFFFFFFFFFFFFFFFFFFFFFFFFFF80
:10405000FFFFFFFFFFFFFFFFFFFFFFFFFFFFFFFF70
:10406000FFFFFFFFFFFFFFFFFFFFFFFFFFFFFFFF60
:10407000FFFFFFFFFFFFFFFFFFFFFFFFFFFFFFFF50
:10408000FFFFFFFFFFFFFFFFFFFFFFFFFFFFFFFF40
:10409000FFFFFFFFFFFFFFFFFFFFFFFFFFFFFFFF30
:1040A000FFFFFFFFFFFFFFFFFFFFFFFFFFFFFFFF20
:1040B000FFFFFFFFFFFFFFFFFFFFFFFFFFFFFFFF10
:1040C000FFFFFFFFFFFFFFFFFFFFFFFFFFFFFFFF00
:1040D000FFFFFFFFFFFFFFFFFFFFFFFFFFFFFFFFF0
:1040E000FFFFFFFFFFFFFFFFFFFFFFFFFFFFFFFFE0
:1040F000FFFFFFFFFFFFFFFFFFFFFFFFFFFFFFFFD0
:10410000FFFFFFFFFFFFFFFFFFFFFFFFFFFFFFFFBF
:10411000FFFFFFFFFFFFFFFFFFFFFFFFFFFFFFFFAF
:10412000FFFFFFFFFFFFFFFFFFFFFFFFFFFFFFFF9F
:10413000FFFFFFFFFFFFFFFFFFFFFFFFFFFFFFFF8F
:10414000FFFFFFFFFFFFFFFFFFFFFFFFFFFFFFFF7F
:10415000FFFFFFFFFFFFFFFFFFFFFFFFFFFFFFFF6F
:10416000FFFFFFFFFFFFFFFFFFFFFFFFFFFFFFFF5F
:10417000FFFFFFFFFFFFFFFFFFFFFFFFFFFFFFFF4F
:10418000FFFFFFFFFFFFFFFFFFFFFFFFFFFFFFFF3F
:10419000FFFFFFFFFFFFFFFFFFFFFFFFFFFFFFFF2F
:1041A000FFFFFFFFFFFFFFFFFFFFFFFFFFFFFFFF1F
:1041B000FFFFFFFFFFFFFFFFFFFFFFFFFFFFFFFF0F
:1041C000FFFFFFFFFFFFFFFFFFFFFFFFFFFFFFFFFF
:1041D000FFFFFFFFFFFFFFFFFFFFFFFFFFFFFFFFEF
:1041E000FFFFFFFFFFFFFFFFFFFFFFFFFFFFFFFFDF
:1041F000FFFFFFFFFFFFFFFFFFFFFFFFFFFFFFFFCF
:10420000FFFFFFFFFFFFFFFFFFFFFFFFFFFFFFFFBE
:10421000FFFFFFFFFFFFFFFFFFFFFFFFFFFFFFFFAE
:10422000FFFFFFFFFFFFFFFFFFFFFFFFFFFFFFFF9E
:10423000FFFFFFFFFFFFFFFFFFFFFFFFFFFFFFFF8E
:10424000FFFFFFFFFFFFFFFFFFFFFFFFFFFFFFFF7E
:10425000FFFFFFFFFFFFFFFFFFFFFFFFFFFFFFFF6E
:10426000FFFFFFFFFFFFFFFFFFFFFFFFFFFFFFFF5E
:10427000FFFFFFFFFFFFFFFFFFFFFFFFFFFFFFFF4E
:10428000FFFFFFFFFFFFFFFFFFFFFFFFFFFFFFFF3E
:10429000FFFFFFFFFFFFFFFFFFFFFFFFFFFFFFFF2E
:1042A000FFFFFFFFFFFFFFFFFFFFFFFFFFFFFFFF1E
:1042B000FFFFFFFFFFFFFFFFFFFFFFFFFFFFFFFF0E
:1042C000FFFFFFFFFFFFFFFFFFFFFFFFFFFFFFFFFE
:1042D000FFFFFFFFFFFFFFFFFFFFFFFFFFFFFFFFEE
:1042E000FFFFFFFFFFFFFFFFFFFFFFFFFFFFFFFFDE
:1042F000FFFFFFFFFFFFFFFFFFFFFFFFFFFFFFFFCE
:10430000FFFFFFFFFFFFFFFFFFFFFFFFFFFFFFFFBD
:10431000FFFFFFFFFFFFFFFFFFFFFFFFFFFFFFFFAD
:10432000FFFFFFFFFFFFFFFFFFFFFFFFFFFFFFFF9D
:10433000FFFFFFFFFFFFFFFFFFFFFFFFFFFFFFFF8D
:10434000FFFFFFFFFFFFFFFFFFFFFFFFFFFFFFFF7D
:10435000FFFFFFFFFFFFFFFFFFFFFFFFFFFFFFFF6D
:10436000FFFFFFFFFFFFFFFFFFFFFFFFFFFFFFFF5D
:10437000FFFFFFFFFFFFFFFFFFFFFFFFFFFFFFFF4D
:10438000FFFFFFFFFFFFFFFFFFFFFFFFFFFFFFFF3D
:10439000FFFFFFFFFFFFFFFFFFFFFFFFFFFFFFFF2D
:1043A000FFFFFFFFFFFFFFFFFFFFFFFFFFFFFFFF1D
:1043B000FFFFFFFFFFFFFFFFFFFFFFFFFFFFFFFF0D
:1043C000FFFFFFFFFFFFFFFFFFFFFFFFFFFFFFFFFD
:1043D000FFFFFFFFFFFFFFFFFFFFFFFFFFFFFFFFED
:1043E000FFFFFFFFFFFFFFFFFFFFFFFFFFFFFFFFDD
:1043F000FFFFFFFFFFFFFFFFFFFFFFFFFFFFFFFFCD
:10440000FFFFFFFFFFFFFFFFFFFFFFFFFFFFFFFFBC
:10441000FFFFFFFFFFFFFFFFFFFFFFFFFFFFFFFFAC
:10442000FFFFFFFFFFFFFFFFFFFFFFFFFFFFFFFF9C
:10443000FFFFFFFFFFFFFFFFFFFFFFFFFFFFFFFF8C
:10444000FFFFFFFFFFFFFFFFFFFFFFFFFFFFFFFF7C
:10445000FFFFFFFFFFFFFFFFFFFFFFFFFFFFFFFF6C
:10446000FFFFFFFFFFFFFFFFFFFFFFFFFFFFFFFF5C
:10447000FFFFFFFFFFFFFFFFFFFFFFFFFFFFFFFF4C
:10448000FFFFFFFFFFFFFFFFFFFFFFFFFFFFFFFF3C
:10449000FFFFFFFFFFFFFFFFFFFFFFFFFFFFFFFF2C
:1044A000FFFFFFFFFFFFFFFFFFFFFFFFFFFFFFFF1C
:1044B000FFFFFFFFFFFFFFFFFFFFFFFFFFFFFFFF0C
:1044C000FFFFFFFFFFFFFFFFFFFFFFFFFFFFFFFFFC
:1044D000FFFFFFFFFFFFFFFFFFFFFFFFFFFFFFFFEC
:1044E000FFFFFFFFFFFFFFFFFFFFFFFFFFFFFFFFDC
:1044F000FFFFFFFFFFFFFFFFFFFFFFFFFFFFFFFFCC
:10450000FFFFFFFFFFFFFFFFFFFFFFFFFFFFFFFFBB
:10451000FFFFFFFFFFFFFFFFFFFFFFFFFFFFFFFFAB
:10452000FFFFFFFFFFFFFFFFFFFFFFFFFFFFFFFF9B
:10453000FFFFFFFFFFFFFFFFFFFFFFFFFFFFFFFF8B
:10454000FFFFFFFFFFFFFFFFFFFFFFFFFFFFFFFF7B
:10455000FFFFFFFFFFFFFFFFFFFFFFFFFFFFFFFF6B
:10456000FFFFFFFFFFFFFFFFFFFFFFFFFFFFFFFF5B
:10457000FFFFFFFFFFFFFFFFFFFFFFFFFFFFFFFF4B
:10458000FFFFFFFFFFFFFFFFFFFFFFFFFFFFFFFF3B
:10459000FFFFFFFFFFFFFFFFFFFFFFFFFFFFFFFF2B
:1045A000FFFFFFFFFFFFFFFFFFFFFFFFFFFFFFFF1B
:1045B000FFFFFFFFFFFFFFFFFFFFFFFFFFFFFFFF0B
:1045C000FFFFFFFFFFFFFFFFFFFFFFFFFFFFFFFFFB
:1045D000FFFFFFFFFFFFFFFFFFFFFFFFFFFFFFFFEB
:1045E000FFFFFFFFFFFFFFFFFFFFFFFFFFFFFFFFDB
:1045F000FFFFFFFFFFFFFFFFFFFFFFFFFFFFFFFFCB
:10460000FFFFFFFFFFFFFFFFFFFFFFFFFFFFFFFFBA
:10461000FFFFFFFFFFFFFFFFFFFFFFFFFFFFFFFFAA
:10462000FFFFFFFFFFFFFFFFFFFFFFFFFFFFFFFF9A
:10463000FFFFFFFFFFFFFFFFFFFFFFFFFFFFFFFF8A
:10464000FFFFFFFFFFFFFFFFFFFFFFFFFFFFFFFF7A
:10465000FFFFFFFFFFFFFFFFFFFFFFFFFFFFFFFF6A
:10466000FFFFFFFFFFFFFFFFFFFFFFFFFFFFFFFF5A
:10467000FFFFFFFFFFFFFFFFFFFFFFFFFFFFFFFF4A
:10468000FFFFFFFFFFFFFFFFFFFFFFFFFFFFFFFF3A
:10469000FFFFFFFFFFFFFFFFFFFFFFFFFFFFFFFF2A
:1046A000FFFFFFFFFFFFFFFFFFFFFFFFFFFFFFFF1A
:1046B000FFFFFFFFFFFFFFFFFFFFFFFFFFFFFFFF0A
:1046C000FFFFFFFFFFFFFFFFFFFFFFFFFFFFFFFFFA
:1046D000FFFFFFFFFFFFFFFFFFFFFFFFFFFFFFFFEA
:1046E000FFFFFFFFFFFFFFFFFFFFFFFFFFFFFFFFDA
:1046F000FFFFFFFFFFFFFFFFFFFFFFFFFFFFFFFFCA
:10470000FFFFFFFFFFFFFFFFFFFFFFFFFFFFFFFFB9
:10471000FFFFFFFFFFFFFFFFFFFFFFFFFFFFFFFFA9
:10472000FFFFFFFFFFFFFFFFFFFFFFFFFFFFFFFF99
:10473000FFFFFFFFFFFFFFFFFFFFFFFFFFFFFFFF89
:10474000FFFFFFFFFFFFFFFFFFFFFFFFFFFFFFFF79
:10475000FFFFFFFFFFFFFFFFFFFFFFFFFFFFFFFF69
:10476000FFFFFFFFFFFFFFFFFFFFFFFFFFFFFFFF59
:10477000FFFFFFFFFFFFFFFFFFFFFFFFFFFFFFFF49
:10478000FFFFFFFFFFFFFFFFFFFFFFFFFFFFFFFF39
:10479000FFFFFFFFFFFFFFFFFFFFFFFFFFFFFFFF29
:1047A000FFFFFFFFFFFFFFFFFFFFFFFFFFFFFFFF19
:1047B000FFFFFFFFFFFFFFFFFFFFFFFFFFFFFFFF09
:1047C000FFFFFFFFFFFFFFFFFFFFFFFFFFFFFFFFF9
:1047D000FFFFFFFFFFFFFFFFFFFFFFFFFFFFFFFFE9
:1047E000FFFFFFFFFFFFFFFFFFFFFFFFFFFFFFFFD9
:1047F000FFFFFFFFFFFFFFFFFFFFFFFFFFFFFFFFC9
:10480000FFFFFFFFFFFFFFFFFFFFFFFFFFFFFFFFB8
:10481000FFFFFFFFFFFFFFFFFFFFFFFFFFFFFFFFA8
:10482000FFFFFFFFFFFFFFFFFFFFFFFFFFFFFFFF98
:10483000FFFFFFFFFFFFFFFFFFFFFFFFFFFFFFFF88
:10484000FFFFFFFFFFFFFFFFFFFFFFFFFFFFFFFF78
:10485000FFFFFFFFFFFFFFFFFFFFFFFFFFFFFFFF68
:10486000FFFFFFFFFFFFFFFFFFFFFFFFFFFFFFFF58
:10487000FFFFFFFFFFFFFFFFFFFFFFFFFFFFFFFF48
:10488000FFFFFFFFFFFFFFFFFFFFFFFFFFFFFFFF38
:10489000FFFFFFFFFFFFFFFFFFFFFFFFFFFFFFFF28
:1048A000FFFFFFFFFFFFFFFFFFFFFFFFFFFFFFFF18
:1048B000FFFFFFFFFFFFFFFFFFFFFFFFFFFFFFFF08
:1048C000FFFFFFFFFFFFFFFFFFFFFFFFFFFFFFFFF8
:1048D000FFFFFFFFFFFFFFFFFFFFFFFFFFFFFFFFE8
:1048E000FFFFFFFFFFFFFFFFFFFFFFFFFFFFFFFFD8
:1048F000FFFFFFFFFFFFFFFFFFFFFFFFFFFFFFFFC8
:10490000FFFFFFFFFFFFFFFFFFFFFFFFFFFFFFFFB7
:10491000FFFFFFFFFFFFFFFFFFFFFFFFFFFFFFFFA7
:10492000FFFFFFFFFFFFFFFFFFFFFFFFFFFFFFFF97
:10493000FFFFFFFFFFFFFFFFFFFFFFFFFFFFFFFF87
:10494000FFFFFFFFFFFFFFFFFFFFFFFFFFFFFFFF77
:10495000FFFFFFFFFFFFFFFFFFFFFFFFFFFFFFFF67
:10496000FFFFFFFFFFFFFFFFFFFFFFFFFFFFFFFF57
:10497000FFFFFFFFFFFFFFFFFFFFFFFFFFFFFFFF47
:10498000FFFFFFFFFFFFFFFFFFFFFFFFFFFFFFFF37
:10499000FFFFFFFFFFFFFFFFFFFFFFFFFFFFFFFF27
:1049A000FFFFFFFFFFFFFFFFFFFFFFFFFFFFFFFF17
:1049B000FFFFFFFFFFFFFFFFFFFFFFFFFFFFFFFF07
:1049C000FFFFFFFFFFFFFFFFFFFFFFFFFFFFFFFFF7
:1049D000FFFFFFFFFFFFFFFFFFFFFFFFFFFFFFFFE7
:1049E000FFFFFFFFFFFFFFFFFFFFFFFFFFFFFFFFD7
:1049F000FFFFFFFFFFFFFFFFFFFFFFFFFFFFFFFFC7
:104A0000FFFFFFFFFFFFFFFFFFFFFFFFFFFFFFFFB6
:104A1000FFFFFFFFFFFFFFFFFFFFFFFFFFFFFFFFA6
:104A2000FFFFFFFFFFFFFFFFFFFFFFFFFFFFFFFF96
:104A3000FFFFFFFFFFFFFFFFFFFFFFFFFFFFFFFF86
:104A4000FFFFFFFFFFFFFFFFFFFFFFFFFFFFFFFF76
:104A5000FFFFFFFFFFFFFFFFFFFFFFFFFFFFFFFF66
:104A6000FFFFFFFFFFFFFFFFFFFFFFFFFFFFFFFF56
:104A7000FFFFFFFFFFFFFFFFFFFFFFFFFFFFFFFF46
:104A8000FFFFFFFFFFFFFFFFFFFFFFFFFFFFFFFF36
:104A9000FFFFFFFFFFFFFFFFFFFFFFFFFFFFFFFF26
:104AA000FFFFFFFFFFFFFFFFFFFFFFFFFFFFFFFF16
:104AB000FFFFFFFFFFFFFFFFFFFFFFFFFFFFFFFF06
:104AC000FFFFFFFFFFFFFFFFFFFFFFFFFFFFFFFFF6
:104AD000FFFFFFFFFFFFFFFFFFFFFFFFFFFFFFFFE6
:104AE000FFFFFFFFFFFFFFFFFFFFFFFFFFFFFFFFD6
:104AF000FFFFFFFFFFFFFFFFFFFFFFFFFFFFFFFFC6
:104B0000FFFFFFFFFFFFFFFFFFFFFFFFFFFFFFFFB5
:104B1000FFFFFFFFFFFFFFFFFFFFFFFFFFFFFFFFA5
:104B2000FFFFFFFFFFFFFFFFFFFFFFFFFFFFFFFF95
:104B3000FFFFFFFFFFFFFFFFFFFFFFFFFFFFFFFF85
:104B4000FFFFFFFFFFFFFFFFFFFFFFFFFFFFFFFF75
:104B5000FFFFFFFFFFFFFFFFFFFFFFFFFFFFFFFF65
:104B6000FFFFFFFFFFFFFFFFFFFFFFFFFFFFFFFF55
:104B7000FFFFFFFFFFFFFFFFFFFFFFFFFFFFFFFF45
:104B8000FFFFFFFFFFFFFFFFFFFFFFFFFFFFFFFF35
:104B9000FFFFFFFFFFFFFFFFFFFFFFFFFFFFFFFF25
:104BA000FFFFFFFFFFFFFFFFFFFFFFFFFFFFFFFF15
:104BB000FFFFFFFFFFFFFFFFFFFFFFFFFFFFFFFF05
:104BC000FFFFFFFFFFFFFFFFFFFFFFFFFFFFFFFFF5
:104BD000FFFFFFFFFFFFFFFFFFFFFFFFFFFFFFFFE5
:104BE000FFFFFFFFFFFFFFFFFFFFFFFFFFFFFFFFD5
:104BF000FFFFFFFFFFFFFFFFFFFFFFFFFFFFFFFFC5
:104C0000FFFFFFFFFFFFFFFFFFFFFFFFFFFFFFFFB4
:104C1000FFFFFFFFFFFFFFFFFFFFFFFFFFFFFFFFA4
:104C2000FFFFFFFFFFFFFFFFFFFFFFFFFFFFFFFF94
:104C3000FFFFFFFFFFFFFFFFFFFFFFFFFFFFFFFF84
:104C4000FFFFFFFFFFFFFFFFFFFFFFFFFFFFFFFF74
:104C5000FFFFFFFFFFFFFFFFFFFFFFFFFFFFFFFF64
:104C6000FFFFFFFFFFFFFFFFFFFFFFFFFFFFFFFF54
:104C7000FFFFFFFFFFFFFFFFFFFFFFFFFFFFFFFF44
:104C8000FFFFFFFFFFFFFFFFFFFFFFFFFFFFFFFF34
:104C9000FFFFFFFFFFFFFFFFFFFFFFFFFFFFFFFF24
:104CA000FFFFFFFFFFFFFFFFFFFFFFFFFFFFFFFF14
:104CB000FFFFFFFFFFFFFFFFFFFFFFFFFFFFFFFF04
:104CC000FFFFFFFFFFFFFFFFFFFFFFFFFFFFFFFFF4
:104CD000FFFFFFFFFFFFFFFFFFFFFFFFFFFFFFFFE4
:104CE000FFFFFFFFFFFFFFFFFFFFFFFFFFFFFFFFD4
:104CF000FFFFFFFFFFFFFFFFFFFFFFFFFFFFFFFFC4
:104D0000FFFFFFFFFFFFFFFFFFFFFFFFFFFFFFFFB3
:104D1000FFFFFFFFFFFFFFFFFFFFFFFFFFFFFFFFA3
:104D2000FFFFFFFFFFFFFFFFFFFFFFFFFFFFFFFF93
:104D3000FFFFFFFFFFFFFFFFFFFFFFFFFFFFFFFF83
:104D4000FFFFFFFFFFFFFFFFFFFFFFFFFFFFFFFF73
:104D5000FFFFFFFFFFFFFFFFFFFFFFFFFFFFFFFF63
:104D6000FFFFFFFFFFFFFFFFFFFFFFFFFFFFFFFF53
:104D7000FFFFFFFFFFFFFFFFFFFFFFFFFFFFFFFF43
:104D8000FFFFFFFFFFFFFFFFFFFFFFFFFFFFFFFF33
:104D9000FFFFFFFFFFFFFFFFFFFFFFFFFFFFFFFF23
:104DA000FFFFFFFFFFFFFFFFFFFFFFFFFFFFFFFF13
:104DB000FFFFFFFFFFFFFFFFFFFFFFFFFFFFFFFF03
:104DC000FFFFFFFFFFFFFFFFFFFFFFFFFFFFFFFFF3
:104DD000FFFFFFFFFFFFFFFFFFFFFFFFFFFFFFFFE3
:104DE000FFFFFFFFFFFFFFFFFFFFFFFFFFFFFFFFD3
:104DF000FFFFFFFFFFFFFFFFFFFFFFFFFFFFFFFFC3
:104E0000FFFFFFFFFFFFFFFFFFFFFFFFFFFFFFFFB2
:104E1000FFFFFFFFFFFFFFFFFFFFFFFFFFFFFFFFA2
:104E2000FFFFFFFFFFFFFFFFFFFFFFFFFFFFFFFF92
:104E3000FFFFFFFFFFFFFFFFFFFFFFFFFFFFFFFF82
:104E4000FFFFFFFFFFFFFFFFFFFFFFFFFFFFFFFF72
:104E5000FFFFFFFFFFFFFFFFFFFFFFFFFFFFFFFF62
:104E6000FFFFFFFFFFFFFFFFFFFFFFFFFFFFFFFF52
:104E7000FFFFFFFFFFFFFFFFFFFFFFFFFFFFFFFF42
:104E8000FFFFFFFFFFFFFFFFFFFFFFFFFFFFFFFF32
:104E9000FFFFFFFFFFFFFFFFFFFFFFFFFFFFFFFF22
:104EA000FFFFFFFFFFFFFFFFFFFFFFFFFFFFFFFF12
:104EB000FFFFFFFFFFFFFFFFFFFFFFFFFFFFFFFF02
:104EC000FFFFFFFFFFFFFFFFFFFFFFFFFFFFFFFFF2
:104ED000FFFFFFFFFFFFFFFFFFFFFFFFFFFFFFFFE2
:104EE000FFFFFFFFFFFFFFFFFFFFFFFFFFFFFFFFD2
:104EF000FFFFFFFFFFFFFFFFFFFFFFFFFFFFFFFFC2
:104F0000FFFFFFFFFFFFFFFFFFFFFFFFFFFFFFFFB1
:104F1000FFFFFFFFFFFFFFFFFFFFFFFFFFFFFFFFA1
:104F2000FFFFFFFFFFFFFFFFFFFFFFFFFFFFFFFF91
:104F3000FFFFFFFFFFFFFFFFFFFFFFFFFFFFFFFF81
:104F4000FFFFFFFFFFFFFFFFFFFFFFFFFFFFFFFF71
:104F5000FFFFFFFFFFFFFFFFFFFFFFFFFFFFFFFF61
:104F6000FFFFFFFFFFFFFFFFFFFFFFFFFFFFFFFF51
:104F7000FFFFFFFFFFFFFFFFFFFFFFFFFFFFFFFF41
:104F8000FFFFFFFFFFFFFFFFFFFFFFFFFFFFFFFF31
:104F9000FFFFFFFFFFFFFFFFFFFFFFFFFFFFFFFF21
:104FA000FFFFFFFFFFFFFFFFFFFFFFFFFFFFFFFF11
:104FB000FFFFFFFFFFFFFFFFFFFFFFFFFFFFFFFF01
:104FC000FFFFFFFFFFFFFFFFFFFFFFFFFFFFFFFFF1
:104FD000FFFFFFFFFFFFFFFFFFFFFFFFFFFFFFFFE1
:104FE000FFFFFFFFFFFFFFFFFFFFFFFFFFFFFFFFD1
:104FF000FFFFFFFFFFFFFFFFFFFFFFFFFFFFFFFFC1
:10500000FFFFFFFFFFFFFFFFFFFFFFFFFFFFFFFFB0
:10501000FFFFFFFFFFFFFFFFFFFFFFFFFFFFFFFFA0
:10502000FFFFFFFFFFFFFFFFFFFFFFFFFFFFFFFF90
:10503000FFFFFFFFFFFFFFFFFFFFFFFFFFFFFFFF80
:10504000FFFFFFFFFFFFFFFFFFFFFFFFFFFFFFFF70
:10505000FFFFFFFFFFFFFFFFFFFFFFFFFFFFFFFF60
:10506000FFFFFFFFFFFFFFFFFFFFFFFFFFFFFFFF50
:10507000FFFFFFFFFFFFFFFFFFFFFFFFFFFFFFFF40
:10508000FFFFFFFFFFFFFFFFFFFFFFFFFFFFFFFF30
:10509000FFFFFFFFFFFFFFFFFFFFFFFFFFFFFFFF20
:1050A000FFFFFFFFFFFFFFFFFFFFFFFFFFFFFFFF10
:1050B000FFFFFFFFFFFFFFFFFFFFFFFFFFFFFFFF00
:1050C000FFFFFFFFFFFFFFFFFFFFFFFFFFFFFFFFF0
:1050D000FFFFFFFFFFFFFFFFFFFFFFFFFFFFFFFFE0
:1050E000FFFFFFFFFFFFFFFFFFFFFFFFFFFFFFFFD0
:1050F000FFFFFFFFFFFFFFFFFFFFFFFFFFFFFFFFC0
:10510000FFFFFFFFFFFFFFFFFFFFFFFFFFFFFFFFAF
:10511000FFFFFFFFFFFFFFFFFFFFFFFFFFFFFFFF9F
:10512000FFFFFFFFFFFFFFFFFFFFFFFFFFFFFFFF8F
:10513000FFFFFFFFFFFFFFFFFFFFFFFFFFFFFFFF7F
:10514000FFFFFFFFFFFFFFFFFFFFFFFFFFFFFFFF6F
:10515000FFFFFFFFFFFFFFFFFFFFFFFFFFFFFFFF5F
:10516000FFFFFFFFFFFFFFFFFFFFFFFFFFFFFFFF4F
:10517000FFFFFFFFFFFFFFFFFFFFFFFFFFFFFFFF3F
:10518000FFFFFFFFFFFFFFFFFFFFFFFFFFFFFFFF2F
:10519000FFFFFFFFFFFFFFFFFFFFFFFFFFFFFFFF1F
:1051A000FFFFFFFFFFFFFFFFFFFFFFFFFFFFFFFF0F
:1051B000FFFFFFFFFFFFFFFFFFFFFFFFFFFFFFFFFF
:1051C000FFFFFFFFFFFFFFFFFFFFFFFFFFFFFFFFEF
:1051D000FFFFFFFFFFFFFFFFFFFFFFFFFFFFFFFFDF
:1051E000FFFFFFFFFFFFFFFFFFFFFFFFFFFFFFFFCF
:1051F000FFFFFFFFFFFFFFFFFFFFFFFFFFFFFFFFBF
:10520000FFFFFFFFFFFFFFFFFFFFFFFFFFFFFFFFAE
:10521000FFFFFFFFFFFFFFFFFFFFFFFFFFFFFFFF9E
:10522000FFFFFFFFFFFFFFFFFFFFFFFFFFFFFFFF8E
:10523000FFFFFFFFFFFFFFFFFFFFFFFFFFFFFFFF7E
:10524000FFFFFFFFFFFFFFFFFFFFFFFFFFFFFFFF6E
:10525000FFFFFFFFFFFFFFFFFFFFFFFFFFFFFFFF5E
:10526000FFFFFFFFFFFFFFFFFFFFFFFFFFFFFFFF4E
:10527000FFFFFFFFFFFFFFFFFFFFFFFFFFFFFFFF3E
:10528000FFFFFFFFFFFFFFFFFFFFFFFFFFFFFFFF2E
:10529000FFFFFFFFFFFFFFFFFFFFFFFFFFFFFFFF1E
:1052A000FFFFFFFFFFFFFFFFFFFFFFFFFFFFFFFF0E
:1052B000FFFFFFFFFFFFFFFFFFFFFFFFFFFFFFFFFE
:1052C000FFFFFFFFFFFFFFFFFFFFFFFFFFFFFFFFEE
:1052D000FFFFFFFFFFFFFFFFFFFFFFFFFFFFFFFFDE
:1052E000FFFFFFFFFFFFFFFFFFFFFFFFFFFFFFFFCE
:1052F000FFFFFFFFFFFFFFFFFFFFFFFFFFFFFFFFBE
:10530000FFFFFFFFFFFFFFFFFFFFFFFFFFFFFFFFAD
:10531000FFFFFFFFFFFFFFFFFFFFFFFFFFFFFFFF9D
:10532000FFFFFFFFFFFFFFFFFFFFFFFFFFFFFFFF8D
:10533000FFFFFFFFFFFFFFFFFFFFFFFFFFFFFFFF7D
:10534000FFFFFFFFFFFFFFFFFFFFFFFFFFFFFFFF6D
:10535000FFFFFFFFFFFFFFFFFFFFFFFFFFFFFFFF5D
:10536000FFFFFFFFFFFFFFFFFFFFFFFFFFFFFFFF4D
:10537000FFFFFFFFFFFFFFFFFFFFFFFFFFFFFFFF3D
:10538000FFFFFFFFFFFFFFFFFFFFFFFFFFFFFFFF2D
:10539000FFFFFFFFFFFFFFFFFFFFFFFFFFFFFFFF1D
:1053A000FFFFFFFFFFFFFFFFFFFFFFFFFFFFFFFF0D
:1053B000FFFFFFFFFFFFFFFFFFFFFFFFFFFFFFFFFD
:1053C000FFFFFFFFFFFFFFFFFFFFFFFFFFFFFFFFED
:1053D000FFFFFFFFFFFFFFFFFFFFFFFFFFFFFFFFDD
:1053E000FFFFFFFFFFFFFFFFFFFFFFFFFFFFFFFFCD
:1053F000FFFFFFFFFFFFFFFFFFFFFFFFFFFFFFFFBD
:10540000FFFFFFFFFFFFFFFFFFFFFFFFFFFFFFFFAC
:10541000FFFFFFFFFFFFFFFFFFFFFFFFFFFFFFFF9C
:10542000FFFFFFFFFFFFFFFFFFFFFFFFFFFFFFFF8C
:10543000FFFFFFFFFFFFFFFFFFFFFFFFFFFFFFFF7C
:10544000FFFFFFFFFFFFFFFFFFFFFFFFFFFFFFFF6C
:10545000FFFFFFFFFFFFFFFFFFFFFFFFFFFFFFFF5C
:10546000FFFFFFFFFFFFFFFFFFFFFFFFFFFFFFFF4C
:10547000FFFFFFFFFFFFFFFFFFFFFFFFFFFFFFFF3C
:10548000FFFFFFFFFFFFFFFFFFFFFFFFFFFFFFFF2C
:10549000FFFFFFFFFFFFFFFFFFFFFFFFFFFFFFFF1C
:1054A000FFFFFFFFFFFFFFFFFFFFFFFFFFFFFFFF0C
:1054B000FFFFFFFFFFFFFFFFFFFFFFFFFFFFFFFFFC
:1054C000FFFFFFFFFFFFFFFFFFFFFFFFFFFFFFFFEC
:1054D000FFFFFFFFFFFFFFFFFFFFFFFFFFFFFFFFDC
:1054E000FFFFFFFFFFFFFFFFFFFFFFFFFFFFFFFFCC
:1054F000FFFFFFFFFFFFFFFFFFFFFFFFFFFFFFFFBC
:10550000FFFFFFFFFFFFFFFFFFFFFFFFFFFFFFFFAB
:10551000FFFFFFFFFFFFFFFFFFFFFFFFFFFFFFFF9B
:10552000FFFFFFFFFFFFFFFFFFFFFFFFFFFFFFFF8B
:10553000FFFFFFFFFFFFFFFFFFFFFFFFFFFFFFFF7B
:10554000FFFFFFFFFFFFFFFFFFFFFFFFFFFFFFFF6B
:10555000FFFFFFFFFFFFFFFFFFFFFFFFFFFFFFFF5B
:10556000FFFFFFFFFFFFFFFFFFFFFFFFFFFFFFFF4B
:10557000FFFFFFFFFFFFFFFFFFFFFFFFFFFFFFFF3B
:10558000FFFFFFFFFFFFFFFFFFFFFFFFFFFFFFFF2B
:10559000FFFFFFFFFFFFFFFFFFFFFFFFFFFFFFFF1B
:1055A000FFFFFFFFFFFFFFFFFFFFFFFFFFFFFFFF0B
:1055B000FFFFFFFFFFFFFFFFFFFFFFFFFFFFFFFFFB
:1055C000FFFFFFFFFFFFFFFFFFFFFFFFFFFFFFFFEB
:1055D000FFFFFFFFFFFFFFFFFFFFFFFFFFFFFFFFDB
:1055E000FFFFFFFFFFFFFFFFFFFFFFFFFFFFFFFFCB
:1055F000FFFFFFFFFFFFFFFFFFFFFFFFFFFFFFFFBB
:10560000FFFFFFFFFFFFFFFFFFFFFFFFFFFFFFFFAA
:10561000FFFFFFFFFFFFFFFFFFFFFFFFFFFFFFFF9A
:10562000FFFFFFFFFFFFFFFFFFFFFFFFFFFFFFFF8A
:10563000FFFFFFFFFFFFFFFFFFFFFFFFFFFFFFFF7A
:10564000FFFFFFFFFFFFFFFFFFFFFFFFFFFFFFFF6A
:10565000FFFFFFFFFFFFFFFFFFFFFFFFFFFFFFFF5A
:10566000FFFFFFFFFFFFFFFFFFFFFFFFFFFFFFFF4A
:10567000FFFFFFFFFFFFFFFFFFFFFFFFFFFFFFFF3A
:10568000FFFFFFFFFFFFFFFFFFFFFFFFFFFFFFFF2A
:10569000FFFFFFFFFFFFFFFFFFFFFFFFFFFFFFFF1A
:1056A000FFFFFFFFFFFFFFFFFFFFFFFFFFFFFFFF0A
:1056B000FFFFFFFFFFFFFFFFFFFFFFFFFFFFFFFFFA
:1056C000FFFFFFFFFFFFFFFFFFFFFFFFFFFFFFFFEA
:1056D000FFFFFFFFFFFFFFFFFFFFFFFFFFFFFFFFDA
:1056E000FFFFFFFFFFFFFFFFFFFFFFFFFFFFFFFFCA
:1056F000FFFFFFFFFFFFFFFFFFFFFFFFFFFFFFFFBA
:10570000FFFFFFFFFFFFFFFFFFFFFFFFFFFFFFFFA9
:10571000FFFFFFFFFFFFFFFFFFFFFFFFFFFFFFFF99
:10572000FFFFFFFFFFFFFFFFFFFFFFFFFFFFFFFF89
:10573000FFFFFFFFFFFFFFFFFFFFFFFFFFFFFFFF79
:10574000FFFFFFFFFFFFFFFFFFFFFFFFFFFFFFFF69
:10575000FFFFFFFFFFFFFFFFFFFFFFFFFFFFFFFF59
:10576000FFFFFFFFFFFFFFFFFFFFFFFFFFFFFFFF49
:10577000FFFFFFFFFFFFFFFFFFFFFFFFFFFFFFFF39
:10578000FFFFFFFFFFFFFFFFFFFFFFFFFFFFFFFF29
:10579000FFFFFFFFFFFFFFFFFFFFFFFFFFFFFFFF19
:1057A000FFFFFFFFFFFFFFFFFFFFFFFFFFFFFFFF09
:1057B000FFFFFFFFFFFFFFFFFFFFFFFFFFFFFFFFF9
:1057C000FFFFFFFFFFFFFFFFFFFFFFFFFFFFFFFFE9
:1057D000FFFFFFFFFFFFFFFFFFFFFFFFFFFFFFFFD9
:1057E000FFFFFFFFFFFFFFFFFFFFFFFFFFFFFFFFC9
:1057F000FFFFFFFFFFFFFFFFFFFFFFFFFFFFFFFFB9
:10580000FFFFFFFFFFFFFFFFFFFFFFFFFFFFFFFFA8
:10581000FFFFFFFFFFFFFFFFFFFFFFFFFFFFFFFF98
:10582000FFFFFFFFFFFFFFFFFFFFFFFFFFFFFFFF88
:10583000FFFFFFFFFFFFFFFFFFFFFFFFFFFFFFFF78
:10584000FFFFFFFFFFFFFFFFFFFFFFFFFFFFFFFF68
:10585000FFFFFFFFFFFFFFFFFFFFFFFFFFFFFFFF58
:10586000FFFFFFFFFFFFFFFFFFFFFFFFFFFFFFFF48
:10587000FFFFFFFFFFFFFFFFFFFFFFFFFFFFFFFF38
:10588000FFFFFFFFFFFFFFFFFFFFFFFFFFFFFFFF28
:10589000FFFFFFFFFFFFFFFFFFFFFFFFFFFFFFFF18
:1058A000FFFFFFFFFFFFFFFFFFFFFFFFFFFFFFFF08
:1058B000FFFFFFFFFFFFFFFFFFFFFFFFFFFFFFFFF8
:1058C000FFFFFFFFFFFFFFFFFFFFFFFFFFFFFFFFE8
:1058D000FFFFFFFFFFFFFFFFFFFFFFFFFFFFFFFFD8
:1058E000FFFFFFFFFFFFFFFFFFFFFFFFFFFFFFFFC8
:1058F000FFFFFFFFFFFFFFFFFFFFFFFFFFFFFFFFB8
:10590000FFFFFFFFFFFFFFFFFFFFFFFFFFFFFFFFA7
:10591000FFFFFFFFFFFFFFFFFFFFFFFFFFFFFFFF97
:10592000FFFFFFFFFFFFFFFFFFFFFFFFFFFFFFFF87
:10593000FFFFFFFFFFFFFFFFFFFFFFFFFFFFFFFF77
:10594000FFFFFFFFFFFFFFFFFFFFFFFFFFFFFFFF67
:10595000FFFFFFFFFFFFFFFFFFFFFFFFFFFFFFFF57
:10596000FFFFFFFFFFFFFFFFFFFFFFFFFFFFFFFF47
:10597000FFFFFFFFFFFFFFFFFFFFFFFFFFFFFFFF37
:10598000FFFFFFFFFFFFFFFFFFFFFFFFFFFFFFFF27
:10599000FFFFFFFFFFFFFFFFFFFFFFFFFFFFFFFF17
:1059A000FFFFFFFFFFFFFFFFFFFFFFFFFFFFFFFF07
:1059B000FFFFFFFFFFFFFFFFFFFFFFFFFFFFFFFFF7
:1059C000FFFFFFFFFFFFFFFFFFFFFFFFFFFFFFFFE7
:1059D000FFFFFFFFFFFFFFFFFFFFFFFFFFFFFFFFD7
:1059E000FFFFFFFFFFFFFFFFFFFFFFFFFFFFFFFFC7
:1059F000FFFFFFFFFFFFFFFFFFFFFFFFFFFFFFFFB7
:105A0000FFFFFFFFFFFFFFFFFFFFFFFFFFFFFFFFA6
:105A1000FFFFFFFFFFFFFFFFFFFFFFFFFFFFFFFF96
:105A2000FFFFFFFFFFFFFFFFFFFFFFFFFFFFFFFF86
:105A3000FFFFFFFFFFFFFFFFFFFFFFFFFFFFFFFF76
:105A4000FFFFFFFFFFFFFFFFFFFFFFFFFFFFFFFF66
:105A5000FFFFFFFFFFFFFFFFFFFFFFFFFFFFFFFF56
:105A6000FFFFFFFFFFFFFFFFFFFFFFFFFFFFFFFF46
:105A7000FFFFFFFFFFFFFFFFFFFFFFFFFFFFFFFF36
:105A8000FFFFFFFFFFFFFFFFFFFFFFFFFFFFFFFF26
:105A9000FFFFFFFFFFFFFFFFFFFFFFFFFFFFFFFF16
:105AA000FFFFFFFFFFFFFFFFFFFFFFFFFFFFFFFF06
:105AB000FFFFFFFFFFFFFFFFFFFFFFFFFFFFFFFFF6
:105AC000FFFFFFFFFFFFFFFFFFFFFFFFFFFFFFFFE6
:105AD000FFFFFFFFFFFFFFFFFFFFFFFFFFFFFFFFD6
:105AE000FFFFFFFFFFFFFFFFFFFFFFFFFFFFFFFFC6
:105AF000FFFFFFFFFFFFFFFFFFFFFFFFFFFFFFFFB6
:105B0000FFFFFFFFFFFFFFFFFFFFFFFFFFFFFFFFA5
:105B1000FFFFFFFFFFFFFFFFFFFFFFFFFFFFFFFF95
:105B2000FFFFFFFFFFFFFFFFFFFFFFFFFFFFFFFF85
:105B3000FFFFFFFFFFFFFFFFFFFFFFFFFFFFFFFF75
:105B4000FFFFFFFFFFFFFFFFFFFFFFFFFFFFFFFF65
:105B5000FFFFFFFFFFFFFFFFFFFFFFFFFFFFFFFF55
:105B6000FFFFFFFFFFFFFFFFFFFFFFFFFFFFFFFF45
:105B7000FFFFFFFFFFFFFFFFFFFFFFFFFFFFFFFF35
:105B8000FFFFFFFFFFFFFFFFFFFFFFFFFFFFFFFF25
:105B9000FFFFFFFFFFFFFFFFFFFFFFFFFFFFFFFF15
:105BA000FFFFFFFFFFFFFFFFFFFFFFFFFFFFFFFF05
:105BB000FFFFFFFFFFFFFFFFFFFFFFFFFFFFFFFFF5
:105BC000FFFFFFFFFFFFFFFFFFFFFFFFFFFFFFFFE5
:105BD000FFFFFFFFFFFFFFFFFFFFFFFFFFFFFFFFD5
:105BE000FFFFFFFFFFFFFFFFFFFFFFFFFFFFFFFFC5
:105BF000FFFFFFFFFFFFFFFFFFFFFFFFFFFFFFFFB5
:105C0000FFFFFFFFFFFFFFFFFFFFFFFFFFFFFFFFA4
:105C1000FFFFFFFFFFFFFFFFFFFFFFFFFFFFFFFF94
:105C2000FFFFFFFFFFFFFFFFFFFFFFFFFFFFFFFF84
:105C3000FFFFFFFFFFFFFFFFFFFFFFFFFFFFFFFF74
:105C4000FFFFFFFFFFFFFFFFFFFFFFFFFFFFFFFF64
:105C5000FFFFFFFFFFFFFFFFFFFFFFFFFFFFFFFF54
:105C6000FFFFFFFFFFFFFFFFFFFFFFFFFFFFFFFF44
:105C7000FFFFFFFFFFFFFFFFFFFFFFFFFFFFFFFF34
:105C8000FFFFFFFFFFFFFFFFFFFFFFFFFFFFFFFF24
:105C9000FFFFFFFFFFFFFFFFFFFFFFFFFFFFFFFF14
:105CA000FFFFFFFFFFFFFFFFFFFFFFFFFFFFFFFF04
:105CB000FFFFFFFFFFFFFFFFFFFFFFFFFFFFFFFFF4
:105CC000FFFFFFFFFFFFFFFFFFFFFFFFFFFFFFFFE4
:105CD000FFFFFFFFFFFFFFFFFFFFFFFFFFFFFFFFD4
:105CE000FFFFFFFFFFFFFFFFFFFFFFFFFFFFFFFFC4
:105CF000FFFFFFFFFFFFFFFFFFFFFFFFFFFFFFFFB4
:105D0000FFFFFFFFFFFFFFFFFFFFFFFFFFFFFFFFA3
:105D1000FFFFFFFFFFFFFFFFFFFFFFFFFFFFFFFF93
:105D2000FFFFFFFFFFFFFFFFFFFFFFFFFFFFFFFF83
:105D3000FFFFFFFFFFFFFFFFFFFFFFFFFFFFFFFF73
:105D4000FFFFFFFFFFFFFFFFFFFFFFFFFFFFFFFF63
:105D5000FFFFFFFFFFFFFFFFFFFFFFFFFFFFFFFF53
:105D6000FFFFFFFFFFFFFFFFFFFFFFFFFFFFFFFF43
:105D7000FFFFFFFFFFFFFFFFFFFFFFFFFFFFFFFF33
:105D8000FFFFFFFFFFFFFFFFFFFFFFFFFFFFFFFF23
:105D9000FFFFFFFFFFFFFFFFFFFFFFFFFFFFFFFF13
:105DA000FFFFFFFFFFFFFFFFFFFFFFFFFFFFFFFF03
:105DB000FFFFFFFFFFFFFFFFFFFFFFFFFFFFFFFFF3
:105DC000FFFFFFFFFFFFFFFFFFFFFFFFFFFFFFFFE3
:105DD000FFFFFFFFFFFFFFFFFFFFFFFFFFFFFFFFD3
:105DE000FFFFFFFFFFFFFFFFFFFFFFFFFFFFFFFFC3
:105DF000FFFFFFFFFFFFFFFFFFFFFFFFFFFFFFFFB3
:105E0000FFFFFFFFFFFFFFFFFFFFFFFFFFFFFFFFA2
:105E1000FFFFFFFFFFFFFFFFFFFFFFFFFFFFFFFF92
:105E2000FFFFFFFFFFFFFFFFFFFFFFFFFFFFFFFF82
:105E3000FFFFFFFFFFFFFFFFFFFFFFFFFFFFFFFF72
:105E4000FFFFFFFFFFFFFFFFFFFFFFFFFFFFFFFF62
:105E5000FFFFFFFFFFFFFFFFFFFFFFFFFFFFFFFF52
:105E6000FFFFFFFFFFFFFFFFFFFFFFFFFFFFFFFF42
:105E7000FFFFFFFFFFFFFFFFFFFFFFFFFFFFFFFF32
:105E8000FFFFFFFFFFFFFFFFFFFFFFFFFFFFFFFF22
:105E9000FFFFFFFFFFFFFFFFFFFFFFFFFFFFFFFF12
:105EA000FFFFFFFFFFFFFFFFFFFFFFFFFFFFFFFF02
:105EB000FFFFFFFFFFFFFFFFFFFFFFFFFFFFFFFFF2
:105EC000FFFFFFFFFFFFFFFFFFFFFFFFFFFFFFFFE2
:105ED000FFFFFFFFFFFFFFFFFFFFFFFFFFFFFFFFD2
:105EE000FFFFFFFFFFFFFFFFFFFFFFFFFFFFFFFFC2
:105EF000FFFFFFFFFFFFFFFFFFFFFFFFFFFFFFFFB2
:105F0000FFFFFFFFFFFFFFFFFFFFFFFFFFFFFFFFA1
:105F1000FFFFFFFFFFFFFFFFFFFFFFFFFFFFFFFF91
:105F2000FFFFFFFFFFFFFFFFFFFFFFFFFFFFFFFF81
:105F3000FFFFFFFFFFFFFFFFFFFFFFFFFFFFFFFF71
:105F4000FFFFFFFFFFFFFFFFFFFFFFFFFFFFFFFF61
:105F5000FFFFFFFFFFFFFFFFFFFFFFFFFFFFFFFF51
:105F6000FFFFFFFFFFFFFFFFFFFFFFFFFFFFFFFF41
:105F7000FFFFFFFFFFFFFFFFFFFFFFFFFFFFFFFF31
:105F8000FFFFFFFFFFFFFFFFFFFFFFFFFFFFFFFF21
:105F9000FFFFFFFFFFFFFFFFFFFFFFFFFFFFFFFF11
:105FA000FFFFFFFFFFFFFFFFFFFFFFFFFFFFFFFF01
:105FB000FFFFFFFFFFFFFFFFFFFFFFFFFFFFFFFFF1
:105FC000FFFFFFFFFFFFFFFFFFFFFFFFFFFFFFFFE1
:105FD000FFFFFFFFFFFFFFFFFFFFFFFFFFFFFFFFD1
:105FE000FFFFFFFFFFFFFFFFFFFFFFFFFFFFFFFFC1
:105FF000FFFFFFFFFFFFFFFFFFFFFFFFFFFFFFFFB1
:10600000FFFFFFFFFFFFFFFFFFFFFFFFFFFFFFFFA0
:10601000FFFFFFFFFFFFFFFFFFFFFFFFFFFFFFFF90
:10602000FFFFFFFFFFFFFFFFFFFFFFFFFFFFFFFF80
:10603000FFFFFFFFFFFFFFFFFFFFFFFFFFFFFFFF70
:10604000FFFFFFFFFFFFFFFFFFFFFFFFFFFFFFFF60
:10605000FFFFFFFFFFFFFFFFFFFFFFFFFFFFFFFF50
:10606000FFFFFFFFFFFFFFFFFFFFFFFFFFFFFFFF40
:10607000FFFFFFFFFFFFFFFFFFFFFFFFFFFFFFFF30
:10608000FFFFFFFFFFFFFFFFFFFFFFFFFFFFFFFF20
:10609000FFFFFFFFFFFFFFFFFFFFFFFFFFFFFFFF10
:1060A000FFFFFFFFFFFFFFFFFFFFFFFFFFFFFFFF00
:1060B000FFFFFFFFFFFFFFFFFFFFFFFFFFFFFFFFF0
:1060C000FFFFFFFFFFFFFFFFFFFFFFFFFFFFFFFFE0
:1060D000FFFFFFFFFFFFFFFFFFFFFFFFFFFFFFFFD0
:1060E000FFFFFFFFFFFFFFFFFFFFFFFFFFFFFFFFC0
:1060F000FFFFFFFFFFFFFFFFFFFFFFFFFFFFFFFFB0
:10610000FFFFFFFFFFFFFFFFFFFFFFFFFFFFFFFF9F
:10611000FFFFFFFFFFFFFFFFFFFFFFFFFFFFFFFF8F
:10612000FFFFFFFFFFFFFFFFFFFFFFFFFFFFFFFF7F
:10613000FFFFFFFFFFFFFFFFFFFFFFFFFFFFFFFF6F
:10614000FFFFFFFFFFFFFFFFFFFFFFFFFFFFFFFF5F
:10615000FFFFFFFFFFFFFFFFFFFFFFFFFFFFFFFF4F
:10616000FFFFFFFFFFFFFFFFFFFFFFFFFFFFFFFF3F
:10617000FFFFFFFFFFFFFFFFFFFFFFFFFFFFFFFF2F
:10618000FFFFFFFFFFFFFFFFFFFFFFFFFFFFFFFF1F
:10619000FFFFFFFFFFFFFFFFFFFFFFFFFFFFFFFF0F
:1061A000FFFFFFFFFFFFFFFFFFFFFFFFFFFFFFFFFF
:1061B000FFFFFFFFFFFFFFFFFFFFFFFFFFFFFFFFEF
:1061C000FFFFFFFFFFFFFFFFFFFFFFFFFFFFFFFFDF
:1061D000FFFFFFFFFFFFFFFFFFFFFFFFFFFFFFFFCF
:1061E000FFFFFFFFFFFFFFFFFFFFFFFFFFFFFFFFBF
:1061F000FFFFFFFFFFFFFFFFFFFFFFFFFFFFFFFFAF
:10620000FFFFFFFFFFFFFFFFFFFFFFFFFFFFFFFF9E
:10621000FFFFFFFFFFFFFFFFFFFFFFFFFFFFFFFF8E
:10622000FFFFFFFFFFFFFFFFFFFFFFFFFFFFFFFF7E
:10623000FFFFFFFFFFFFFFFFFFFFFFFFFFFFFFFF6E
:10624000FFFFFFFFFFFFFFFFFFFFFFFFFFFFFFFF5E
:10625000FFFFFFFFFFFFFFFFFFFFFFFFFFFFFFFF4E
:10626000FFFFFFFFFFFFFFFFFFFFFFFFFFFFFFFF3E
:10627000FFFFFFFFFFFFFFFFFFFFFFFFFFFFFFFF2E
:10628000FFFFFFFFFFFFFFFFFFFFFFFFFFFFFFFF1E
:10629000FFFFFFFFFFFFFFFFFFFFFFFFFFFFFFFF0E
:1062A000FFFFFFFFFFFFFFFFFFFFFFFFFFFFFFFFFE
:1062B000FFFFFFFFFFFFFFFFFFFFFFFFFFFFFFFFEE
:1062C000FFFFFFFFFFFFFFFFFFFFFFFFFFFFFFFFDE
:1062D000FFFFFFFFFFFFFFFFFFFFFFFFFFFFFFFFCE
:1062E000FFFFFFFFFFFFFFFFFFFFFFFFFFFFFFFFBE
:1062F000FFFFFFFFFFFFFFFFFFFFFFFFFFFFFFFFAE
:10630000FFFFFFFFFFFFFFFFFFFFFFFFFFFFFFFF9D
:10631000FFFFFFFFFFFFFFFFFFFFFFFFFFFFFFFF8D
:10632000FFFFFFFFFFFFFFFFFFFFFFFFFFFFFFFF7D
:10633000FFFFFFFFFFFFFFFFFFFFFFFFFFFFFFFF6D
:10634000FFFFFFFFFFFFFFFFFFFFFFFFFFFFFFFF5D
:10635000FFFFFFFFFFFFFFFFFFFFFFFFFFFFFFFF4D
:10636000FFFFFFFFFFFFFFFFFFFFFFFFFFFFFFFF3D
:10637000FFFFFFFFFFFFFFFFFFFFFFFFFFFFFFFF2D
:10638000FFFFFFFFFFFFFFFFFFFFFFFFFFFFFFFF1D
:10639000FFFFFFFFFFFFFFFFFFFFFFFFFFFFFFFF0D
:1063A000FFFFFFFFFFFFFFFFFFFFFFFFFFFFFFFFFD
:1063B000FFFFFFFFFFFFFFFFFFFFFFFFFFFFFFFFED
:1063C000FFFFFFFFFFFFFFFFFFFFFFFFFFFFFFFFDD
:1063D000FFFFFFFFFFFFFFFFFFFFFFFFFFFFFFFFCD
:1063E000FFFFFFFFFFFFFFFFFFFFFFFFFFFFFFFFBD
:1063F000FFFFFFFFFFFFFFFFFFFFFFFFFFFFFFFFAD
:10640000FFFFFFFFFFFFFFFFFFFFFFFFFFFFFFFF9C
:10641000FFFFFFFFFFFFFFFFFFFFFFFFFFFFFFFF8C
:10642000FFFFFFFFFFFFFFFFFFFFFFFFFFFFFFFF7C
:10643000FFFFFFFFFFFFFFFFFFFFFFFFFFFFFFFF6C
:10644000FFFFFFFFFFFFFFFFFFFFFFFFFFFFFFFF5C
:10645000FFFFFFFFFFFFFFFFFFFFFFFFFFFFFFFF4C
:10646000FFFFFFFFFFFFFFFFFFFFFFFFFFFFFFFF3C
:10647000FFFFFFFFFFFFFFFFFFFFFFFFFFFFFFFF2C
:10648000FFFFFFFFFFFFFFFFFFFFFFFFFFFFFFFF1C
:10649000FFFFFFFFFFFFFFFFFFFFFFFFFFFFFFFF0C
:1064A000FFFFFFFFFFFFFFFFFFFFFFFFFFFFFFFFFC
:1064B000FFFFFFFFFFFFFFFFFFFFFFFFFFFFFFFFEC
:1064C000FFFFFFFFFFFFFFFFFFFFFFFFFFFFFFFFDC
:1064D000FFFFFFFFFFFFFFFFFFFFFFFFFFFFFFFFCC
:1064E000FFFFFFFFFFFFFFFFFFFFFFFFFFFFFFFFBC
:1064F000FFFFFFFFFFFFFFFFFFFFFFFFFFFFFFFFAC
:10650000FFFFFFFFFFFFFFFFFFFFFFFFFFFFFFFF9B
:10651000FFFFFFFFFFFFFFFFFFFFFFFFFFFFFFFF8B
:10652000FFFFFFFFFFFFFFFFFFFFFFFFFFFFFFFF7B
:10653000FFFFFFFFFFFFFFFFFFFFFFFFFFFFFFFF6B
:10654000FFFFFFFFFFFFFFFFFFFFFFFFFFFFFFFF5B
:10655000FFFFFFFFFFFFFFFFFFFFFFFFFFFFFFFF4B
:10656000FFFFFFFFFFFFFFFFFFFFFFFFFFFFFFFF3B
:10657000FFFFFFFFFFFFFFFFFFFFFFFFFFFFFFFF2B
:10658000FFFFFFFFFFFFFFFFFFFFFFFFFFFFFFFF1B
:10659000FFFFFFFFFFFFFFFFFFFFFFFFFFFFFFFF0B
:1065A000FFFFFFFFFFFFFFFFFFFFFFFFFFFFFFFFFB
:1065B000FFFFFFFFFFFFFFFFFFFFFFFFFFFFFFFFEB
:1065C000FFFFFFFFFFFFFFFFFFFFFFFFFFFFFFFFDB
:1065D000FFFFFFFFFFFFFFFFFFFFFFFFFFFFFFFFCB
:1065E000FFFFFFFFFFFFFFFFFFFFFFFFFFFFFFFFBB
:1065F000FFFFFFFFFFFFFFFFFFFFFFFFFFFFFFFFAB
:10660000FFFFFFFFFFFFFFFFFFFFFFFFFFFFFFFF9A
:10661000FFFFFFFFFFFFFFFFFFFFFFFFFFFFFFFF8A
:10662000FFFFFFFFFFFFFFFFFFFFFFFFFFFFFFFF7A
:10663000FFFFFFFFFFFFFFFFFFFFFFFFFFFFFFFF6A
:10664000FFFFFFFFFFFFFFFFFFFFFFFFFFFFFFFF5A
:10665000FFFFFFFFFFFFFFFFFFFFFFFFFFFFFFFF4A
:10666000FFFFFFFFFFFFFFFFFFFFFFFFFFFFFFFF3A
:10667000FFFFFFFFFFFFFFFFFFFFFFFFFFFFFFFF2A
:10668000FFFFFFFFFFFFFFFFFFFFFFFFFFFFFFFF1A
:10669000FFFFFFFFFFFFFFFFFFFFFFFFFFFFFFFF0A
:1066A000FFFFFFFFFFFFFFFFFFFFFFFFFFFFFFFFFA
:1066B000FFFFFFFFFFFFFFFFFFFFFFFFFFFFFFFFEA
:1066C000FFFFFFFFFFFFFFFFFFFFFFFFFFFFFFFFDA
:1066D000FFFFFFFFFFFFFFFFFFFFFFFFFFFFFFFFCA
:1066E000FFFFFFFFFFFFFFFFFFFFFFFFFFFFFFFFBA
:1066F000FFFFFFFFFFFFFFFFFFFFFFFFFFFFFFFFAA
:10670000FFFFFFFFFFFFFFFFFFFFFFFFFFFFFFFF99
:10671000FFFFFFFFFFFFFFFFFFFFFFFFFFFFFFFF89
:10672000FFFFFFFFFFFFFFFFFFFFFFFFFFFFFFFF79
:10673000FFFFFFFFFFFFFFFFFFFFFFFFFFFFFFFF69
:10674000FFFFFFFFFFFFFFFFFFFFFFFFFFFFFFFF59
:10675000FFFFFFFFFFFFFFFFFFFFFFFFFFFFFFFF49
:10676000FFFFFFFFFFFFFFFFFFFFFFFFFFFFFFFF39
:10677000FFFFFFFFFFFFFFFFFFFFFFFFFFFFFFFF29
:10678000FFFFFFFFFFFFFFFFFFFFFFFFFFFFFFFF19
:10679000FFFFFFFFFFFFFFFFFFFFFFFFFFFFFFFF09
:1067A000FFFFFFFFFFFFFFFFFFFFFFFFFFFFFFFFF9
:1067B000FFFFFFFFFFFFFFFFFFFFFFFFFFFFFFFFE9
:1067C000FFFFFFFFFFFFFFFFFFFFFFFFFFFFFFFFD9
:1067D000FFFFFFFFFFFFFFFFFFFFFFFFFFFFFFFFC9
:1067E000FFFFFFFFFFFFFFFFFFFFFFFFFFFFFFFFB9
:1067F000FFFFFFFFFFFFFFFFFFFFFFFFFFFFFFFFA9
:10680000FFFFFFFFFFFFFFFFFFFFFFFFFFFFFFFF98
:10681000FFFFFFFFFFFFFFFFFFFFFFFFFFFFFFFF88
:10682000FFFFFFFFFFFFFFFFFFFFFFFFFFFFFFFF78
:10683000FFFFFFFFFFFFFFFFFFFFFFFFFFFFFFFF68
:10684000FFFFFFFFFFFFFFFFFFFFFFFFFFFFFFFF58
:10685000FFFFFFFFFFFFFFFFFFFFFFFFFFFFFFFF48
:10686000FFFFFFFFFFFFFFFFFFFFFFFFFFFFFFFF38
:10687000FFFFFFFFFFFFFFFFFFFFFFFFFFFFFFFF28
:10688000FFFFFFFFFFFFFFFFFFFFFFFFFFFFFFFF18
:10689000FFFFFFFFFFFFFFFFFFFFFFFFFFFFFFFF08
:1068A000FFFFFFFFFFFFFFFFFFFFFFFFFFFFFFFFF8
:1068B000FFFFFFFFFFFFFFFFFFFFFFFFFFFFFFFFE8
:1068C000FFFFFFFFFFFFFFFFFFFFFFFFFFFFFFFFD8
:1068D000FFFFFFFFFFFFFFFFFFFFFFFFFFFFFFFFC8
:1068E000FFFFFFFFFFFFFFFFFFFFFFFFFFFFFFFFB8
:1068F000FFFFFFFFFFFFFFFFFFFFFFFFFFFFFFFFA8
:10690000FFFFFFFFFFFFFFFFFFFFFFFFFFFFFFFF97
:10691000FFFFFFFFFFFFFFFFFFFFFFFFFFFFFFFF87
:10692000FFFFFFFFFFFFFFFFFFFFFFFFFFFFFFFF77
:10693000FFFFFFFFFFFFFFFFFFFFFFFFFFFFFFFF67
:10694000FFFFFFFFFFFFFFFFFFFFFFFFFFFFFFFF57
:10695000FFFFFFFFFFFFFFFFFFFFFFFFFFFFFFFF47
:10696000FFFFFFFFFFFFFFFFFFFFFFFFFFFFFFFF37
:10697000FFFFFFFFFFFFFFFFFFFFFFFFFFFFFFFF27
:10698000FFFFFFFFFFFFFFFFFFFFFFFFFFFFFFFF17
:10699000FFFFFFFFFFFFFFFFFFFFFFFFFFFFFFFF07
:1069A000FFFFFFFFFFFFFFFFFFFFFFFFFFFFFFFFF7
:1069B000FFFFFFFFFFFFFFFFFFFFFFFFFFFFFFFFE7
:1069C000FFFFFFFFFFFFFFFFFFFFFFFFFFFFFFFFD7
:1069D000FFFFFFFFFFFFFFFFFFFFFFFFFFFFFFFFC7
:1069E000FFFFFFFFFFFFFFFFFFFFFFFFFFFFFFFFB7
:1069F000FFFFFFFFFFFFFFFFFFFFFFFFFFFFFFFFA7
:106A0000FFFFFFFFFFFFFFFFFFFFFFFFFFFFFFFF96
:106A1000FFFFFFFFFFFFFFFFFFFFFFFFFFFFFFFF86
:106A2000FFFFFFFFFFFFFFFFFFFFFFFFFFFFFFFF76
:106A3000FFFFFFFFFFFFFFFFFFFFFFFFFFFFFFFF66
:106A4000FFFFFFFFFFFFFFFFFFFFFFFFFFFFFFFF56
:106A5000FFFFFFFFFFFFFFFFFFFFFFFFFFFFFFFF46
:106A6000FFFFFFFFFFFFFFFFFFFFFFFFFFFFFFFF36
:106A7000FFFFFFFFFFFFFFFFFFFFFFFFFFFFFFFF26
:106A8000FFFFFFFFFFFFFFFFFFFFFFFFFFFFFFFF16
:106A9000FFFFFFFFFFFFFFFFFFFFFFFFFFFFFFFF06
:106AA000FFFFFFFFFFFFFFFFFFFFFFFFFFFFFFFFF6
:106AB000FFFFFFFFFFFFFFFFFFFFFFFFFFFFFFFFE6
:106AC000FFFFFFFFFFFFFFFFFFFFFFFFFFFFFFFFD6
:106AD000FFFFFFFFFFFFFFFFFFFFFFFFFFFFFFFFC6
:106AE000FFFFFFFFFFFFFFFFFFFFFFFFFFFFFFFFB6
:106AF000FFFFFFFFFFFFFFFFFFFFFFFFFFFFFFFFA6
:106B0000FFFFFFFFFFFFFFFFFFFFFFFFFFFFFFFF95
:106B1000FFFFFFFFFFFFFFFFFFFFFFFFFFFFFFFF85
:106B2000FFFFFFFFFFFFFFFFFFFFFFFFFFFFFFFF75
:106B3000FFFFFFFFFFFFFFFFFFFFFFFFFFFFFFFF65
:106B4000FFFFFFFFFFFFFFFFFFFFFFFFFFFFFFFF55
:106B5000FFFFFFFFFFFFFFFFFFFFFFFFFFFFFFFF45
:106B6000FFFFFFFFFFFFFFFFFFFFFFFFFFFFFFFF35
:106B7000FFFFFFFFFFFFFFFFFFFFFFFFFFFFFFFF25
:106B8000FFFFFFFFFFFFFFFFFFFFFFFFFFFFFFFF15
:106B9000FFFFFFFFFFFFFFFFFFFFFFFFFFFFFFFF05
:106BA000FFFFFFFFFFFFFFFFFFFFFFFFFFFFFFFFF5
:106BB000FFFFFFFFFFFFFFFFFFFFFFFFFFFFFFFFE5
:106BC000FFFFFFFFFFFFFFFFFFFFFFFFFFFFFFFFD5
:106BD000FFFFFFFFFFFFFFFFFFFFFFFFFFFFFFFFC5
:106BE000FFFFFFFFFFFFFFFFFFFFFFFFFFFFFFFFB5
:106BF000FFFFFFFFFFFFFFFFFFFFFFFFFFFFFFFFA5
:106C0000FFFFFFFFFFFFFFFFFFFFFFFFFFFFFFFF94
:106C1000FFFFFFFFFFFFFFFFFFFFFFFFFFFFFFFF84
:106C2000FFFFFFFFFFFFFFFFFFFFFFFFFFFFFFFF74
:106C3000FFFFFFFFFFFFFFFFFFFFFFFFFFFFFFFF64
:106C4000FFFFFFFFFFFFFFFFFFFFFFFFFFFFFFFF54
:106C5000FFFFFFFFFFFFFFFFFFFFFFFFFFFFFFFF44
:106C6000FFFFFFFFFFFFFFFFFFFFFFFFFFFFFFFF34
:106C7000FFFFFFFFFFFFFFFFFFFFFFFFFFFFFFFF24
:106C8000FFFFFFFFFFFFFFFFFFFFFFFFFFFFFFFF14
:106C9000FFFFFFFFFFFFFFFFFFFFFFFFFFFFFFFF04
:106CA000FFFFFFFFFFFFFFFFFFFFFFFFFFFFFFFFF4
:106CB000FFFFFFFFFFFFFFFFFFFFFFFFFFFFFFFFE4
:106CC000FFFFFFFFFFFFFFFFFFFFFFFFFFFFFFFFD4
:106CD000FFFFFFFFFFFFFFFFFFFFFFFFFFFFFFFFC4
:106CE000FFFFFFFFFFFFFFFFFFFFFFFFFFFFFFFFB4
:106CF000FFFFFFFFFFFFFFFFFFFFFFFFFFFFFFFFA4
:106D0000FFFFFFFFFFFFFFFFFFFFFFFFFFFFFFFF93
:106D1000FFFFFFFFFFFFFFFFFFFFFFFFFFFFFFFF83
:106D2000FFFFFFFFFFFFFFFFFFFFFFFFFFFFFFFF73
:106D3000FFFFFFFFFFFFFFFFFFFFFFFFFFFFFFFF63
:106D4000FFFFFFFFFFFFFFFFFFFFFFFFFFFFFFFF53
:106D5000FFFFFFFFFFFFFFFFFFFFFFFFFFFFFFFF43
:106D6000FFFFFFFFFFFFFFFFFFFFFFFFFFFFFFFF33
:106D7000FFFFFFFFFFFFFFFFFFFFFFFFFFFFFFFF23
:106D8000FFFFFFFFFFFFFFFFFFFFFFFFFFFFFFFF13
:106D9000FFFFFFFFFFFFFFFFFFFFFFFFFFFFFFFF03
:106DA000FFFFFFFFFFFFFFFFFFFFFFFFFFFFFFFFF3
:106DB000FFFFFFFFFFFFFFFFFFFFFFFFFFFFFFFFE3
:106DC000FFFFFFFFFFFFFFFFFFFFFFFFFFFFFFFFD3
:106DD000FFFFFFFFFFFFFFFFFFFFFFFFFFFFFFFFC3
:106DE000FFFFFFFFFFFFFFFFFFFFFFFFFFFFFFFFB3
:106DF000FFFFFFFFFFFFFFFFFFFFFFFFFFFFFFFFA3
:106E0000FFFFFFFFFFFFFFFFFFFFFFFFFFFFFFFF92
:106E1000FFFFFFFFFFFFFFFFFFFFFFFFFFFFFFFF82
:106E2000FFFFFFFFFFFFFFFFFFFFFFFFFFFFFFFF72
:106E3000FFFFFFFFFFFFFFFFFFFFFFFFFFFFFFFF62
:106E4000FFFFFFFFFFFFFFFFFFFFFFFFFFFFFFFF52
:106E5000FFFFFFFFFFFFFFFFFFFFFFFFFFFFFFFF42
:106E6000FFFFFFFFFFFFFFFFFFFFFFFFFFFFFFFF32
:106E7000FFFFFFFFFFFFFFFFFFFFFFFFFFFFFFFF22
:106E8000FFFFFFFFFFFFFFFFFFFFFFFFFFFFFFFF12
:106E9000FFFFFFFFFFFFFFFFFFFFFFFFFFFFFFFF02
:106EA000FFFFFFFFFFFFFFFFFFFFFFFFFFFFFFFFF2
:106EB000FFFFFFFFFFFFFFFFFFFFFFFFFFFFFFFFE2
:106EC000FFFFFFFFFFFFFFFFFFFFFFFFFFFFFFFFD2
:106ED000FFFFFFFFFFFFFFFFFFFFFFFFFFFFFFFFC2
:106EE000FFFFFFFFFFFFFFFFFFFFFFFFFFFFFFFFB2
:106EF000FFFFFFFFFFFFFFFFFFFFFFFFFFFFFFFFA2
:106F0000FFFFFFFFFFFFFFFFFFFFFFFFFFFFFFFF91
:106F1000FFFFFFFFFFFFFFFFFFFFFFFFFFFFFFFF81
:106F2000FFFFFFFFFFFFFFFFFFFFFFFFFFFFFFFF71
:106F3000FFFFFFFFFFFFFFFFFFFFFFFFFFFFFFFF61
:106F4000FFFFFFFFFFFFFFFFFFFFFFFFFFFFFFFF51
:106F5000FFFFFFFFFFFFFFFFFFFFFFFFFFFFFFFF41
:106F6000FFFFFFFFFFFFFFFFFFFFFFFFFFFFFFFF31
:106F7000FFFFFFFFFFFFFFFFFFFFFFFFFFFFFFFF21
:106F8000FFFFFFFFFFFFFFFFFFFFFFFFFFFFFFFF11
:106F9000FFFFFFFFFFFFFFFFFFFFFFFFFFFFFFFF01
:106FA000FFFFFFFFFFFFFFFFFFFFFFFFFFFFFFFFF1
:106FB000FFFFFFFFFFFFFFFFFFFFFFFFFFFFFFFFE1
:106FC000FFFFFFFFFFFFFFFFFFFFFFFFFFFFFFFFD1
:106FD000FFFFFFFFFFFFFFFFFFFFFFFFFFFFFFFFC1
:106FE000FFFFFFFFFFFFFFFFFFFFFFFFFFFFFFFFB1
:106FF000FFFFFFFFFFFFFFFFFFFFFFFFFFFFFFFFA1
:10700000FFFFFFFFFFFFFFFFFFFFFFFFFFFFFFFF90
:10701000FFFFFFFFFFFFFFFFFFFFFFFFFFFFFFFF80
:10702000FFFFFFFFFFFFFFFFFFFFFFFFFFFFFFFF70
:10703000FFFFFFFFFFFFFFFFFFFFFFFFFFFFFFFF60
:10704000FFFFFFFFFFFFFFFFFFFFFFFFFFFFFFFF50
:10705000FFFFFFFFFFFFFFFFFFFFFFFFFFFFFFFF40
:10706000FFFFFFFFFFFFFFFFFFFFFFFFFFFFFFFF30
:10707000FFFFFFFFFFFFFFFFFFFFFFFFFFFFFFFF20
:10708000FFFFFFFFFFFFFFFFFFFFFFFFFFFFFFFF10
:10709000FFFFFFFFFFFFFFFFFFFFFFFFFFFFFFFF00
:1070A000FFFFFFFFFFFFFFFFFFFFFFFFFFFFFFFFF0
:1070B000FFFFFFFFFFFFFFFFFFFFFFFFFFFFFFFFE0
:1070C000FFFFFFFFFFFFFFFFFFFFFFFFFFFFFFFFD0
:1070D000FFFFFFFFFFFFFFFFFFFFFFFFFFFFFFFFC0
:1070E000FFFFFFFFFFFFFFFFFFFFFFFFFFFFFFFFB0
:1070F000FFFFFFFFFFFFFFFFFFFFFFFFFFFFFFFFA0
:10710000FFFFFFFFFFFFFFFFFFFFFFFFFFFFFFFF8F
:10711000FFFFFFFFFFFFFFFFFFFFFFFFFFFFFFFF7F
:10712000FFFFFFFFFFFFFFFFFFFFFFFFFFFFFFFF6F
:10713000FFFFFFFFFFFFFFFFFFFFFFFFFFFFFFFF5F
:10714000FFFFFFFFFFFFFFFFFFFFFFFFFFFFFFFF4F
:10715000FFFFFFFFFFFFFFFFFFFFFFFFFFFFFFFF3F
:10716000FFFFFFFFFFFFFFFFFFFFFFFFFFFFFFFF2F
:10717000FFFFFFFFFFFFFFFFFFFFFFFFFFFFFFFF1F
:10718000FFFFFFFFFFFFFFFFFFFFFFFFFFFFFFFF0F
:10719000FFFFFFFFFFFFFFFFFFFFFFFFFFFFFFFFFF
:1071A000FFFFFFFFFFFFFFFFFFFFFFFFFFFFFFFFEF
:1071B000FFFFFFFFFFFFFFFFFFFFFFFFFFFFFFFFDF
:1071C000FFFFFFFFFFFFFFFFFFFFFFFFFFFFFFFFCF
:1071D000FFFFFFFFFFFFFFFFFFFFFFFFFFFFFFFFBF
:1071E000FFFFFFFFFFFFFFFFFFFFFFFFFFFFFFFFAF
:1071F000FFFFFFFFFFFFFFFFFFFFFFFFFFFFFFFF9F
:10720000FFFFFFFFFFFFFFFFFFFFFFFFFFFFFFFF8E
:10721000FFFFFFFFFFFFFFFFFFFFFFFFFFFFFFFF7E
:10722000FFFFFFFFFFFFFFFFFFFFFFFFFFFFFFFF6E
:10723000FFFFFFFFFFFFFFFFFFFFFFFFFFFFFFFF5E
:10724000FFFFFFFFFFFFFFFFFFFFFFFFFFFFFFFF4E
:10725000FFFFFFFFFFFFFFFFFFFFFFFFFFFFFFFF3E
:10726000FFFFFFFFFFFFFFFFFFFFFFFFFFFFFFFF2E
:10727000FFFFFFFFFFFFFFFFFFFFFFFFFFFFFFFF1E
:10728000FFFFFFFFFFFFFFFFFFFFFFFFFFFFFFFF0E
:10729000FFFFFFFFFFFFFFFFFFFFFFFFFFFFFFFFFE
:1072A000FFFFFFFFFFFFFFFFFFFFFFFFFFFFFFFFEE
:1072B000FFFFFFFFFFFFFFFFFFFFFFFFFFFFFFFFDE
:1072C000FFFFFFFFFFFFFFFFFFFFFFFFFFFFFFFFCE
:1072D000FFFFFFFFFFFFFFFFFFFFFFFFFFFFFFFFBE
:1072E000FFFFFFFFFFFFFFFFFFFFFFFFFFFFFFFFAE
:1072F000FFFFFFFFFFFFFFFFFFFFFFFFFFFFFFFF9E
:10730000FFFFFFFFFFFFFFFFFFFFFFFFFFFFFFFF8D
:10731000FFFFFFFFFFFFFFFFFFFFFFFFFFFFFFFF7D
:10732000FFFFFFFFFFFFFFFFFFFFFFFFFFFFFFFF6D
:10733000FFFFFFFFFFFFFFFFFFFFFFFFFFFFFFFF5D
:10734000FFFFFFFFFFFFFFFFFFFFFFFFFFFFFFFF4D
:10735000FFFFFFFFFFFFFFFFFFFFFFFFFFFFFFFF3D
:10736000FFFFFFFFFFFFFFFFFFFFFFFFFFFFFFFF2D
:10737000FFFFFFFFFFFFFFFFFFFFFFFFFFFFFFFF1D
:10738000FFFFFFFFFFFFFFFFFFFFFFFFFFFFFFFF0D
:10739000FFFFFFFFFFFFFFFFFFFFFFFFFFFFFFFFFD
:1073A000FFFFFFFFFFFFFFFFFFFFFFFFFFFFFFFFED
:1073B000FFFFFFFFFFFFFFFFFFFFFFFFFFFFFFFFDD
:1073C000FFFFFFFFFFFFFFFFFFFFFFFFFFFFFFFFCD
:1073D000FFFFFFFFFFFFFFFFFFFFFFFFFFFFFFFFBD
:1073E000FFFFFFFFFFFFFFFFFFFFFFFFFFFFFFFFAD
:1073F000FFFFFFFFFFFFFFFFFFFFFFFFFFFFFFFF9D
:10740000FFFFFFFFFFFFFFFFFFFFFFFFFFFFFFFF8C
:10741000FFFFFFFFFFFFFFFFFFFFFFFFFFFFFFFF7C
:10742000FFFFFFFFFFFFFFFFFFFFFFFFFFFFFFFF6C
:10743000FFFFFFFFFFFFFFFFFFFFFFFFFFFFFFFF5C
:10744000FFFFFFFFFFFFFFFFFFFFFFFFFFFFFFFF4C
:10745000FFFFFFFFFFFFFFFFFFFFFFFFFFFFFFFF3C
:10746000FFFFFFFFFFFFFFFFFFFFFFFFFFFFFFFF2C
:10747000FFFFFFFFFFFFFFFFFFFFFFFFFFFFFFFF1C
:10748000FFFFFFFFFFFFFFFFFFFFFFFFFFFFFFFF0C
:10749000FFFFFFFFFFFFFFFFFFFFFFFFFFFFFFFFFC
:1074A000FFFFFFFFFFFFFFFFFFFFFFFFFFFFFFFFEC
:1074B000FFFFFFFFFFFFFFFFFFFFFFFFFFFFFFFFDC
:1074C000FFFFFFFFFFFFFFFFFFFFFFFFFFFFFFFFCC
:1074D000FFFFFFFFFFFFFFFFFFFFFFFFFFFFFFFFBC
:1074E000FFFFFFFFFFFFFFFFFFFFFFFFFFFFFFFFAC
:1074F000FFFFFFFFFFFFFFFFFFFFFFFFFFFFFFFF9C
:10750000FFFFFFFFFFFFFFFFFFFFFFFFFFFFFFFF8B
:10751000FFFFFFFFFFFFFFFFFFFFFFFFFFFFFFFF7B
:10752000FFFFFFFFFFFFFFFFFFFFFFFFFFFFFFFF6B
:10753000FFFFFFFFFFFFFFFFFFFFFFFFFFFFFFFF5B
:10754000FFFFFFFFFFFFFFFFFFFFFFFFFFFFFFFF4B
:10755000FFFFFFFFFFFFFFFFFFFFFFFFFFFFFFFF3B
:10756000FFFFFFFFFFFFFFFFFFFFFFFFFFFFFFFF2B
:10757000FFFFFFFFFFFFFFFFFFFFFFFFFFFFFFFF1B
:10758000FFFFFFFFFFFFFFFFFFFFFFFFFFFFFFFF0B
:10759000FFFFFFFFFFFFFFFFFFFFFFFFFFFFFFFFFB
:1075A000FFFFFFFFFFFFFFFFFFFFFFFFFFFFFFFFEB
:1075B000FFFFFFFFFFFFFFFFFFFFFFFFFFFFFFFFDB
:1075C000FFFFFFFFFFFFFFFFFFFFFFFFFFFFFFFFCB
:1075D000FFFFFFFFFFFFFFFFFFFFFFFFFFFFFFFFBB
:1075E000FFFFFFFFFFFFFFFFFFFFFFFFFFFFFFFFAB
:1075F000FFFFFFFFFFFFFFFFFFFFFFFFFFFFFFFF9B
:10760000FFFFFFFFFFFFFFFFFFFFFFFFFFFFFFFF8A
:10761000FFFFFFFFFFFFFFFFFFFFFFFFFFFFFFFF7A
:10762000FFFFFFFFFFFFFFFFFFFFFFFFFFFFFFFF6A
:10763000FFFFFFFFFFFFFFFFFFFFFFFFFFFFFFFF5A
:10764000FFFFFFFFFFFFFFFFFFFFFFFFFFFFFFFF4A
:10765000FFFFFFFFFFFFFFFFFFFFFFFFFFFFFFFF3A
:10766000FFFFFFFFFFFFFFFFFFFFFFFFFFFFFFFF2A
:10767000FFFFFFFFFFFFFFFFFFFFFFFFFFFFFFFF1A
:10768000FFFFFFFFFFFFFFFFFFFFFFFFFFFFFFFF0A
:10769000FFFFFFFFFFFFFFFFFFFFFFFFFFFFFFFFFA
:1076A000FFFFFFFFFFFFFFFFFFFFFFFFFFFFFFFFEA
:1076B000FFFFFFFFFFFFFFFFFFFFFFFFFFFFFFFFDA
:1076C000FFFFFFFFFFFFFFFFFFFFFFFFFFFFFFFFCA
:1076D000FFFFFFFFFFFFFFFFFFFFFFFFFFFFFFFFBA
:1076E000FFFFFFFFFFFFFFFFFFFFFFFFFFFFFFFFAA
:1076F000FFFFFFFFFFFFFFFFFFFFFFFFFFFFFFFF9A
:10770000FFFFFFFFFFFFFFFFFFFFFFFFFFFFFFFF89
:10771000FFFFFFFFFFFFFFFFFFFFFFFFFFFFFFFF79
:10772000FFFFFFFFFFFFFFFFFFFFFFFFFFFFFFFF69
:10773000FFFFFFFFFFFFFFFFFFFFFFFFFFFFFFFF59
:10774000FFFFFFFFFFFFFFFFFFFFFFFFFFFFFFFF49
:10775000FFFFFFFFFFFFFFFFFFFFFFFFFFFFFFFF39
:10776000FFFFFFFFFFFFFFFFFFFFFFFFFFFFFFFF29
:10777000FFFFFFFFFFFFFFFFFFFFFFFFFFFFFFFF19
:10778000FFFFFFFFFFFFFFFFFFFFFFFFFFFFFFFF09
:10779000FFFFFFFFFFFFFFFFFFFFFFFFFFFFFFFFF9
:1077A000FFFFFFFFFFFFFFFFFFFFFFFFFFFFFFFFE9
:1077B000FFFFFFFFFFFFFFFFFFFFFFFFFFFFFFFFD9
:1077C000FFFFFFFFFFFFFFFFFFFFFFFFFFFFFFFFC9
:1077D000FFFFFFFFFFFFFFFFFFFFFFFFFFFFFFFFB9
:1077E000FFFFFFFFFFFFFFFFFFFFFFFFFFFFFFFFA9
:1077F000FFFFFFFFFFFFFFFFFFFFFFFFFFFFFFFF99
:10780000FFFFFFFFFFFFFFFFFFFFFFFFFFFFFFFF88
:10781000FFFFFFFFFFFFFFFFFFFFFFFFFFFFFFFF78
:10782000FFFFFFFFFFFFFFFFFFFFFFFFFFFFFFFF68
:10783000FFFFFFFFFFFFFFFFFFFFFFFFFFFFFFFF58
:10784000FFFFFFFFFFFFFFFFFFFFFFFFFFFFFFFF48
:10785000FFFFFFFFFFFFFFFFFFFFFFFFFFFFFFFF38
:10786000FFFFFFFFFFFFFFFFFFFFFFFFFFFFFFFF28
:10787000FFFFFFFFFFFFFFFFFFFFFFFFFFFFFFFF18
:10788000FFFFFFFFFFFFFFFFFFFFFFFFFFFFFFFF08
:10789000FFFFFFFFFFFFFFFFFFFFFFFFFFFFFFFFF8
:1078A000FFFFFFFFFFFFFFFFFFFFFFFFFFFFFFFFE8
:1078B000FFFFFFFFFFFFFFFFFFFFFFFFFFFFFFFFD8
:1078C000FFFFFFFFFFFFFFFFFFFFFFFFFFFFFFFFC8
:1078D000FFFFFFFFFFFFFFFFFFFFFFFFFFFFFFFFB8
:1078E000FFFFFFFFFFFFFFFFFFFFFFFFFFFFFFFFA8
:1078F000FFFFFFFFFFFFFFFFFFFFFFFFFFFFFFFF98
:10790000FFFFFFFFFFFFFFFFFFFFFFFFFFFFFFFF87
:10791000FFFFFFFFFFFFFFFFFFFFFFFFFFFFFFFF77
:10792000FFFFFFFFFFFFFFFFFFFFFFFFFFFFFFFF67
:10793000FFFFFFFFFFFFFFFFFFFFFFFFFFFFFFFF57
:10794000FFFFFFFFFFFFFFFFFFFFFFFFFFFFFFFF47
:10795000FFFFFFFFFFFFFFFFFFFFFFFFFFFFFFFF37
:10796000FFFFFFFFFFFFFFFFFFFFFFFFFFFFFFFF27
:10797000FFFFFFFFFFFFFFFFFFFFFFFFFFFFFFFF17
:10798000FFFFFFFFFFFFFFFFFFFFFFFFFFFFFFFF07
:10799000FFFFFFFFFFFFFFFFFFFFFFFFFFFFFFFFF7
:1079A000FFFFFFFFFFFFFFFFFFFFFFFFFFFFFFFFE7
:1079B000FFFFFFFFFFFFFFFFFFFFFFFFFFFFFFFFD7
:1079C000FFFFFFFFFFFFFFFFFFFFFFFFFFFFFFFFC7
:1079D000FFFFFFFFFFFFFFFFFFFFFFFFFFFFFFFFB7
:1079E000FFFFFFFFFFFFFFFFFFFFFFFFFFFFFFFFA7
:1079F000FFFFFFFFFFFFFFFFFFFFFFFFFFFFFFFF97
:107A0000FFFFFFFFFFFFFFFFFFFFFFFFFFFFFFFF86
:107A1000FFFFFFFFFFFFFFFFFFFFFFFFFFFFFFFF76
:107A2000FFFFFFFFFFFFFFFFFFFFFFFFFFFFFFFF66
:107A3000FFFFFFFFFFFFFFFFFFFFFFFFFFFFFFFF56
:107A4000FFFFFFFFFFFFFFFFFFFFFFFFFFFFFFFF46
:107A5000FFFFFFFFFFFFFFFFFFFFFFFFFFFFFFFF36
:107A6000FFFFFFFFFFFFFFFFFFFFFFFFFFFFFFFF26
:107A7000FFFFFFFFFFFFFFFFFFFFFFFFFFFFFFFF16
:107A8000FFFFFFFFFFFFFFFFFFFFFFFFFFFFFFFF06
:107A9000FFFFFFFFFFFFFFFFFFFFFFFFFFFFFFFFF6
:107AA000FFFFFFFFFFFFFFFFFFFFFFFFFFFFFFFFE6
:107AB000FFFFFFFFFFFFFFFFFFFFFFFFFFFFFFFFD6
:107AC000FFFFFFFFFFFFFFFFFFFFFFFFFFFFFFFFC6
:107AD000FFFFFFFFFFFFFFFFFFFFFFFFFFFFFFFFB6
:107AE000FFFFFFFFFFFFFFFFFFFFFFFFFFFFFFFFA6
:107AF000FFFFFFFFFFFFFFFFFFFFFFFFFFFFFFFF96
:107B0000FFFFFFFFFFFFFFFFFFFFFFFFFFFFFFFF85
:107B1000FFFFFFFFFFFFFFFFFFFFFFFFFFFFFFFF75
:107B2000FFFFFFFFFFFFFFFFFFFFFFFFFFFFFFFF65
:107B3000FFFFFFFFFFFFFFFFFFFFFFFFFFFFFFFF55
:107B4000FFFFFFFFFFFFFFFFFFFFFFFFFFFFFFFF45
:107B5000FFFFFFFFFFFFFFFFFFFFFFFFFFFFFFFF35
:107B6000FFFFFFFFFFFFFFFFFFFFFFFFFFFFFFFF25
:107B7000FFFFFFFFFFFFFFFFFFFFFFFFFFFFFFFF15
:107B8000FFFFFFFFFFFFFFFFFFFFFFFFFFFFFFFF05
:107B9000FFFFFFFFFFFFFFFFFFFFFFFFFFFFFFFFF5
:107BA000FFFFFFFFFFFFFFFFFFFFFFFFFFFFFFFFE5
:107BB000FFFFFFFFFFFFFFFFFFFFFFFFFFFFFFFFD5
:107BC000FFFFFFFFFFFFFFFFFFFFFFFFFFFFFFFFC5
:107BD000FFFFFFFFFFFFFFFFFFFFFFFFFFFFFFFFB5
:107BE000FFFFFFFFFFFFFFFFFFFFFFFFFFFFFFFFA5
:107BF000FFFFFFFFFFFFFFFFFFFFFFFFFFFFFFFF95
:107C0000FFFFFFFFFFFFFFFFFFFFFFFFFFFFFFFF84
:107C1000FFFFFFFFFFFFFFFFFFFFFFFFFFFFFFFF74
:107C2000FFFFFFFFFFFFFFFFFFFFFFFFFFFFFFFF64
:107C3000FFFFFFFFFFFFFFFFFFFFFFFFFFFFFFFF54
:107C4000FFFFFFFFFFFFFFFFFFFFFFFFFFFFFFFF44
:107C5000FFFFFFFFFFFFFFFFFFFFFFFFFFFFFFFF34
:107C6000FFFFFFFFFFFFFFFFFFFFFFFFFFFFFFFF24
:107C7000FFFFFFFFFFFFFFFFFFFFFFFFFFFFFFFF14
:107C8000FFFFFFFFFFFFFFFFFFFFFFFFFFFFFFFF04
:107C9000FFFFFFFFFFFFFFFFFFFFFFFFFFFFFFFFF4
:107CA000FFFFFFFFFFFFFFFFFFFFFFFFFFFFFFFFE4
:107CB000FFFFFFFFFFFFFFFFFFFFFFFFFFFFFFFFD4
:107CC000FFFFFFFFFFFFFFFFFFFFFFFFFFFFFFFFC4
:107CD000FFFFFFFFFFFFFFFFFFFFFFFFFFFFFFFFB4
:107CE000FFFFFFFFFFFFFFFFFFFFFFFFFFFFFFFFA4
:107CF000FFFFFFFFFFFFFFFFFFFFFFFFFFFFFFFF94
:107D0000FFFFFFFFFFFFFFFFFFFFFFFFFFFFFFFF83
:107D1000FFFFFFFFFFFFFFFFFFFFFFFFFFFFFFFF73
:107D2000FFFFFFFFFFFFFFFFFFFFFFFFFFFFFFFF63
:107D3000FFFFFFFFFFFFFFFFFFFFFFFFFFFFFFFF53
:107D4000FFFFFFFFFFFFFFFFFFFFFFFFFFFFFFFF43
:107D5000FFFFFFFFFFFFFFFFFFFFFFFFFFFFFFFF33
:107D6000FFFFFFFFFFFFFFFFFFFFFFFFFFFFFFFF23
:107D7000FFFFFFFFFFFFFFFFFFFFFFFFFFFFFFFF13
:107D8000FFFFFFFFFFFFFFFFFFFFFFFFFFFFFFFF03
:107D9000FFFFFFFFFFFFFFFFFFFFFFFFFFFFFFFFF3
:107DA000FFFFFFFFFFFFFFFFFFFFFFFFFFFFFFFFE3
:107DB000FFFFFFFFFFFFFFFFFFFFFFFFFFFFFFFFD3
:107DC000FFFFFFFFFFFFFFFFFFFFFFFFFFFFFFFFC3
:107DD000FFFFFFFFFFFFFFFFFFFFFFFFFFFFFFFFB3
:107DE000FFFFFFFFFFFFFFFFFFFFFFFFFFFFFFFFA3
:107DF000FFFFFFFFFFFFFFFFFFFFFFFFFFFFFFFF93
:107E0000FFFFFFFFFFFFFFFFFFFFFFFFFFFFFFFF82
:107E1000FFFFFFFFFFFFFFFFFFFFFFFFFFFFFFFF72
:107E2000FFFFFFFFFFFFFFFFFFFFFFFFFFFFFFFF62
:107E3000FFFFFFFFFFFFFFFFFFFFFFFFFFFFFFFF52
:107E4000FFFFFFFFFFFFFFFFFFFFFFFFFFFFFFFF42
:107E5000FFFFFFFFFFFFFFFFFFFFFFFFFFFFFFFF32
:107E6000FFFFFFFFFFFFFFFFFFFFFFFFFFFFFFFF22
:107E7000FFFFFFFFFFFFFFFFFFFFFFFFFFFFFFFF12
:107E8000FFFFFFFFFFFFFFFFFFFFFFFFFFFFFFFF02
:107E9000FFFFFFFFFFFFFFFFFFFFFFFFFFFFFFFFF2
:107EA000FFFFFFFFFFFFFFFFFFFFFFFFFFFFFFFFE2
:107EB000FFFFFFFFFFFFFFFFFFFFFFFFFFFFFFFFD2
:107EC000FFFFFFFFFFFFFFFFFFFFFFFFFFFFFFFFC2
:107ED000FFFFFFFFFFFFFFFFFFFFFFFFFFFFFFFFB2
:107EE000FFFFFFFFFFFFFFFFFFFFFFFFFFFFFFFFA2
:107EF000FFFFFFFFFFFFFFFFFFFFFFFFFFFFFFFF92
:107F0000FFFFFFFFFFFFFFFFFFFFFFFFFFFFFFFF81
:107F1000FFFFFFFFFFFFFFFFFFFFFFFFFFFFFFFF71
:107F2000FFFFFFFFFFFFFFFFFFFFFFFFFFFFFFFF61
:107F3000FFFFFFFFFFFFFFFFFFFFFFFFFFFFFFFF51
:107F4000FFFFFFFFFFFFFFFFFFFFFFFFFFFFFFFF41
:107F5000FFFFFFFFFFFFFFFFFFFFFFFFFFFFFFFF31
:107F6000FFFFFFFFFFFFFFFFFFFFFFFFFFFFFFFF21
:107F7000FFFFFFFFFFFFFFFFFFFFFFFFFFFFFFFF11
:107F8000FFFFFFFFFFFFFFFFFFFFFFFFFFFFFFFF01
:107F9000FFFFFFFFFFFFFFFFFFFFFFFFFFFFFFFFF1
:107FA000FFFFFFFFFFFFFFFFFFFFFFFFFFFFFFFFE1
:107FB000FFFFFFFFFFFFFFFFFFFFFFFFFFFFFFFFD1
:107FC000FFFFFFFFFFFFFFFFFFFFFFFFFFFFFFFFC1
:107FD000FFFFFFFFFFFFFFFFFFFFFFFFFFFFFFFFB1
:107FE000FFFFFFFFFFFFFFFFFFFFFFFFFFFFFFFFA1
:107FF000FFFFFFFFFFFFFFFFFFFFFFFFFFFFFFFF91
:10800000C082C083801D8C828D83E4938A828B839F
:10801000F08C828D83A3AC82AD838A828B83A3AAEA
:1080200082AB83E9F874FF28190470DAD083D08218
:1080300002009374F7121EBAEAFEEBFF8E828F8362
:10804000A3A3A3A3A3A3A3E0640170217906EE2454
:1080500010F582E43FF583E0FCA3E0FD7A007B00AD
:10806000120B868E828F83A3A3740680098E828F63
:1080700083A3A3A3A3E4F079007F01021F2674F277
:10808000121EBAEAFEEBFF8E828F83A3A3A3A3A3E3
:10809000A3A3E06401600E8E828F83A3A3A3A3E455
:1080A000F0F9028146900E05E0A2E04008900BC86E
:1080B000E064557079EE2410F521E43FF522EE24BA
:1080C00002F523E43FF5247906852182852283E0A9
:1080D000FAA3E0FB120A12E9703F79068521828536
:1080E0002283E0FCA3E0FD7A007B00120B80752563
:1080F000067526007825121F70852182852283E06F
:10810000FCA3E0FD7AC27B0B120F8E7402121E429A
:10811000852382852483E4802A8E828F83A3A3A370
:10812000A3A3E04401F085238285248380138E82FB
:108130008F83A3A3A3A3A3E04404F08E828F83A321
:10814000A37401F079007F06021F2674F2121EBA92
:10815000EAFEEBFF752300800205239029F0E493EB
:10816000F8E523C3985029EE240BF582E43FF5830C
:10817000E0F985232175220074027821121E1974FA
:10818000CC2521F58274293522F583E4936970C9E1
:108190009029F0E493F8E523C398505075240074B7
:1081A000027823121E1974CC2523F874293524F97A
:1081B00088828983A3E493F525740193F526EE2440
:1081C00008F521E43FF522852182F5837404121F0E
:1081D0008988828983A3A3A3E493F9AA25AB2612F5
:1081E0000AB47404121E4274FF6970188E828F8361
:1081F000A3A3A3A3A37402F0A3E4F08E828F83A3AE
:10820000A30282B48E828F83A3A3A3A3A3A3A3A359
:10821000A3E0F4700F8E828F83A3A3A3A3A3A3A3D1
:10822000E0D2E6F08E828F83A3E0FA74146A6003D2
:108230000282B88521828522837821121CD8902B56
:10824000EE7821121C84902BF278211211F26068D2
:10825000902BF678211211F2605EEE2402FCE43FCE
:10826000FDE975F00DA4F521E5F0F522E5252521C0
:10827000F582E5263522F583A3A3A3A3A3E4937592
:108280002200240CF521500205228C828D83E0F51A
:1082900023C3E5219523E5229400A2D265D0335073
:1082A000178E828F83A3A3A3A3A37401F0A3E4F08A
:1082B0008C828D8304F0801474126A70167C427D67
:1082C00027EEFAEFFB120B6EE9F4604D79007F06A2
:1082D000021F26E975F00DA4F8A9F0E52528F5821E
:1082E000E52639F583AC82AD83EEFAEFFBA3A3A3B9
:1082F000A3A3A3A3A3E49325E0F8E433F974E5284A
:10830000F582742039F583E493C0E0740193F5831A
:10831000D082121EB8E9F470B379FF80B174F01204
:108320001EBA8A218B22EA2408FEE43522FFEA24C1
:1083300010F523E43522F5247525047526007825EB
:10834000121F70852382852483E0FCA3E0FDEEFAF2
:10835000EFFB120F8E7402121E428E828F837825DD
:10836000121CD8902BFA78251211F27036852382D0
:10837000852483E0F8A3E0F5838882A3A3A3A3E484
:10838000F0852382852483E0F8A3E0F5838882A327
:10839000A3A3A3A3E4F0852182852283A3A374066B
:1083A0000284E7902BFE78251211F2700D85218250
:1083B000852283A3A374050284E7902C02782512FA
:1083C00011F26003028467852382852483E0F8A389
:1083D000E0F9E8FAE9FB8A828B83A3A3A3A3A3A312
:1083E000E0FF8A828B83A3A3A3A3A3A3A3E01460CB
:1083F0000814600914600A800A7C0080067C0480EE
:10840000027C08ECFEEA2404FA50010B1209D6EEB5
:10841000FCEFF9120E68E9603D8F257526007402A5
:108420007825121E197825121F707C647D0C852317
:1084300082852483E02404FAA3E03400FB120F8E2B
:108440007402121E42EF333354FC240485218285CA
:108450002283A3A3800E852182852283A3A3A3A3C5
:10846000A3E044010284E77900800109E9C3941D77
:10847000507AE975F007A4FAABF074F12AFA74297E
:108480003BFB8A828B837825121CE78E828F837850
:10849000251211DD70D5EA2406FEE43BFF85238218
:1084A000852483E02404F523A3E03400F524782315
:1084B000121F708E828F83E493F98A828B83A3A329
:1084C000A3A3E493F523740193AA23FBE4FCFD1218
:1084D0000A3C7402121E428E828F83E49324048528
:1084E0002182852283A3A3F07900800D85218285D6
:1084F0002283A3A3A3A3E4F0F97F08021F2674F04C
:10850000121EBA74FE121E2C853182853283EAF067
:10851000A3EBF0853182853283E02408F527A3E0C0
:108520003400F528853182853283E02410F525A3B7
:10853000E03400F5267521047522007821121F70A1
:10854000852582852683E0FCA3E0FDAA27AB2812BF
:108550000F8E7402121E42902C067821121CE785A1
:10856000278285288378211211DD900BC87048740A
:1085700055F079017CC87D0B7A287B02120B80753F
:10858000215075220B7821121F707902902C0A78E5
:1085900021121CE7AA21AB22AC23AD24120A3C74A1
:1085A00002121E4275215075220B7821121F70791C
:1085B00002902C0E0286CEE06455601885318285CB
:1085C0003283E0F8A3E0F5838882A3A3A3A3A37476
:1085D00004028BEC8527828528837821121CD89091
:1085E0002C1278211211F27040900B50E4F0A3F09D
:1085F000900BC8F075215075220B7821121F7079ED
:1086000002902C0E7821121CE7AA21AB22AC23ADDC
:1086100024120A367402121E4279017CC87D0B7A3C
:10862000287B02120B80028C90902C16782112115C
:10863000F27036852582852683E02404F521A3E0A7
:108640003400F5227821121F70791B902C1A7821A2
:10865000121CE7AA21AB22AC23AD24120A36740205
:10866000121E42120C9A028C90902C1E782112112C
:10867000F27036852582852683E02404F521A3E067
:108680003400F5227821121F70791B902C1A782162
:10869000121CE7AA21AB22AC23AD24120A367402C5
:1086A000121E42120C8E028C90902C2278211211F4
:1086B000F27033852582852683E02404F521A3E02A
:1086C0003400F5227821121F70791B902C1A782122
:1086D000121CE7AA21AB22AC23AD24120A36740285
:1086E000121E42028C90902C2678211211F27018E2
:1086F000852582852683E02404FAA3E03400FB125A
:1087000009D6120C94028C90902C2A78211211F226
:10871000700E7A8A7B08120BB6900B4C745580153C
:10872000902C2E78211211F270157A8A7B08120B88
:10873000B6900B4CE4F0900D09E04440028C8F9011
:108740002C3278211211F260030288527521707563
:1087500022007821121F707C007D007AD17B0B12E1
:108760000F947402121E427521067821121F708523
:108770002582852683E02404FCA3E03400FD7AD121
:108780007B0B120F8E7402121E4275210878211283
:108790001F70852582852683E0240AFCA3E034002F
:1087A000FD7AD97B0B120F8E7402121E42900BE1E0
:1087B000E4F0A37440F0A37405F0A3742CF0A37448
:1087C000B6F0A37464F0A37467F0A37480F075210D
:1087D0000C7821121F70852582852683E0242AFCCF
:1087E000A3E03400FD7A317B0C120F8E7402121E4E
:1087F00042900BD97821121CD874017821121BBC2D
:10880000900BD97821121CFAA37821121CFA900C33
:10881000317821121CD874017821121BBC900C31C4
:108820007821121CFAA37821121CD8740178211225
:108830001BBC900C357821121CFAA37821121CD88D
:1088400074017821121BBC900C397821121CFA0299
:108850008B0C902C3678211211F270508525828570
:108860002683E02404FAA3E03400FB1209DCEAF8D2
:10887000EBF9ECFAEDFB900BF5121D458525828591
:108880002683E02408FAA3E03400FB1209DC900CF4
:108890000D121D15852582852683E0240CFAA3E0A0
:1088A0003400FB1209DC900C25028B09902C3A78DD
:1088B000211211F26003028949852582852683E011
:1088C0002404FAA3E03400FB1209DC900BED121D26
:1088D00015852582852683E02408FAA3E03400FB71
:1088E0001209DC900BF1121D15852582852683E087
:1088F000240CFAA3E03400FB1209DC900C05121DD5
:1089000015852582852683E02410FAA3E03400FB38
:108910001209DC900C09121D15852582852683E03D
:108920002414FAA3E03400FB1209DC900C1D121D84
:1089300015852582852683E02418FAA3E03400FB00
:108940001209DC900C21028B09902C3E7821121127
:10895000F27003028C90902C4278211211F2600385
:10896000028A5C852582852683E02404FAA3E0340C
:1089700000FB1209D6900BE9E4F0A3F0A3F0A3F0FA
:10898000EB54046024EAF42401F521E434FFF522D9
:108990003395E0F523F524902C467821121CAE90F7
:1089A0000BE97821121CFA800CEA900BE9F0A3E4A1
:1089B000F0A3F0A3F0852582852683E02406FAA3A0
:1089C000E03400FB1209D6900C01E4F0A3F0A3F010
:1089D000A3F0EB54046024EAF42401F521E434FF0D
:1089E000F5223395E0F523F524902C467821121CCE
:1089F000AE900C017821121CFA800CEA900C01F068
:108A0000A3E4F0A3F0A3F0852582852683E0240863
:108A1000FAA3E03400FB1209D6900C19E4F0A3F09D
:108A2000A3F0A3F0EB54046024EAF42401F521E45C
:108A300034FFF5223395E0F523F524902C46782178
:108A4000121CAE900C197821121CFA800CEA900CC2
:108A500019F0A3E4F0A3F0A3F0028B0C902C4A7859
:108A6000211211F27047852582852683E02404FABD
:108A7000A3E03400FB1209DC900BF9121D158525CB
:108A800082852683E02408FAA3E03400FB1209DC87
:108A9000900C11121D15852582852683E0240CFA81
:108AA000A3E03400FB1209DC900C29805C902C4E72
:108AB00078211211F27003028C90902C52782112BE
:108AC00011F27069852582852683E02404FAA3E0EB
:108AD0003400FB1209DC900BFD121D1585258285E3
:108AE0002683E02408FAA3E03400FB1209DC900C92
:108AF00015121D15852582852683E0240CFAA3E036
:108B00003400FB1209DC900C2D121D15796E7AD100
:108B10007B0B120A0C900C3FEAF0A3EBF079707C0F
:108B2000D17D0B7A407B01120B80028C6A902C560F
:108B300078211211F27009900D09E04480028C8FA7
:108B4000902C0278211211F26003028C0885258294
:108B5000852683E0F8A3E0F988828983A3A3A3A3F1
:108B6000A3A3A3A3E014600814604E14605A8067A6
:108B7000E82404FAE439FB1209DC900C41121D15BB
:108B8000790C7A417B0C120A0C900C4DEAF0A3EBA5
:108B9000F075214175220C7821121F70790E902CEE
:108BA0005A7821121CE7AA21AB22AC23AD24120A69
:108BB000367402121E42028C6AE82404FAE439FB7D
:108BC0001209DC900C4580B5E82404FAE439FB1264
:108BD00009DC900C4980A6853182853283E0F8A3B8
:108BE000E0F5838882A3A3A3A3A37401F0A3E4F018
:108BF000853182853283E0F8A3E0F5838882A3A3E0
:108C00007401F07900028CA37E0080010EEEC39403
:108C10001D5054EE75F007A4F8A9F074F128FA7409
:108C20002939FB8A828B837821121CE7852782856C
:108C3000288378211211DD70D38A828B83A3A3A3AA
:108C4000A3A3A3E493F9852582852683E02404FC6D
:108C5000A3E03400FD8A828B83A3A3A3A3E493FA49
:108C6000740193FB120B80EE7005900D09801D605E
:108C70000DC394065008900D09E044088011EEC31E
:108C80009406400C900D09E04424F0A3E04402F067
:108C9000853182853283E0F8A3E0F5838882A3A33F
:108CA000E4F0F97402121E427F08021F2674F412C7
:108CB0001EBAEAFEEBFF7B0074FF29FA740F121E46
:108CC00096E07049902C62C082C083740C121E968C
:108CD0007821121CD8902C5E7821121C84D083D06D
:108CE0008278211211F2604A740D121E96E0F87417
:108CF000FF686006E8C394055038740E121E96E0B3
:108D0000F8740C686017740B68700B8010740D1287
:108D10001E96E0F47007740D121E96E4F08E828F9A
:108D2000837821121CE7740C121E967821121245CA
:108D3000500F79FF7F04021F26EA696056740129EB
:108D4000FB8B23E5232AF521E43400F52274017816
:108D500021121DFAA921E975F00DA4F521E5F0F520
:108D600022EE2521F582EF3522F5837821121CE7CA
:108D7000740C121E9678211211DD6017740C121EED
:108D800096782112125550B1EB696003028E22E9E8
:108D9000600119E975F00DA4FAABF0EE2AFAEF3B89
:108DA000FB8A828B83E493FEA3A3A3A3A3A3A3E4E0
:108DB00093F521EE2521FEE43400FF740C121E967B
:108DC000E0F521C3EE9521EF9400C365D033500345
:108DD000028D328A828B83A3E493FE8A828B83A3E3
:108DE000A3A3A3A3A3E493F521EE2521FEE434007D
:108DF000FF740D121E96E0F521C3EE9521EF94004D
:108E0000C365D0335003028D32740E121E96E0F803
:108E10008A828B83A3A3E493C3985003028D32020A
:108E20008D3474FF29FA028D4174F0121EBAEAFEE5
:108E3000EBFF8E828F83A3A3A3A3A3A3A3E064026B
:108E4000600E8E828F83A3A3A3A3E4F0F9028FA800
:108E5000EE2408F527E43FF528EE2410F525E43F3D
:108E6000F5267521047522007821121F7085258250
:108E7000852683E0FCA3E0FDAA27AB28120F8E74A1
:108E800002121E42900BC8E064557003028F4785A2
:108E90002582852683E0FAA3E0FB8A828B83A3A345
:108EA000A3A3A3A3A3A3E0F97402696005740469F2
:108EB00070347402697015902C667821121CE78555
:108EC000278285288378211211DD701A7404697055
:108ED00022902C6A7821121CE785278285288378C6
:108EE000211211DD600D8E828F83A3A3A3A3A3742F
:108EF000018047900E05E0A2E05034EA2404F58298
:108F0000E43BF583E0F8E9C3984024AA82AB8312DE
:108F10000E32E9F88E828F83A3A3A3F074FF6870EA
:108F2000268E828F83A3A3A3A3A3A3A37420F08E72
:108F3000828F83A3A3A3A3A37404F0A3E4F08E827F
:108F40008F83A3A304805E852582852683E0F8A312
:108F5000E0F9888289837903E5822409FCE435837A
:108F6000FDA3A3A3A3A3A3A3A3E089F0A4ABF02430
:108F7000C0FA50010B120B80852582852683E0FA0A
:108F8000A3E0FB7521047522007821121F70EA24EA
:108F900008FCE43BFD120F8E7402121E428E828F7B
:108FA00083A3A37404F079007F08021F2674F612CD
:108FB0001EBA74FF121E2CEAFEEBFF8E828F83A373
:108FC000A3A3A3A3A3A3E06402600E8E828F83A356
:108FD000A3A3A3E4F0F9029060EE2410F582E43F2D
:108FE000F583E0F8A3E0F5838882E085318285325D
:108FF00083F07802800108E8C39406501785318217
:10900000853283E0F974F328F582E43434F583E49F
:10901000936970E2E8C39406500B8E828F83E0F868
:1090200074016870188E828F83A3A3A3A3A374080E
:10903000F0A3E4F08E828F83A3A3048020740168E0
:10904000700D7901AC31AD327A7B7B00120B8090D0
:1090500006517428F08E828F83A3A37401F07900E7
:109060007401121E427F02021F2674F4121EBAEA15
:10907000FEEBFF8E828F83A3A3A3A3A3A3A3E0642D
:1090800002600E8E828F83A3A3A3A3E4F0F9029162
:109090001DEE2410F521E43FF522900BC8E0645545
:1090A000603E852182852283E0FAA3E0FB120E3226
:1090B000E9FA8E828F83A3A3A3F0900E05E0A2E0CD
:1090C000500574026A60198E828F83A3A3A3A3A3A1
:1090D0007404F0A3E4F08E828F83A3A304F0803B9A
:1090E000900D05E04440F08E828F83A3A3E4F075D9
:1090F0002304F5247823121F70852182852283E0C2
:109100002404FCA3E03400FD7A537B06120F8E7416
:1091100002121E427A947B08120BB679007F040279
:109120001F26790002009374F0121EBA74F1121E09
:109130002C8A238B248A828B83A3A3A3A3A3A3A318
:10914000E06003029271A831A93288218922782136
:10915000121F707906902C6E7825121CE7AA25AB99
:1091600026AC27AD28120A3C7402121E42900CE471
:10917000E0F8742368700C900CE3E0C3945540034E
:10918000029271E8700C900CE3E0C3940550030266
:10919000927175250080291209FAE92401FEE43450
:1091A00000FF852182852283E0F91209FAE96E4FDA
:1091B000700C900CE3E0C3945540030292710525B6
:1091C000E525C394035041A825E828F8E433F98540
:1091D0003182853283E58228F521E58339F52285C0
:1091E0002182F583A3E0F8900CE5E06870D0900C44
:1091F000E4E0F9852182852283E069709A900CE38E
:10920000E0C3940550B88069E5232410FEE43524BA
:10921000FF7521067522007821121F708E828F83C0
:10922000E0FCA3E0FD7408121EA8120F8E74021257
:109230001E4279028E828F83E0FAA3E0FB120F2296
:10924000E9702E902C72C082C0837CE27D0C740683
:10925000121EA8120EE08A258B268C278D28D0831B
:10926000D08278251212744008900E05E0540260F6
:109270000479FF8018E04402F0900D09E04401F009
:10928000852382852483A3A3A3A3E4F0F9740F129A
:109290001E427F08021F2674F4121EBAEAFEEBFF7C
:1092A000EE2407F523E43FF524852382F583E0F8D7
:1092B0006013740268600E8E828F83A3A3A3A3E45D
:1092C000F0F90293B0EE2410F521E43FF522852158
:1092D00082F583E0FAA3E0FB8A828B83E0649970D5
:1092E00036A3E0649970308A828B83A3A3E06499EB
:1092F00070258A828B83A3A3A3E064997019900DD3
:109300000BE0D2E3F0852382852483E0F870768E2B
:10931000828F83A3A3807C7904120A12E970798575
:109320002182852283E0FCA3E0FD8C828D83A3A3B0
:10933000A3E0F87499686009E8C39413505AE86090
:10934000578C828D83A3A3E0F87499686009E8C301
:1093500094295044E860418C828D83A3E0F874998D
:10936000686006E8C39424502F8C828D83E0F874E3
:1093700099686006E8C3945A501E79047AF77B0016
:10938000120B808080740268600574016870098E19
:10939000828F83A3A3E480158E828F83A3A3A3A3CC
:1093A000A3E04401F08E828F83A3A37401F07900BF
:1093B0007F04021F2674F0121EBA74FF121E2C8A3C
:1093C000218B228A828B83A3858227858328E06470
:1093D0001270030295C88C828D83A3A3A3A3A3A3B9
:1093E000A3A3A3C082C0838A828B83A3A3A3A3A3C6
:1093F000A3A3A3E0F52375240074067823121E1995
:10940000D083D082932523FEA3E4933524FFEC245C
:109410000BF525E43DF526A831A932882389247867
:1094200023121F707901852582852683E493FAE94A
:1094300093FBEA2AFAEB33FB74BA2AF582742A3BCF
:10944000F583E493F523E993AA23FBE4FCFD120AD8
:109450003C7402121E42853182853283E0C3940F30
:109460004003740EF0E5212402F523E43522F524AF
:10947000852782852883E064117040E5212410F55A
:1094800082E43522F583121F8575F0037402121EE3
:1094900096E0A4F98E218F22AA21AB22E4FCFD12D2
:1094A0000A3C7402121E4275F003853182853283B4
:1094B000E0A48523828524830295E2852582852682
:1094C00083E493F8740193F9740168497004791185
:1094D00080027912852182852283A3A3A3E0649868
:1094E000600A852382852483E024F4F08523828525
:1094F0002483E0FC75F00384E5F060030295C8E581
:10950000212405F525E43522F526ECC3942B4003F0
:1095100002959DE5212410F52150020522F5828552
:109520002283E0FAA3E0FB120BA4E98525828526BD
:1095300083F0A3E4F0852582852683E0F8A3E0F993
:10954000E849707A852382852483E0F88521828525
:109550002283E028FAA3E03400FB742AC398F5259F
:1095600095E0F5267825121F70EA24FDFCEB34FF08
:10957000FD120F8E7402121E42792A8521828522E5
:1095800083E0FCA3E0FDEEFAEFFB120B8085238263
:10959000852483E4F0900D09E04401804585218213
:1095A000852283A3A3A3A3A3A3A3A3E085258285E8
:1095B00026837004741080027420F0A3E4F08523E5
:1095C000828524837401801A852182852283A3A346
:1095D000A3A3A37401F0A3E4F0852182852283A3D1
:1095E000A304F079007401121E427F08021F267442
:1095F000F0121EBA8A258B268A828B83A3E0F8EAB2
:109600002402F527E43526F528741468700D8A8243
:109610008B83A3A3A3A3A37404801074126870198E
:109620008A828B83A3A3A3A3A37401F0A3E4F08590
:109630002782852883040296FEEC2405FEE43DFF84
:109640008E828F83E493F87900EA2410F523E435C1
:1096500026F524852382F583E0FAA3E0FB852582A5
:10966000852683A3A3A3A3A3A3A3A3E0F4882189AE
:109670002278217042121F707C5F7D08120F8E7459
:1096800002121E427521047821121F707CFF7D009A
:109690008E828F83E493F8852382852483E028FAE1
:1096A000A3E03400FB120F947402121E428E828FCC
:1096B00083E49324048041121F708C828D8378216F
:1096C000121CE7A921852582852683A3A3A3A3A332
:1096D000A3A3A37821121CD8E521C39925E0F8E4BF
:1096E00033F9745F28FC740839FD120F8E7402126E
:1096F0001E428E828F83E493852782852883F079AA
:10970000007F08021F2674F6121EBAEAFEEBFFEE77
:109710002407F521E43FF522852182F583E0F874E2
:1097200002686010E8600D8E828F83A3A3A3A3E478
:10973000F0F98061EE2410F582E43FF583E0F8A3B0
:10974000E0F5838882E0F8700D7900120DE4900650
:109750005CE0C2E08020740268700D7902120DE4B2
:1097600090065CE0D2E0800E8E828F83A3A3A3A339
:10977000A37401F0A3E4F08E828F83A3A37401F09D
:10978000852182852283E0700A8E828F83A3A3A322
:10979000A3E4F079007F02021F2674F0121EBA744F
:1097A000E2121E2C7404121E96ECF0A3EDF0EAFEF9
:1097B000EBFF7404121E96E0F8A3E0C8240BF582B8
:1097C000E438F583E493F582A8828E828F83A3E048
:1097D000FA74146A700D8E828F83A3A3A3A3A3745B
:1097E00004801074126A70198E828F83A3A3A3A3BE
:1097F000A37401F0A3E4F08E828F83A3A304029AE2
:109800003BE8A2E0740A40030298C8121E968582C3
:10981000218583227821121F707C047B147A0179C0
:1098200000120BD47402121E42740E121E96858210
:10983000218583227821121F707C047B287A01798C
:1098400000120BD47402121E42740A121E96782162
:10985000121CD8740E121E967821121C0774061260
:109860001E967821121CFA7416121E968582218586
:1098700083227821121F707C047B147A00790012F5
:109880000BD47402121E42741A121E968582218510
:1098900083227821121F707C047B287A00790012C1
:1098A0000BD47402121E427416121E967821121CDA
:1098B000D8741A121E967821121C077412121E9662
:1098C0007821121CFA02997B121E968582218583CB
:1098D000227821121F707C047B147A007900120B0D
:1098E000D47402121E42740E121E96858221858344
:1098F000227821121F707C047B287A007900120BD9
:10990000D47402121E42740A121E967821121CD8B8
:10991000740E121E967821121C077406121E967879
:1099200021121CFA7C007B037A007901120C168A42
:10993000218B227C007B037A007902120C16900A9C
:10994000507825121CD8900A647825121C07E5224D
:109950003395E0F523F52478257921121BF48A212B
:10996000EBF5223395E0F523F52478257921121BB8
:10997000F47412121E967825121CFA7412121E9696
:109980007821121CD87406121E967821121C588554
:1099900031828532837821121CFA902C767821123C
:1099A0001CE7853182853283782112124585318208
:1099B000853283400AE4F0A3F0A3F0A3F0803C7862
:1099C00025121CD8902C7A7821121CE77825792151
:1099D000121AC18531828532837825121CFA8531AD
:1099E00082853283121D091209E8EAF8EBF9ECFAD4
:1099F000EDFB853182853283121D45752104752268
:109A0000007821121F707402121EB0EE2410F5822D
:109A1000E43FF583E0FAA3E0FB120F8E7402121EFE
:109A2000427404121E96E0F8A3E0F5838882A3A393
:109A3000A3A3A3E4938E828F83A3A3F07900741E63
:109A4000121E427F08021F2674F0121EBA74F11211
:109A50001E2C7405121E96ECF0A3EDF0EAFEEBFF4F
:109A60008E828F83A3E0F8741468700D8E828F83CA
:109A7000A3A3A3A3A37404801074126870198E8228
:109A80008F83A3A3A3A3A37401F0A3E4F08E828F1A
:109A900083A3A304029C6FA831A93288218922786C
:109AA00021121F70902C7E7821121CE7AA21AB2274
:109AB000AC23AD24120A427402121E42740B121E11
:109AC000A0882189227821121F7079047402121E45
:109AD00096E0F52175220074027821121E19E52105
:109AE0002401FAE5223411FB3395E0FCFD120A3C17
:109AF0007402121E427405121E96E0F8A3E0C824F8
:109B00000BF582E438F583E493A2E0505685318268
:109B1000853283E0A2E0E433045401F07407121E9E
:109B2000A0882189227821121F7079047402121EE4
:109B300096E0F52175220074027821121E19E521A4
:109B40002401FAE5223411FB3395E0FCFD120A3CB6
:109B50007402121E42740B121E967821121CD874C5
:109B60000780637C007B037A007901120C168A213E
:109B70008B227C007B037A007902120C16900A502B
:109B80007825121CD8900A647825121C07E5223328
:109B900095E0F523F52478257921121BF48A21EB31
:109BA000F5223395E0F523F52478257921121BF46D
:109BB0007407121E967825121CFA7407121E9678E6
:109BC00021121CD8740B121E967821121C58740195
:109BD000121E967821121CFA902C767821121CE71E
:109BE0007401121E9678211212457401400D121E46
:109BF00096E4F0A3F0A3F0A3F08034121E9678252B
:109C0000121CD8902C7A7821121CE7782579211221
:109C10001AC17401121E967825121CFA7401121EC4
:109C200096121D091209E87401121E96121D15756F
:109C300021047522007821121F707403121EB0EEE9
:109C40002410F582E43FF583E0FAA3E0FB120F8EC7
:109C50007402121E427405121E96E0F8A3E0F5830A
:109C60008882A3A3A3A3A3E4938E828F83A3A3F0EC
:109C70007900740F121E427F08021F2674F0121E14
:109C8000BA74F4121E2C7404121E96EAF0A3EBF0C0
:109C90007409121E96E4F07404121E96E0F8A3E014
:109CA000F5838882A3E0F874146870167404121E99
:109CB00096E0F8A3E0F5838882A3A3A3A3A374048A
:109CC0008019741268702C7404121E96E0F8A3E0D8
:109CD000F5838882A3A3A3A3A37401F0A3E4F07483
:109CE00004121E96E0F8A3E0F5838882A3A3740112
:109CF00002A0F87404121E96E0240AF8A3E03400CF
:109D0000F97407121E96E8F0A3E9F07404121E9687
:109D1000E0F8A3E0C82407F582E438F583E0A2E682
:109D20004003029EE17406121E96E48065740712D9
:109D30001E96E0F8A3E0F5838882E07013902C82F1
:109D40007821121CE78531828532837821121C9B91
:109D50007521047522007821121F707402121EB042
:109D6000740C121E96E0F8A3E0F97406121E96E039
:109D7000FAA3E0CA2410F582E43AF583E028FAA3B6
:109D8000E039FB120F8E7402121E427406121E96E8
:109D9000E004F0E0C394054003029ECDE0F5217598
:109DA000220074027821121E19740A121E96E521EF
:109DB000F0A3E522F0740A121E96C082C0837407D5
:109DC000121E96E0F8A3E0F5838882E075F014A4F3
:109DD000F8A9F0743C28F8740A39F9D083D082E0ED
:109DE00028F8A3E039F988828983121D39853182E8
:109DF000853283121D457C007B037406121E96E09B
:109E0000FA7407121E96E0F8A3E0F5838882E0F961
:109E1000120C168A218B22EB3395E0F523F524856D
:109E200031828532837821121C317407121E96E02C
:109E3000F8A3E0F5838882E07038902C76782112C0
:109E40001CE78531828532837821121245402385B3
:109E500031828532837821121CD87821121B9B8590
:109E600031828532837821121CFA7409121E96748D
:109E700001F08531828532837821121CD8902C7AAA
:109E80007825121CE778217925121B5A85318285A5
:109E900032837821121CFA853182853283121D09A2
:109EA0001209E8853182853283121D157409121E4C
:109EB00096E07003029D2D902C867821121CE78578
:109EC00031828532837821121CC5029D50740412A0
:109ED0001E96E0F8A3E0F5838882A3A3741402A081
:109EE000F87407121E96E0F8A3E0F5838882E0F884
:109EF000EC240BF521E43DF5227404121E96E024B7
:109F000009FEA3E03400FFE8C39414506B900B806B
:109F1000E4F08E828F83E0F52375240074027823A9
:109F2000121E197407121E96E0F8A3E0F5838882CA
:109F3000E075F014A4F8A9F0743C28F8740A39F913
:109F4000E82523F582E93524F583121D3985318210
:109F5000853283121D457C00852182852283E4930E
:109F6000FB8E828F83E0FA7407121E96E0F8A3E05E
:109F7000F5838882E0F9805175F014E884F5237543
:109F8000240074027823121E198E828F83E0F52537
:109F900075260074027825121E1974742525F8742C
:109FA0000A3526F9E82523F582E93524F583121DC3
:109FB00039853182853283121D457C008521828559
:109FC0002283E493FB7A007901120C168A218B22FA
:109FD000EB3395E0F523F5248531828532837821B2
:109FE000121C317407121E96E0F8A3E0F5838882F4
:109FF000E0F8703F902C767821121CE7853182853D
:10A00000328378211212454035900B807455F085CB
:10A0100031828532837821121CD87821121B9B85CE
:10A0200031828532837821121CFA7409121E9674CB
:10A0300001800A7402687006900B807455F08531B7
:10A04000828532837821121CD8902C7A7825121CB4
:10A05000E778217925121B5A853182853283782150
:10A06000121CFA853182853283121D091209E88596
:10A070003182853283121D157409121E96E0601517
:10A08000902C867821121CE78531828532837821D5
:10A09000121CC580237407121E96E0F8A3E0F58316
:10A0A0008882E07013902C827821121CE78531821F
:10A0B0008532837821121C9B75210475220078213A
:10A0C000121F707402121EB07406121E96E0F8A3DE
:10A0D000E0C82410F582E438F583E0FAA3E0FB122F
:10A0E0000F8E7402121E427404121E96E0F8A3E052
:10A0F000F5838882A3A37404F07900740C121E42C5
:10A100007F08021F2674F0121EBA74F4121E2C74FB
:10A1100004121E96EAF0A3EBF07404121E96E0F807
:10A12000A3E0F5838882A3E0F874146870167404C1
:10A13000121E96E0F8A3E0F5838882A3A3A3A3A34D
:10A1400074048019741268702C7404121E96E0F85E
:10A15000A3E0F5838882A3A3A3A3A37401F0A3E4DF
:10A16000F07404121E96E0F8A3E0F5838882A3A39E
:10A17000740102A5817409121E96E4F07404121E83
:10A1800096E0240AF8A3E03400F97407121E96E85A
:10A19000F0A3E9F07404121E96E0F8A3E0C82407C7
:10A1A000F582E438F583E0A2E6400302A36A740670
:10A1B000121E96E480657407121E96E0F8A3E0F57F
:10A1C000838882E07013902C827821121CE78531FD
:10A1D000828532837821121C9B75210475220078B8
:10A1E00021121F707402121EB0740C121E96E0F839
:10A1F000A3E0F97406121E96E0FAA3E0CA2410F553
:10A2000082E43AF583E028FAA3E039FB120F8E745A
:10A2100002121E427406121E96E004F0E0C394057A
:10A22000400302A356E0F521752200740278211242
:10A230001E19740A121E96E521F0A3E522F0740A95
:10A24000121E96C082C0837407121E96E0F8A3E027
:10A25000F5838882E075F014A4F8A9F0749228F8C8
:10A26000740A39F9D083D082E028F8A3E039F9885C
:10A27000828983121D39853182853283121D457C86
:10A28000017B037406121E96E0FA7407121E96E014
:10A29000F8A3E0F5838882E0F9120C168A218B225C
:10A2A000EB3395E0F523F5248531828532837821DF
:10A2B000121C317407121E96E0F8A3E0F583888221
:10A2C000E07038902C767821121CE7853182853237
:10A2D000837821121245402385318285328378218B
:10A2E000121CD87821121B9B8531828532837821FC
:10A2F000121CFA7409121E967401F085318285329F
:10A30000837821121CD8902C7A7825121CE77821AA
:10A310007925121B5A8531828532837821121CFAE5
:10A32000853182853283121D091209E885318285C3
:10A330003283121D157409121E96E0700302A1B635
:10A34000902C867821121CE7853182853283782112
:10A35000121CC502A1D97404121E96E0F8A3E0F500
:10A36000838882A3A3741402A5817407121E96E049
:10A37000F8A3E0F5838882E0F8EC240BF521E43DB6
:10A38000F5227404121E96E02409FEA3E03400FFB7
:10A39000E8C39414506B900B80E4F08E828F83E0BE
:10A3A000F52375240074027823121E197407121EF7
:10A3B00096E0F8A3E0F5838882E075F014A4F8A98C
:10A3C000F0749228F8740A39F9E82523F582E93502
:10A3D00024F583121D39853182853283121D457C17
:10A3E00001852182852283E493FB8E828F83E0FAAC
:10A3F0007407121E96E0F8A3E0F5838882E0F980E6
:10A400005175F014E884F523752400740278231242
:10A410001E198E828F83E0F525752600740278253B
:10A42000121E1974CA2525F8740A3526F9E8252361
:10A43000F582E93524F583121D3985318285328311
:10A44000121D457C01852182852283E493FB7A00DD
:10A450007901120C168A218B22EB3395E0F523F556
:10A46000248531828532837821121C317407121EB3
:10A4700096E0F8A3E0F5838882E0F8703F902C76B0
:10A480007821121CE78531828532837821121245AA
:10A490004035900B807455F0853182853283782168
:10A4A000121CD87821121B9B85318285328378213A
:10A4B000121CFA7409121E967401800A74026870E4
:10A4C00006900B807455F085318285328378211295
:10A4D0001CD8902C7A7825121CE778217925121B3C
:10A4E0005A8531828532837821121CFA8531828522
:10A4F0003283121D091209E8853182853283121DCB
:10A50000157409121E96E06015902C867821121C95
:10A51000E78531828532837821121CC58023740738
:10A52000121E96E0F8A3E0F5838882E07013902C69
:10A53000827821121CE78531828532837821121CB2
:10A540009B7521047522007821121F707402121E5F
:10A55000B07406121E96E0F8A3E0C82410F582E459
:10A5600038F583E0FAA3E0FB120F8E7402121E424C
:10A570007404121E96E0F8A3E0F5838882A3A37406
:10A5800004F07900740C121E427F08021F2674F03A
:10A59000121EBA74F8121E2CEAFEEBFF8E828F8315
:10A5A000A3E0F8741468700D8E828F83A3A3A3A315
:10A5B000A3740480107412688E828F83A3A3A3A354
:10A5C000A370107401F0A3E4F08E828F83A3A30420
:10A5D00002A77DA3A3A3E014FA8E828F83A3A3A373
:10A5E000A3A3A3A3E0A2E6400302A78175215F75A0
:10A5F00022067821121F707C148CF08E828F83A328
:10A60000A3A3A3A3A3A3A3A3A3E0A4FB7900120B7A
:10A61000D47402121E427405121E96E4805C8E826F
:10A620008F83A3A3A3A3A3A3A3A3A3A3E0701290C8
:10A630002C827821121CE77401121E967821121CBC
:10A640009B7521047522007821121F707403121E5D
:10A65000B07408121E96E0F8A3E0F9EE2410F5821B
:10A66000E43FF583E028FAA3E039FB120F8E740271
:10A67000121E427405121E96E004F0E0C3940540D9
:10A680000302A775853182853283E4F07405121EBA
:10A6900096E0F52175220074027821121E197406C5
:10A6A000121E96E521F0A3E522F07406121E96E034
:10A6B000245FF8A3E03406F988828983121D397477
:10A6C00001121E96121D458E828F83A3A3A3A3A3FE
:10A6D000A3A3A3A3A3E0703E902C767821121CE7DD
:10A6E0007401121E967821121245402A7401121E1E
:10A6F000967821121CD87821121BAC902C8A7821D4
:10A70000121C1A7401121E967821121CFA853182CD
:10A710008532837401F07401121E967825121CD8BC
:10A72000902C7A7821121CE778257921121AC174AD
:10A7300001121E967825121CFA7401121E96121D23
:10A74000091209E8EAF8EBF9ECFAEDFB7401121EC4
:10A7500096121D45853182853283E0700302A61E64
:10A76000902C867821121CE77401121E9678211213
:10A770001CC502A6418E828F83A3A37414F002A885
:10A78000D4853182853283E4F0900B80F004121E70
:10A79000A0882189227821121F707C048E828F83E9
:10A7A000A3A3A3A3A3A3A3A3A3E0333354FCF875EB
:10A7B000F0148E828F83A3A3A3A3A3A3A3A3A3A315
:10A7C000E0A428FB7900120BD47402121E428E8280
:10A7D0008F83A3A3A3A3A3A3A3A3A3A3E0F870457C
:10A7E000902C767821121CE77401121E96782112A3
:10A7F0001245403C900B807455F07401121E9678FF
:10A8000021121CD87821121BAC902C8A7821121CA2
:10A810001A7401121E967821121CFA853182853233
:10A82000837401800A7402687006900B807455F07E
:10A830007401121E967825121CD8902C7A78211259
:10A840001CE778257921121AC17401121E96782509
:10A85000121CFA7401121E96121D091209E87401E5
:10A86000121E96121D15853182853283E060149088
:10A870002C867821121CE77401121E967821121C76
:10A88000C580238E828F83A3A3A3A3A3A3A3A3A383
:10A89000A3E07012902C827821121CE77401121E22
:10A8A000967821121C9B8E828F83A3A37404F0F5EB
:10A8B000217522007821121F707403121EB0EE243D
:10A8C00010F582E43FF583E0FAA3E0FB120F8E74EB
:10A8D00002121E4279007408121E427F08021F26CF
:10A8E00074F0121EBA74F2121E2C7404121E96EA30
:10A8F000F0A3EBF0740C121E96ECF0A3EDF07404D0
:10A90000121E96E0F8A3E0F5838882A3E0F87414A1
:10A910006870167404121E96E0F8A3E0F58388822E
:10A92000A3A3A3A3A374048019741268702C7404E5
:10A93000121E96E0F8A3E0F5838882A3A3A3A3A345
:10A940007401F0A3E4F07404121E96E0F8A3E0F59D
:10A95000838882A3A3740102AC967E007404121E45
:10A9600096E02409F8A3E03400F97408121E96E872
:10A97000F0A3E9F07404121E96E0240AF8A3E03470
:10A9800000F97406121E96E8F0A3E9F07408121E8E
:10A9900096E0F8A3E0F5838882E0F5218E22740228
:10A9A0007821121E197406121E96E0F8A3E0F583B2
:10A9B0008882E075F014A4F8A9F0743C28F8740AB1
:10A9C00039F9E82521F582E93522F583121D39850B
:10A9D0003182853283121D457C007B037408121E70
:10A9E00096E0F8A3E0F5838882E0FA7406121E96DA
:10A9F000E0F8A3E0F5838882E0F9120C168A218B37
:10AA000022EB3395E0F523F5248531828532837876
:10AA100021121C317406121E96E0F8A3E0F583881B
:10AA200082E07031902C767821121CE78531828586
:10AA300032837821121245401C8531828532837819
:10AA400021121CD87821121B9B8531828532837894
:10AA500021121CFA0E8531828532837825121CD88A
:10AA6000902C7A7821121CE778257921121B5A85BF
:10AA700031828532837825121CFA853182853283B2
:10AA8000121D091209E8EAF8EBF9ECFAEDFB853141
:10AA900082853283121D45EE6015902C8678211236
:10AAA0001CE78531828532837821121CC58023748E
:10AAB00006121E96E0F8A3E0F5838882E0701390FA
:10AAC0002C827821121CE78531828532837821120D
:10AAD0001C9B7404121E96E02410F8A3E03400F9C5
:10AAE000740A121E96E8F0A3E9F07521047522009D
:10AAF0007821121F707402121EB0740C121E96E0A0
:10AB0000F8A3E0F5838882E0FAA3E0FB120F8E74CD
:10AB100002121E427F0080667406121E96E0F8A3A1
:10AB2000E0F5838882E07013902C827821121CE774
:10AB30008531828532837821121C9B752104752210
:10AB4000007821121F707402121EB08F21740278D7
:10AB500021121E19740C121E96E0F8A3E0F58388EA
:10AB600082E02521F8A3E035228882F583A3A3A300
:10AB7000A3AA82AB83120F8E7402121E420FEFC380
:10AB8000940C400302AC857E00900B80E4F0A83169
:10AB9000A932882189227821121F707C04740A123C
:10ABA0001E96E0F8A3E0F5838882E0333354FCC0BE
:10ABB000E0740E121E96E0F8A3E0C82409F582E4C2
:10ABC00038F583E493F8D0E028FBEFFA7900120B14
:10ABD000D47402121E427406121E96E0F8A3E0F529
:10ABE000838882E0703F902C767821121CE78531B3
:10ABF000828532837821121245402A900B80745549
:10AC0000F08531828532837821121CD87821121B7D
:10AC1000AC902C8A7821121C1A8531828532837877
:10AC200021121CFA0E8531828532837825121CD8B8
:10AC3000902C7A7821121CE778257921121B5A85ED
:10AC40003182853283E525F0A3E526F0A3E527F0E0
:10AC5000A3E528F0853182853283121D091209E8A7
:10AC6000853182853283121D15EE700302AB189078
:10AC70002C867821121CE785318285328378211257
:10AC80001CC502AB3B7404121E96E0F8A3E0F583EA
:10AC90008882A3A37434F07900740E121E427F08D8
:10ACA000021F2674F0121EBA74FA121E2C8531820D
:10ACB000853283EAF0A3EBF08C218D2285318285E9
:10ACC0003283E02401FAA3E03400FB8C828D83A35D
:10ACD000A3A3A3E493A2E55011900BC8E0645560D0
:10ACE000098A828B83E0641460488A828B83E0F84F
:10ACF0008C828D83A3A3A3A3E493A2E450057411D3
:10AD000068602F7412687017853182853283E0F88D
:10AD1000A3E0F5838882A3A3A3A3A3740180288C56
:10AD2000828D83A3A3A3A3E493A2E35021741468A8
:10AD3000701C853182853283E0F8A3E0F583888238
:10AD4000A3A3A3A3A37404F0A3E4F002B0CA740203
:10AD5000121E96E4F0A3F0A3F0A3F08531828532B1
:10AD600083E02410FEA3E03400FF8E828F83E0F5A1
:10AD700025A3E0F5268C828D83A3A3A3A3A3E4934C
:10AD8000F98A828B83E06411600302AEA6AC25AD24
:10AD900026852182852283A3A3A3A3A3A3A3A3A380
:10ADA000E493FA740193FB120B868521828522833A
:10ADB000A3A3A3A3E493A2E6400302AE828521826B
:10ADC000852283A3A3A3A3A3E493F8740168702648
:10ADD0008E828F83E0F8A3E0F5838882E0F9120A7F
:10ADE00000E9C0E08E828F83E0F8A3E0F5838882DB
:10ADF000D0E0F002AE8274026870328E828F83E0FF
:10AE0000FAA3E0FB1209D67402121E96EAF0A3EB35
:10AE1000F07402121E96E0FAA3E0FB1209E274023B
:10AE2000121E96EAF0A3EBF07523028037740468D3
:10AE300070508E828F83E0FAA3E0FB1209DCEAF8FF
:10AE4000EBF9ECFAEDFB7402121E96121D4574022A
:10AE5000121E96121D091209E87402121E96121D86
:10AE6000157523047524007823121F707404121EB4
:10AE7000B08E828F83E0FAA3E0FB120F8E74021271
:10AE80001E42852182852283A3A3A3A3A3E493C0AA
:10AE9000E0853182853283E0F8A3E0F5838882A3E0
:10AEA000A3D0E002B0DC853182853283E02405F551
:10AEB00023A3E03400F524E9FCE521240BF582E42A
:10AEC0003522F583E493F8740193F9E875F003A44F
:10AED000F8AAF075F003E9A42AF974C028F5827481
:10AEE0002A39F583E493F9AA25AB26120BA4E98548
:10AEF0002382852483F0A3E4F0852382852483E0E4
:10AF0000F8A3E0F9E849600302B0CA8521828522EE
:10AF100083A3A3A3A3E493A2E6400302AFDB8521AE
:10AF200082852283A3A3A3A3A3E493F8740168708A
:10AF3000268E828F83E0F8A3E0F5838882E0F91201
:10AF400009FAE9C0E08E828F83E0F8A3E0F58388F8
:10AF500082D0E0F002AFDB74026870328E828F83A1
:10AF6000E0FAA3E0FB1209D67402121E96EAF0A3DF
:10AF7000EBF07402121E96E0FAA3E0FB1209F474DF
:10AF800002121E96EAF0A3EBF0752302802F7404E0
:10AF90006870488E828F83E0FAA3E0FB1209DC74AC
:10AFA00002121E96121D157402121E96121D09120F
:10AFB00009EE7402121E96121D15752304752400E5
:10AFC0007823121F707404121EB08E828F83E0FAF1
:10AFD000A3E0FB120F8E7402121E4285218285228D
:10AFE00083A3A3A3A3A3E493F98E828F83E0FCA39E
:10AFF000E0FD852182852283A3A3A3A3A3A3A3A30A
:10B00000A3E493FA740193FB120B80902C8E7825A5
:10B01000121CE7853182853283E0F8A3E0C824085A
:10B02000F582E438F58378251211DD702974021257
:10B030001E96E4F0A3F0A3F0A3F0900CE7E0C0E0CC
:10B040007402121E96D0E0F079017402121EB07ADA
:10B05000457B02120B80E521240BF582E43522F5B5
:10B0600083E493C0E0740193F583D082A882A9831E
:10B07000740F6849700790065174288039852182C1
:10B08000852283A3A3A3A3E493A2E7502AE875F043
:10B0900003A4F8AAF075F003E9A42AF974C128F50D
:10B0A00082742A39F583E493F8740193F9900D09B9
:10B0B000E048F0A3E049F0853182853283E0F8A3CF
:10B0C000E0F5838882A3A3E48012853182853283F0
:10B0D000E0F8A3E0F5838882A3A37401F0790074FB
:10B0E00006121E427F08021F2674F2121EBA74FC5A
:10B0F000121E2C8C238D248A828B83A3E0F8EA24F1
:10B1000002F521E43BF522741468700D8A828B836A
:10B11000A3A3A3A3A37404801074126870198A8275
:10B120008B83A3A3A3A3A37401F0A3E4F0852182DE
:10B130008522830402B1D8853182853283E4F0A36D
:10B14000F0A3F0A3F0EA2410FEE43BFF79028E8224
:10B150008F83E0FCA3E0FD852382852483A3A3A342
:10B16000A3A3A3A3A3A3E493FA740193FB120B86F6
:10B170008E828F83E0FAA3E0FB1209D685318285A7
:10B180003283EAF0A3EBF0853182853283121D0908
:10B190001209E8EAF8EBF9ECFAEDFB853182853229
:10B1A00083121D457525037526007825121F7074BE
:10B1B00002121EB08E828F83E0FAA3E0FB120F8E84
:10B1C0007402121E42852382852483A3A3A3A3A312
:10B1D000E493852182852283F079007404121E4253
:10B1E0007F06021F2674F2121EBA74FC121E2CEA8D
:10B1F000FEEBFF8C238D248E828F83A3E0F8EE2458
:10B2000002F521E43FF522741468700D8E828F835D
:10B21000A3A3A3A3A37404801074126870198E8270
:10B220008F83A3A3A3A3A37401F0A3E4F0852182D9
:10B230008522830402B2CC853182853283E4F0A377
:10B24000F0A3F0A3F0A831A9328825892678251229
:10B250001F7079038C828D83A3A3A3A3A3A3A3A3AD
:10B26000A3E493F525740193AA25FBE4FCFD120ADF
:10B270003C7402121E42853182853283121D0912EE
:10B2800009E8EAF8EBF9ECFAEDFB853182853283C7
:10B29000121D457525037526007825121F7074024E
:10B2A000121EB0EE2410F582E43FF583E0FAA3E02D
:10B2B000FB120F8E7402121E42852382852483A303
:10B2C000A3A3A3A3E493852182852283F07900744C
:10B2D00004121E427F06021F2674F0121EBAEAFEF6
:10B2E000EBFF8C828D83A3A3A3A3A3A3A3A3A3C0DB
:10B2F00082C0838E828F83A3A3A3A3A3A3A3A3E06F
:10B3000024FFF521E434FFF52274027821121E197E
:10B31000D083D082932521F521A3E4933522F52211
:10B32000E4F523F5248E828F83A3E0F8EE2402F562
:10B3300025E43FF52674126870198E828F83A3A3CB
:10B34000A3A3A37401F0A3E4F085258285268304DA
:10B3500002B3EBEE2410F582E43FF583E0FAA3E0BC
:10B36000FB74116870258A278B287827121F707943
:10B3700004AA21AB22AC23AD24120A3C7402121E93
:10B380004285258285268374048060EE2405F52796
:10B39000E43FF5287C047917120BA4E98527828500
:10B3A0002883F0A3E4F0852782852883E0F8A3E0D2
:10B3B000F9E849702EEE2410F582E43FF583121F60
:10B3C000857904AA21AB22AC23AD24120A3674027B
:10B3D000121E42852582852683E4F0900D09E04403
:10B3E0000180088525828526837401F079007F0815
:10B3F000021F26790002009374F0121EBA74FA122A
:10B400001E2C853182853283ECF0A3EDF0EAFEEB51
:10B41000FF8E828F83A3E0F8741468700D8E828F84
:10B4200083A3A3A3A3A37404801074126870198E5D
:10B43000828F83A3A3A3A3A37401F0A3E4F08E825D
:10B440008F83A3A30402B6C87402121E96E4F0A36D
:10B45000F0A3F0A3F0F5257402121EA08821892222
:10B460007821121F7079037402121E96E0F8A3E08F
:10B47000C8240BF582E438F583E493F52174019335
:10B48000AA21FBE4FCFD120A3C7402121E42752143
:10B490005F7522067821121F707402121E96E0F862
:10B4A000A3E0F5838882A3A3A3A3A3E493FC7B007A
:10B4B0008E828F83A3A3A3A3A3A3A3A3E014FA74F0
:10B4C00002121E96E0F8A3E0C82409F582E438F5DC
:10B4D00083E493F9120BD47402121E428E828F837E
:10B4E000A3A3A3A3A3A3A3A37821121CD8902BEEFC
:10B4F0007821121C84EE2410F527E43FF5288527D7
:10B5000082F583E0FAA3E0FB902C9278211211F2ED
:10B51000600302B5A5853182853283E0F8A3E0F5AA
:10B52000838882A3A3A3A3A3E493F52175220078C3
:10B5300021121F707C5F7D06120F8E7402121E4254
:10B54000853182853283E0F8A3E0F5838882A3A366
:10B55000A3A3A3E493F8852782852883E028FAA390
:10B56000E03400FB8E828F83A3A3A3A3A3A3A3A392
:10B57000E0F521E4F523F5247402121E96782112D9
:10B58000124575215878214007121F707CFF8005F5
:10B59000121F707C007D00120F947402121E4275FF
:10B5A000255802B6AB902C9678211211F260030256
:10B5B000B6807521147522007821121F707C5F7D82
:10B5C00006120F8E7402121E42852782852883E0A0
:10B5D0002414FAA3E03400FB8E828F83A3A3A3A3D9
:10B5E000A3A3A3A3E0F521E4F523F5247402121E1E
:10B5F00096782112124575211078214007121F708C
:10B600007CFF8005121F707C007D00120F94740275
:10B61000121E427521087821121F707C737D0685E9
:10B620002782852883E02424FAA3E03400FB120F4C
:10B630008E7402121E42852782852883E0242CFA0C
:10B64000A3E03400FB8E828F83A3A3A3A3A3A3A3B1
:10B65000A3E0F5217402121E96782112124575217D
:10B660001078214007121F707CFF8005121F707C2C
:10B67000007D00120F947402121E42752520802B4B
:10B68000853182853283E0F8A3E0F5838882A3A325
:10B69000A3A3A3E493F5217522007821121F707CE7
:10B6A0005F7D06120F8E7402121E42853182853232
:10B6B00083E0F8A3E0F5838882A3A3A3A3A3E49384
:10B6C00025258E828F83A3A3F079007406121E4273
:10B6D0007F08021F2674F0121EBA74F7121E2C8AFD
:10B6E000278B288C218D228A828B83A3E0F8741407
:10B6F00068700D8A828B83A3A3A3A3A37404801014
:10B7000074126870168A828B83A3A3A3A3A3740107
:10B71000F0A3E4F08A828B8302BB3F7405121E966D
:10B72000E4F0A3F0A3F0A3F0EC240BFEE43522FF39
:10B730007405121EA0882389247823121F707903B0
:10B740008E828F83E493F523740193F52474027839
:10B7500023121E1974222523F582742B3524F583B8
:10B76000E493F523740193AA23FBE4FCFD120A3C45
:10B770007402121E42A831A9328823892478231228
:10B780001F7079018E828F83E493F523E993F5246A
:10B7900074027823121E1974202523F582742B3528
:10B7A00024F583E493F523E993AA23FBE4FCFD123B
:10B7B0000A3C7402121E4275235F75240678231218
:10B7C0001F70852182852283A3A3A3A3A3E493FCF6
:10B7D0007B00852782852883A3A3A3A3A3A3A3A378
:10B7E000E014FA852182852283A3A3A3A3A3A3A3A4
:10B7F000A3A3E493F9120BD47402121E428527828C
:10B80000852883A3A3A3A3A3A3A3A3A3E0F88527C9
:10B8100082852883A3A3A3A3A3A3A3A3A3A3E064D4
:10B8200004600302B9B9E8700302B9BC740168701E
:10B830001F853182853283E0A2E0400302BB287578
:10B8400021047522007821121F707C647D068022FD
:10B850007402687042853182853283E0A2E1400340
:10B8600002BB287521047522007821121F707C68A4
:10B870007D06E5272410F582E43528F583E0FAA358
:10B88000E0FB120F8E7402121E42852782852883E8
:10B89000A3A3740402BDAC74FF68600302BDADE5F0
:10B8A000272410F525E43528F52675210575220095
:10B8B0007821121F707C5F7D06852582852683E0B6
:10B8C000FAA3E0FB120F8E7402121E42752101785A
:10B8D00021121F707CAA7D00852582852683E024A5
:10B8E00005FAA3E03400FB120F947402121E428585
:10B8F0002582852683E02406FAA3E03400FB853107
:10B9000082853283E0A2E0503B7521047821121F2A
:10B91000707C647D06120F8E7402121E4275210126
:10B920007821121F707CAA7D00852582852683E000
:10B93000240AFAA3E03400FB120F947402121E4290
:10B940007E0B80137821121F707CAA7D00120F9449
:10B950007402121E427E07853182853283E0A2E1A5
:10B96000400302BD797521147821121F707C687D17
:10B9700006852582852683E02EFAA3E03400FB129B
:10B980000F8E7402121E427521017821121F707CE5
:10B99000AA7D00852582852683E02EF8A3E0340069
:10B9A0008882F583A3A3A3A3AA82AB83120F947406
:10B9B00002121E42740502BD75E8703475210575CA
:10B9C00022007821121F707C5F7D06E5272410F588
:10B9D00082E43528F583E0FAA3E0FB120F8E7402AF
:10B9E000121E42852782852883A3A3740502BDAC5D
:10B9F000740168701F853182853283E0A2E04003C4
:10BA000002BB287521147522007821121F707C64F6
:10BA10007D0680227402687042853182853283E01F
:10BA2000A2E1400302BB287521147522007821127F
:10BA30001F707C787D06E5272410F582E43528F513
:10BA400083E0FAA3E0FB120F8E7402121E428527D8
:10BA500082852883A3A3741402BDAC7410686003AC
:10BA600002BB45853182853283E0A2E7400302BBF9
:10BA7000287A8C7B061209DC7401121E96121D15A1
:10BA8000E5272410F525E43528F5267521037522D0
:10BA9000007821121F707403121EB085258285263E
:10BAA00083E0FAA3E0FB120F8E7402121E4278218B
:10BAB000121F707403121EB0852582852683E02430
:10BAC00003FAA3E03400FB120F8E7402121E4285AB
:10BAD0002582852683E02406FAA3E03400FB85272F
:10BAE00082852883A3A3A3A3A3A3A3A3E0F521E4B2
:10BAF000F523F5247405121E96782112124575213E
:10BB00001278214007121F707CFF8005121F707C85
:10BB1000007D00120F947402121E42852782852830
:10BB200083A3A3741802BDAC852782852883A3A3B1
:10BB3000A3A3A37402F0A3E4F0852782852883A33E
:10BB4000A30402BDAC74FF68600302BDADE5272409
:10BB500010F525E43528F526752105752200782194
:10BB6000121F707C5F7D06852582852683E0FAA3FF
:10BB7000E0FB120F8E7402121E4275210178211211
:10BB80001F707CAA7D00852582852683E02405FA26
:10BB9000A3E03400FB120F947402121E428525822A
:10BBA000852683E02406FAA3E03400FB85318285F4
:10BBB0003283E0A2E0503B7521147821121F707C83
:10BBC000647D06120F8E7402121E427521017821C7
:10BBD000121F707CAA7D00852582852683E0241AA9
:10BBE000FAA3E03400FB120F947402121E427E1B73
:10BBF00080137821121F707CAA7D00120F947402AA
:10BC0000121E427E07752400852582852683E02E3C
:10BC1000FAA3E03400FB853182853283E0A2E15053
:10BC2000417521147821121F707C787D06120F8EC9
:10BC30007402121E427521097821121F707CAA7DA0
:10BC400000852582852683E02EF8A3E03400F9E8FC
:10BC50002414FAE439FB120F947402121E42741D6C
:10BC600080167521097821121F707CAA7D00120FA1
:10BC7000947402121E4274092EFE8531828532832D
:10BC8000E0A2E7400302BD797A8C7B061209DCEA68
:10BC9000F8EBF9ECFAEDFB7401121E96121D4575D6
:10BCA00021037821121F707403121EB0EEF885254F
:10BCB00082852683E028FAA3E03400FB120F8E74FD
:10BCC00002121E427821121F707403121EB0EEF889
:10BCD000852582852683E028FAA3E034008A82F550
:10BCE00083A3A3A3AA82AB83120F8E7402121E42F7
:10BCF000EEF8852582852683E028FAA3E034008AC1
:10BD000082F583A3A3A3A3A3A3AA82AB83852782DF
:10BD1000852883A3A3A3A3A3A3A3A3E0F521E4F50C
:10BD2000237405121E96782112124575211278216E
:10BD30004007121F707CFF8005121F707C007D0081
:10BD4000120F947402121E427521017821121F7085
:10BD50007CAA7D00EEF8852582852683E028F8A35D
:10BD6000E03400F9E82418FAE439FB120F94740265
:10BD7000121E4274192EFE802A7521017821121F8D
:10BD8000707CAA7D00EEF8E5272410F582E43528C2
:10BD9000F583E028FAA3E03400FB120F947402123A
:10BDA0001E420EEE852782852883A3A3F0790074B6
:10BDB00009121E427F08021F2674F1121EBA74FC7B
:10BDC000121E2C8A218B228A828B83A3E0FB7412A1
:10BDD0006B603C8A82852283A3A3A3A3A3A3A3A30E
:10BDE000E0F5238A82852283A3A3A3A3A3A3A3A30D
:10BDF000A3E0F87401687009900B85E0C3952340B7
:10BE00000E7402687023900B89E0C39523501A8A40
:10BE100082852283A3A3A3A3A37401F0A3E4F08AE1
:10BE200082852283A3A302BF628C828D83A3A3A3F6
:10BE3000A3A3A3A3A3A3E52324FFF8E434FFF9E815
:10BE400075F005A4F8AAF075F005E9A42AF9E493C1
:10BE500028FEA3E49339FFE5212410F523E43522DD
:10BE6000F52474116B702B852382852483121F8522
:10BE700079058E238F24AA23AB24E4FCFD120A3C0F
:10BE80007402121E42852182852283A3A3740502B7
:10BE9000BF63852182852283A3A3A3E064987043B6
:10BEA000852382852483E0FAA3E0FB8A828B83E0EA
:10BEB000F5277525047526007825121F708A828B58
:10BEC00083A3AC82AD83120F8E7402121E428523AF
:10BED00082852483E0F8A3E0F5838882A3A3A3A34B
:10BEE000E527F0852382852483E0FAA3E0FB12098D
:10BEF000DCEAF8EBF9ECFAEDFB853182853283124E
:10BF00001D45E5212402F525E43522F526853182FB
:10BF10008532837404121F89120D5A7404121E4252
:10BF2000E9F46027852382852483121F8579058E95
:10BF3000218F22AA21AB22E4FCFD120A36740212E0
:10BF40001E42852582852683E480188521828522EC
:10BF500083A3A3A3A3A37401F0A3E4F085258285A2
:10BF6000268304F079007404121E427F07021F2604
:10BF700074F2121EBA74F7121E2CEAFEEBFF8C2527
:10BF80008D268E828F83A3E0F97412698E828F834F
:10BF9000A3A3A3A3A3700302C145A3A3A378211263
:10BFA0001CD8741169902C9A7821704D1211F2707E
:10BFB000047900801D902C9E78211211F270047972
:10BFC00002800F902CA278211211F2600302C1545A
:10BFD0007905EE2410F582E43FF583E0FAA3E0FB57
:10BFE000120EFE852582852683A3A3A3A3A3E49333
:10BFF0008E828F83A3A302C16A1211F27060EE24B5
:10C0000010F521E43FF5227900852182F583E024B3
:10C0100001FAA3E03400FB120F22E9600302C13CE5
:10C02000852182852283E0F8A3E0F5838882E0C33E
:10C030009407400302C13C7523077524007823123E
:10C040001F707CE27D0C7402121EA8120F8E740207
:10C05000121E428E828F83A3A3E4F0F9804E902CAF
:10C060009E78211211F2705BEE2410F521E43FF569
:10C07000227901852182F583E0FAA3E0FB120F22E9
:10C08000E9600302C13C7523077524007823121F61
:10C09000707CE27D0C7402121EA8120F8E740212C4
:10C0A0001E428E828F83A3A3E4F0790285218285CC
:10C0B0002283E0FAA3E0FB120F04900D09E0440193
:10C0C00002C16A902CA278211211F2600302C154BD
:10C0D000EE2410F521E43FF5227903852182F583D2
:10C0E000E0FAA3E0FB120F22E9705185218285223C
:10C0F00083E0F8A3E0F5838882A3A3A3E0C39407B9
:10C10000503A7523077524007823121F707CE27D56
:10C110000C7402121EA8120F8E7402121E427905B0
:10C12000852182852283E0FAA3E0FB120F04900DA3
:10C1300009E04401F08E828F83A3802C8E828F834E
:10C14000A3A3A3A3A37401F0A3E4F08E828F83A31F
:10C15000A30480168E828F83A3A37401F08E828F36
:10C1600083A3A3A3A3A304F0A3E4F07900740912AA
:10C170001E427F06021F2674F4121EBA74FE121E9F
:10C180002C8A218B22EA2410F582E43522F583E003
:10C19000F523A3E0F524852382F583A3A3A3E0F888
:10C1A000852382852483A3E0F9852382852483E087
:10C1B000FA8521828B83A3E064117044EA85318281
:10C1C000853283F0E9C0E07401121E96D0E0F0E8F9
:10C1D000FEC3945150447823121F70EEF97402127A
:10C1E0001E96E0F523A3E0AA23FBE4FCFD120A3C23
:10C1F0007402121E42EE852182852283A3A3805001
:10C20000EA853182853283F0E9C0E07401121E961E
:10C21000D0E0F0E8FEC39451400479FF8035E52377
:10C220002404F523500205247823121F70EEF974BC
:10C2300002121E96E0F523A3E0AA23FBE4FCFD1204
:10C240000A367402121E42852182852283A3A3E44A
:10C25000F079007402121E427F04021F2674F0124D
:10C260001EBA74F2121E2C853182853283EAF0A345
:10C27000EBF08C218D22853182853283E0F8A3E0BA
:10C28000F5838882A3E0F87414687017853182857D
:10C290003283E0F8A3E0F5838882A3A3A3A3A37469
:10C2A00004801A741268702E853182853283E0F81A
:10C2B000A3E0F5838882A3A3A3A3A37401F0A3E45E
:10C2C000F0853182853283E0F8A3E0F5838882A38C
:10C2D000A3740102CB07EC240BF582E43522F5832D
:10C2E000E493C0E0740193F583D082A882A983E827
:10C2F000FAE9FBEA75F007A4FAACF075F007EBA4D5
:10C300002CFB74382AFA742B3BFB7402121E96EA3B
:10C31000F0A3EBF07402121E96E0FAA3E0F5838A14
:10C3200082A3A3A3A3A3E4936401600302C8E274FD
:10C3300002121E96E0F8A3E0F58388827825121C8D
:10C34000E7853182853283E0F8A3E0C82407F582CF
:10C35000E438F583E0A2E6902CA678251211F2408D
:10C360000302C703600302C414752300E523C394CA
:10C3700003400302C4CC852382AE828E2175220045
:10C3800074027821121E1974B92521F582740D35B5
:10C3900022F583121F817AD47B00120C647404127C
:10C3A0001E42EAC0E0EBC0E0ECC0E0EDC0E0740487
:10C3B000121E96D0E0FBD0E0FAD0E0F9D0E0F812FF
:10C3C0001D457402121E96E02406F521A3E03400F8
:10C3D000852182F583E493F9892175220078211261
:10C3E0001F707406121EB0EE89F0A4FEAFF0740246
:10C3F000121E96E0F8A3E0C82410F582E438F58315
:10C40000E02EFAA3E03FFB120F8E7402121E4205CB
:10C410002302C36C902CAA78251211F2600302C487
:10C42000E775230002C4C2852382AE828E21752265
:10C430000074027821121E1974C52521F582740D2D
:10C440003522F583121F817AD37B00120C647404A9
:10C45000121E42EAC0E0EBC0E0ECC0E0EDC0E074C8
:10C4600004121E96D0E0FBD0E0FAD0E0F9D0E0F85C
:10C47000121D457402121E96E02406F521A3E03435
:10C4800000852182F583E493F989217522007821C2
:10C49000121F707406121EB0EE89F0A4FEAFF07485
:10C4A00002121E96E0F8A3E0C82410F582E438F5E5
:10C4B00083E02EFAA3E03FFB120F8E7402121E429D
:10C4C0000523E523C39403500302C42775F00374C6
:10C4D00002121E96E0F8A3E0C82406F582E438F5BF
:10C4E00083E493A402CAF3902CAE78251211F26073
:10C4F0000302C5F5900D617821121CD8A378211292
:10C500001C07A37821121C077821121F6C7AD07B9C
:10C5100000120C647404121E427404121E96121D42
:10C5200015853182853283E02410F527A3E034009D
:10C53000F5287402121E96E02406F521A3E03400CB
:10C54000F522852182F583E493F523752400782371
:10C55000121F707406121EB0852782852883E0FAA8
:10C56000A3E0FB120F8E7402121E42752300E52316
:10C57000C39403400302C990852382AE828E257541
:10C58000260074027825121E1974612525F582741F
:10C590000D3526F583121F817AD07B00120C64744E
:10C5A00004121E427404121E96121D1585218285E6
:10C5B0002283E493F989257526007825121F70746B
:10C5C00006121EB0EE2401F8E43400F9E88525F0E7
:10C5D000A4F8AAF08525F0E9A42AF9852782852800
:10C5E00083E028FAA3E039FB120F8E7402121E4278
:10C5F000052302C56E902CB278251211F260030259
:10C60000CAE6900D897821121CD8A37821121C0744
:10C61000A37821121C077821121F6C7AD77B101285
:10C620000C647404121E427404121E96121D1585A9
:10C630003182853283E02410F527A3E03400F52809
:10C640007402121E96E02406F521A3E03400F522C0
:10C65000852182F583E493F5237524007823121F46
:10C66000707406121EB0852782852883E0FAA3E045
:10C67000FB120F8E7402121E42752300E523C39431
:10C6800003400302C990852382AE828E2575260061
:10C6900074027825121E1974892525F582740D35CA
:10C6A00026F583121F817AD77B10120C6474041252
:10C6B0001E427404121E96121D1585218285228346
:10C6C000E493F989257526007825121F70740612E7
:10C6D0001EB0EE2401F8E43400F9E88525F0A4F852
:10C6E000AAF08525F0E9A42AF9852782852883E028
:10C6F00028FAA3E039FB120F8E7402121E420523A2
:10C7000002C67C70337402121E96E0F8A3E0F58333
:10C710008882A3A3A3A3E493F5237524007402786D
:10C7200023121E1974B92523F582740D3524F5835F
:10C73000121F817AD402C853902CAA78251211F2C4
:10C74000600302C7EE7402121E96E02404FEA3E00A
:10C750003400FF8E828F83E493F5237524007402E6
:10C760007823121E1974612523F582740D3524F582
:10C7700083121F817AD07B00120C647404121E4253
:10C78000EA4B4C4D70338E828F83E493F5237524EE
:10C790000074027823121E1974612523F582740D2A
:10C7A0003524F583121F817AD77B10120C64740430
:10C7B000121E42EA4B4C4D60258E828F83E493F526
:10C7C0002375240074027823121E1974C52523F5DD
:10C7D00082740D3524F583121F817AD38075740419
:10C7E000121E96E4F0A3F0A3F0A3F002C8CD902CA3
:10C7F000AE78251211F2705F7402121E96E02404C6
:10C80000FEA3E03400FF8E828F83E493F523600D56
:10C8100014600A14600724FE601E02C8CD7524004F
:10C8200074027823121E1974612523F582740D3564
:10C8300024F583121F818019900D617825121CD870
:10C84000A37825121C07A37825121C077825121F30
:10C850006C7AD07B008066902CB278251211F27031
:10C860006C7402121E96E02404FEA3E03400FF8ED6
:10C87000828F83E493F523600C146009146006240E
:10C88000FE601D804875240074027823121E1974FE
:10C89000892523F582740D3524F583121F818019B3
:10C8A000900D897825121CD8A37825121C07A3782F
:10C8B00025121C077825121F6C7AD77B10120C6486
:10C8C0007404121E427404121E96121D1574021274
:10C8D0001E96E0F8A3E0C82406F582E438F583024A
:10C8E000CAB6E824F3FAE934FFFBC3EA9404EB94F4
:10C8F00000400302CA07853182853283E0F8A3E055
:10C90000C82407F582E438F583E0A2E6400302C9B3
:10C91000AB7E0080757521C575220D7821121F70C0
:10C92000EEF97CB97D0D7A617B0D120C6A740212EE
:10C930001E427408121E96EAF0A3EBF07402121E57
:10C9400096E02406F521A3E03400852182F583E4F6
:10C9500093FA8A217522007821121F70740A121E20
:10C96000B0EE8AF0A4F8A9F07402121E96E0FAA3C1
:10C97000E0CA2410F582E43AF583E028FAA3E0390E
:10C98000FB120F8E7402121E420EEEC394044085F9
:10C990007402121E96E0F8A3E0C82406F582E4387B
:10C9A000F583E493333354FC02CAF37523C575242D
:10C9B0000D7823121F707404121E96E0F8A3E0F5A0
:10C9C000838882A3A3A3A3E493F97CB97D0D7A6144
:10C9D0007B0D120C6A7402121E427408121E96EA33
:10C9E000F0A3EBF07402121E96E0F8A3E0C8240650
:10C9F000F582E438F583E493F52375240078231257
:10CA00001F70740A02CAC4E824E9FAE934FFFBC3C0
:10CA1000EA9403EB9400505D7402121E96E0F8A3B2
:10CA2000E0F5838882A3A3A3A3E4936008146014B1
:10CA30001460168025740A121E96E4F0A3F0A3F089
:10CA4000A3F08016900D588003900D5C121D091202
:10CA500009E8740A121E96121D158521828522830B
:10CA6000A3A3A3A3A3E493F5237524007823121FA3
:10CA700070740C804F740C68497005900DE180143F
:10CA8000741568497005900DE58009741668497041
:10CA900055900DE9121F817A1D7B01120C647404FC
:10CAA000121E427404121E96121D158521828522C3
:10CAB00083A3A3A3A3A3E493F523752400782312EF
:10CAC0001F707406121EB07402121E96E0F8A3E0E6
:10CAD000C82410F582E438F583E0FAA3E0FB120FD6
:10CAE0008E7402121E42852182852283A3A3A3A3F2
:10CAF000A3E493C0E0853182853283E0F8A3E0F5BA
:10CB0000838882A3A3D0E0F07900740E121E427FC6
:10CB100008021F2674F2121EBA74F8121E2CEAFEC6
:10CB2000EBFF8C218D228E828F83A3E06414701919
:10CB30008E828F83A3A3A3A3A37404F0A3E4F08E37
:10CB4000828F83A3A30402CD0B853182853283E4D7
:10CB5000F0A3F0A3F0A3F0A831A9328823892478A8
:10CB600023121F707903EC240BF582E43522F58340
:10CB7000E493F523740193AA23FBE4FCFD120A3C21
:10CB80007402121E42EE2408F523E43FF5247525B5
:10CB90005F7526067825121F707C127B0085238224
:10CBA000852483E014FA852182852283A3A3A3A38D
:10CBB000A3A3A3A3A3E493F9120BD47402121E42FD
:10CBC0008E828F83A3A3A3A3A3A3A3E0A2E6507D99
:10CBD000EE2410F521E43FF5227525127526007824
:10CBE00025121F707C5F7D06852182852283E0FAF5
:10CBF000A3E0FB120F8E7402121E42852182852251
:10CC000083E02412FAA3E03400FB85238285248389
:10CC1000E0F521E4F522F523F52485318285328380
:10CC2000782112124575211078214007121F707C5F
:10CC3000FF8005121F707C007D00120F9474021299
:10CC40001E428E828F83A3A3742202CD0B8E828F0D
:10CC500083A3A3A3A3A3A3A3A3A3E0F8702E85316A
:10CC600082853283121D091209E8EAF8EBF9ECFA21
:10CC7000EDFB7404121E96121D45752303752400E6
:10CC80007823121F707406121EB0805674016870EB
:10CC9000117523067524007823121F707C5F7D06B2
:10CCA0008040740268701175230475240078231283
:10CCB0001F707C657D06802A7403687011752304DB
:10CCC0007524007823121F707C697D06801474041B
:10CCD0006870257523047524007823121F707C6DFD
:10CCE0007D06EE2410F582E43FF583E0FAA3E0FB35
:10CCF000120F8E7402121E42852182852283A3A305
:10CD0000A3A3A3E4938E828F83A3A3F07900740876
:10CD1000121E427F06021F2674F4121EBA74F71206
:10CD20001E2CEAFEEBFF8E828F83A3E0F87412685C
:10CD3000700302CE6D74116860188E828F83A3A376
:10CD4000A3A3A37404F0A3E4F08E828F83A3A304AF
:10CD5000805D7521057522007821121F707CFF7D92
:10CD6000007406121EA8120F947402121E42EE24C2
:10CD700010F521E43FF52279057404121EB08521D7
:10CD800082852283E0FAA3E0FB120A06E9702D9067
:10CD90000B977403F0A3740AF0900B4DF0900B996D
:10CDA000E0D2E1F0120D6C8E828F83A3A37405F0A4
:10CDB00079007409121E427F04021F268521828594
:10CDC0002283E0FAA3E0FB1209DCEAF8EBF9ECFAC3
:10CDD000EDFB853182853283121D45853182853296
:10CDE000837404121F89120D5A7404121E42E9F44E
:10CDF000607B852182852283E0FCA3E0FD8C828D0F
:10CE000083A3A3A3A3E0F9C394025061902CB67846
:10CE100021121CE785318285328378211211DD6071
:10CE20002D902CBA7821121CE785318285328378C7
:10CE3000211211DD6018902CBE7821121CE785317B
:10CE40008285328378211211DD6003E9701F75211C
:10CE5000057522007821121F707AAC7B0B120F8EA1
:10CE60007402121E42900B97740402CD948E828F2E
:10CE700083A3A3A3A3A3740102CD4574F6121EBA23
:10CE80008A828B83A3E0F8EA2402F521E43BF522B1
:10CE9000EA2405FEE43BFF74146870088E828F83D9
:10CEA00074048046741268603B8A828B83A3A3A3B8
:10CEB000A3A3A3A3A3A3E0640A7029790C7CCF7D6C
:10CEC00011EA2410F582E43BF583E0FAA3E0FB12BB
:10CED0000A2A8E828F83E4F0A3F085218285228343
:10CEE000740C80118E828F837401F0A3E4F085218D
:10CEF0008285228304F079007F02021F2674F412D7
:10CF00001EBA74FF121E2CEAFEEBFF8E828F83A3E3
:10CF1000E0F8741468700D8E828F83A3A3A3A3A37B
:10CF20007404801074126870198E828F83A3A3A377
:10CF3000A3A37401F0A3E4F08E828F83A3A3040261
:10CF4000D058A831A932882189227821121F7079FE
:10CF500001902CC27821121CE7AA21AB22AC23AD90
:10CF600024120A3C7402121E428E828F83A3A3A352
:10CF7000A3A3A3A3A3E0F974FF6975215F7522063B
:10CF80007821600302D016121F707930902CC67879
:10CF900021121CE7AA21AB22AC23AD24120A3C7457
:10CFA00002121E42752300805C75210475220078F0
:10CFB00021121F707402121E96E0F521740278216E
:10CFC000121E19745F2521FC74063522FD8523216C
:10CFD00075220074027821121E19EE2410F582E4E5
:10CFE0003FF583E02521FAA3E03522FB120F8E7472
:10CFF00002121E42853182853283E00475F00C8472
:10D00000E5F0F00523E523C3940C409D8E828F83C9
:10D01000A3A374308042121F707C047B0074FF292C
:10D02000FA790E120BD47402121E42752104752275
:10D03000007821121F707C5F7D06EE2410F582E4DB
:10D040003FF583E0FAA3E0FB120F8E7402121E423A
:10D050008E828F83A3A37404F079007401121E42A0
:10D060007F04021F2674F2121EBAEAFEEBFF8E82C4
:10D070008F83A3858223858324E0F8741168600878
:10D08000741268600302D18090086DE0A2E240084B
:10D09000741268700302D180EE2410F521E43FF58C
:10D0A0002274126870358E828F83A3A3A3A3A3A3D7
:10D0B000A3A37401F0A37415F0A3E4F0A37404F027
:10D0C000852182852283E0F8A3E0F988828983E0C4
:10D0D000A3A3A3A3A3A3A3A3A3A3F075250A7526C3
:10D0E000007825121F707C747D088521828522833B
:10D0F000E0FAA3E0FB120F8E7402121E4290087534
:10D10000E05401600BE054FEF090087FE04401F031
:10D11000900874E05408600BE054F7F090087EE04B
:10D120004408F0900874E05420600BE054DFF09065
:10D13000087EE04420F0900875E05404600BE05451
:10D14000FBF090087FE04404F090087DE05402601A
:10D150000BE054FDF0900887E04402F0900876E080
:10D160005440600BE054BFF0900880E04440F085EC
:10D170002382852483E024F98E828F83A3A38016E3
:10D180008E828F83A3A3A3A3A37401F0A3E4F08EE4
:10D19000828F83A3A304F079007F06021F26C0823A
:10D1A000C083900C5DE4F0A3F0A3F0A3F0900C5CBE
:10D1B000F0D083D082020093C082C0839028C5E45F
:10D1C000F09028ADE0C2E1F09028ACE0C2E1F09030
:10D1D00028AEE0C2E1F09028C6E4F09028ADE0C2AD
:10D1E000E2F09028ACE0C2E2F09028AEE0C2E2F0BB
:10D1F0009028C7E4F09028ADE0C2E3F09028ACE0BE
:10D20000C2E3F09028AEE0C2E3F09028CAE4F090C8
:10D2100028C9F09028B0E0C2E1F0A3E0C2E1F0A399
:10D22000E0D2E1F0E0C2E1F0900CC5740AF0E070E9
:10D23000FD9028B2E0D2E1F09028C5E4F09028AD4E
:10D24000E0C2E1F09028ACE0C2E1F09028AEE0D27C
:10D25000E1F09028C6E4F09028ADE0C2E2F090281A
:10D26000ACE0C2E2F09028AEE0D2E2F09028C7E451
:10D27000F09028ADE0C2E3F09028ACE0C2E3F0907B
:10D2800028AEE0D2E3F09028CA7402F0F0D083D048
:10D290008202009374F0121EBA74FF121E2C8A21AF
:10D2A0008B22E9FE900CCDE0600302D44C900C611F
:10D2B000747DF07411121E96E0FAA3E0FB8A258BB0
:10D2C0002674047825121E0AE52554F02402900CD9
:10D2D00062F0EAA3F0E521A3F0E522A3F0ECA3F0CD
:10D2E000EDA3F0A3747DF078018013746128F582BA
:10D2F000E4340CF583E0F9900C68E029F008E8C309
:10D30000940740E7E0F42433F0EE600A24FC602147
:10D3100024FC603880509028C5E4F09028ADE0C22D
:10D32000E1F09028ACE0C2E1F09028AEE0C2E180EC
:10D33000349028C6E4F09028ADE0C2E2F09028AC2A
:10D34000E0C2E2F09028AEE0C2E280199028C7E483
:10D35000F09028ADE0C2E3F09028ACE0C2E3F0909A
:10D3600028AEE0C2E3F0900C5C7401F0A37408F006
:10D37000A3E4F0A37404F0A3E4F0900CCDE0D2E2B7
:10D38000F0120F5E900CC57404F0900C5CE0640326
:10D390006010900CC5E070F2900CCDE0C2E2F0029B
:10D3A000D44C900CCDE0C2E2F0853182853283E42A
:10D3B000F0F88016746128F582E4340CF583E0F906
:10D3C000853182853283E029F008E8C3940340E484
:10D3D000E0F4F0E02433F079051209CAEE600A2483
:10D3E000FC602124FC603880509028C5E4F090282F
:10D3F000ADE0C2E1F09028ACE0C2E1F09028AEE0F0
:10D40000D2E180349028C6E4F09028ADE0C2E2F08A
:10D410009028ACE0C2E2F09028AEE0D2E280199011
:10D4200028C7E4F09028ADE0C2E3F09028ACE0C259
:10D43000E3F09028AEE0D2E3F0900C64E0F88531A0
:10D4400082853283E068700479018002790074017A
:10D45000121E427F08021F2674F0121EBA8A218B08
:10D46000228C238D24120EA4900CCDE0600302D5F3
:10D47000C3900C61747DF07410121E96E0FAA3E064
:10D48000FB8A258B2674047825121E0AE52554F0A4
:10D49000900C62F0EAA3F0E521A3F0E522A3F08569
:10D4A0002125F52685232785242874107825121B2D
:10D4B000BCE525A3F074187821121BBCE521A3F06C
:10D4C000A3747DF078018013746128F582E4340C34
:10D4D000F583E0F9900C68E029F008E8C394074070
:10D4E000E7E0F42433F09028C5E4F09028ADE0C2E2
:10D4F000E1F09028ACE0C2E1F09028AEE0C2E1F0AB
:10D500009028C6E4F09028ADE0C2E2F09028ACE0AC
:10D51000C2E2F09028AEE0C2E2F09028C7E4F090BA
:10D5200028ADE0C2E3F09028ACE0C2E3F09028AE72
:10D53000E0C2E3F0900C5C7401F0A37408F0A3E483
:10D54000F0A3F0A3F0900CCDE0D2E3F0120F5E90C8
:10D550000CC57403F0900C5CE06402600E900CC586
:10D56000E070F2900CCDE0C2E38057900CCDE0C2A9
:10D57000E3F0120EAA9028C5E4F09028ADE0C2E1D5
:10D58000F09028ACE0C2E1F09028AEE0D2E1F0905B
:10D5900028C6E4F09028ADE0C2E2F09028ACE0C2EA
:10D5A000E2F09028AEE0D2E2F09028C7E4F09028B4
:10D5B000ADE0C2E3F09028ACE0C2E3F09028AEE02A
:10D5C000D2E3F07F08021F2674F0121EBA74FD1217
:10D5D0001E2C8A218B22E9FEECFF120EA4900CCDAA
:10D5E000E0600302D805900C61747DF085212385ED
:10D5F000222474047823121E0AE52354F004A3F0B5
:10D60000E521A3F0EEA3F0A3E4F0A3F0A3F0A3F0D0
:10D61000FC801374612CF582E4340CF583E0F890FF
:10D620000C68E028F00CECC3940740E7E0F42433E6
:10D63000F0EF600A24FC602124FC603880509028C0
:10D64000C5E4F09028ADE0C2E1F09028ACE0C2E182
:10D65000F09028AEE0C2E180349028C6E4F0902833
:10D66000ADE0C2E2F09028ACE0C2E2F09028AEE07B
:10D67000C2E280199028C7E4F09028ADE0C2E3F040
:10D680009028ACE0C2E3F09028AEE0C2E3F0900C4A
:10D690005C7401F0A37408F0A3E4F0EE333354FC9F
:10D6A0002404A3F0A3E4F08E21F522740278211261
:10D6B0001E1904121E96E521F0A3E522F074011252
:10D6C0001E96E0240CF521A3E03400F5223395E00A
:10D6D000F523F524782112129790346D7825121CC9
:10D6E000E77821792512149C9034717825121CE773
:10D6F000782179251216417825121CE778217925A1
:10D7000012185B782112131AE521900CC5F0900CC9
:10D71000CDE0D2E0F0120F5E900C5CE0640360108C
:10D72000900CC5E070F2900CCDE0C2E0F002D8059C
:10D73000900CCDE0C2E0F0853182853283E4F0FCCC
:10D74000801674612AF582E4340CF583E0F88531A3
:10D7500082853283E028F00C8C82AA827401121E2A
:10D7600096E02403F8A3E03400F9C3EA98E499A210
:10D77000D265D03340CC853182853283E0F4F0E04D
:10D780002433F0120EAAEF600A24FC602124FC600E
:10D790003880509028C5E4F09028ADE0C2E1F090C8
:10D7A00028ACE0C2E1F09028AEE0D2E180349028CD
:10D7B000C6E4F09028ADE0C2E2F09028ACE0C2E20E
:10D7C000F09028AEE0D2E280199028C7E4F09028CB
:10D7D000ADE0C2E3F09028ACE0C2E3F09028AEE008
:10D7E000D2E3F07401121E96E02464F8A3E0340C36
:10D7F000F988828983E0F8853182853283E0687018
:10D80000047901800279007403121E427F08021F0E
:10D810002674F0121EBAE9FEECFF900CCDE0600316
:10D8200002D94E900C61747DF08A218B22740478A9
:10D8300021121E0AE52154F004A3F0EAA3F0EEA39E
:10D84000F0A3E4F0A3F0A3F0A3F0F8801374612830
:10D85000F582E4340CF583E0F9900C68E029F008D7
:10D86000E8C3940740E7E0F42433F0EF600A24FCB7
:10D87000602124FC603880509028C5E4F09028ADE9
:10D88000E0C2E1F09028ACE0C2E1F09028AEE0C246
:10D89000E180349028C6E4F09028ADE0C2E2F09038
:10D8A00028ACE0C2E2F09028AEE0C2E280199028F5
:10D8B000C7E4F09028ADE0C2E3F09028ACE0C2E30A
:10D8C000F09028AEE0C2E3F0900C5C7401F0A37419
:10D8D00008F0A3E4F0EE333354FC2404A3F0A3E4F3
:10D8E000F08E21F52274027821121E19E521240CF4
:10D8F000F52150020522E5223395E0F523F5247841
:10D900002112129790346D7825121CE77821792521
:10D9100012149C9034717825121CE7782179251215
:10D9200016417825121CE77821792512185B782199
:10D9300012131AE521900CC9F0EF900CC8F0900C6E
:10D94000CA7401F0900CCDE0D2E1F0120F5E7F08B6
:10D95000021F2674F0121EBA74E3121E2CE9FE8513
:10D960003182853283E4F0900CC9F0F8801674613E
:10D9700028F582E4340CF583E0F985318285328321
:10D98000E029F008E8C3941740E4853182853283AA
:10D99000E0F4F0E02433F0900C78E0F885318285F3
:10D9A0003283E068600302DABA900C62E0F8740334
:10D9B000586401600302E2E8740C58600302E2E874
:10D9C0007521047522007821121F707C647D0C740F
:10D9D0000F121EA8120F8E7402121E427410121E15
:10D9E00096E0C394804021740D121E967821121C7B
:10D9F000D87821121BAC902C8A7821121C1A740D35
:10DA0000121E967821121CFA7521047522007821C5
:10DA1000121F707C687D0C740B121EA8120F8E747E
:10DA200002121E42740C121E96E0C39480402174B0
:10DA300009121E967821121CD87821121BAC902C4A
:10DA40008A7821121C1A7409121E967821121CFA67
:10DA50007521047522007821121F707C6C7D0C7476
:10DA600003121EA8120F8E7402121E427821121F7A
:10DA7000707C707D0C741B121EA8120F8E74021223
:10DA80001E427821121F707C747D0C7417121EA820
:10DA9000120F8E7402121E42900CCFE4F0EE600A58
:10DAA00024FC600B24FC600C8058900D00800890D2
:10DAB0000D018003900D02E48047900CCFE004F04C
:10DAC000740D121E96E4F0A3F0A3F0A3F0740912F3
:10DAD0001E96E4F0A3F0A3F0A3F004121E967401C6
:10DAE000F0A3E4F0A3F0A3F07419121E96E4F0A3DF
:10DAF000F0A3F0A3F07415121E96E4F0A3F0A3F0C7
:10DB0000A3F0EE601124FC700302DD9024FC70038E
:10DB100002E01A02E2AB900CCFE06010E0C3940385
:10DB2000500A900CCBE0C2E0F002DC19900CCBE084
:10DB3000C2E0F0740D121E96121D39900D61121D77
:10DB4000457409121E96121D39900D89121D457CCF
:10DB50000079017AE07B00120E68E9601C752104EF
:10DB60007522007821121F707C647D0C7413121EC4
:10DB7000A8120F8E7402121E42900E0AE0703D90A1
:10DB80000C4F121D39E8494A4B70107401121E9651
:10DB9000121D39900C4F121D458021900C4F782199
:10DBA000121CD87401121E967821121C0774017879
:10DBB00021121BBC900C4F7821121CFA7411121EFA
:10DBC000967821121CD878211212B27401121E9676
:10DBD0007825121CD878251212B2782179251218CE
:10DBE0005B9034757825121CE77821792512149CF6
:10DBF000782112130F900DE17821121CFA7419127A
:10DC00001E96121D39900DC5121D457415121E96D3
:10DC1000121D39900DB9121D45900D617821121C0D
:10DC2000D878211212B2900C317825121CD87825A0
:10DC30001212B27821792512185BC021C022C023AC
:10DC4000C024900BD5E0F8A3E0F97AE87B03121D1D
:10DC5000A1E8FCE9FD900BD3E0F8A3E0F97A647B3E
:10DC600000121DA18821EC88F0A4CCA8F089F0A4B2
:10DC700028F88521F0EDA428FD8C218D22E4F523E0
:10DC8000F52478211212B29034797825121CE778A5
:10DC900021792512185B90347D7825121CE77821B4
:10DCA000792512149CD028D027D026D02578257924
:10DCB00021121450500D900DEDE4F0A3F0A3F0A349
:10DCC000F0800C900D61121D39900DED121D4590E4
:10DCD0000D89121D397405121E96121D4574051208
:10DCE0001E967821121CD878211212B2900C31782D
:10DCF00025121CD878251212B27821792512185BCA
:10DD0000C021C022C023C024900BD5E0F8A3E0F9C5
:10DD10007AE87B03121DA1E8FCE9FD900BD3E0F843
:10DD2000A3E0F97A647B00121DA18821EC88F0A49D
:10DD3000CCA8F089F0A428F88521F0EDA428FD8C6A
:10DD4000218D22E4F523F52478211212B290347942
:10DD50007825121CE77821792512185B90347D789C
:10DD600025121CE77821792512149CD028D027D0C1
:10DD700026D025782579211214505006900DF902ED
:10DD8000E2937405121E96121D39900DF902E2A855
:10DD9000900CCFE06010E0C39403500A900CCBE0ED
:10DDA000C2E1F002DE91900CCBE0C2E1F0740D1202
:10DDB0001E96121D39900D65121D457409121E968E
:10DDC000121D39900D8D121D457C0479017AE07B7E
:10DDD00000120E68E9601C7521047522007821127A
:10DDE0001F707C647D0C7413121EA8120F8E7402B7
:10DDF000121E42900E0AE0703B900C537821121CC8
:10DE0000D8E52145224523452470107401121E9641
:10DE1000121D39900C53121D4580197401121E9663
:10DE20007821121C0774017821121BBC900C5378C6
:10DE300021121CFA7411121E967821121CD8782116
:10DE40001212B27401121E967825121CD87825126F
:10DE500012B27821792512185B9034757825121C3E
:10DE6000E77821792512149C782112130F900DE583
:10DE70007821121CFA7419121E96121D39900DC9C0
:10DE8000121D457415121E96121D39900DBD121DDE
:10DE900045900D65121D397405121E96121D4574AC
:10DEA00005121E967821121CD878211212B2900CFD
:10DEB000317825121CD878251212B27821792512D2
:10DEC000185BC021C022C023C024900BD5E0F8A36A
:10DED000E0F97AE87B03121DA1E8FCE9FD900BD381
:10DEE000E0F8A3E0F97A647B00121DA18821EC8898
:10DEF000F0A4CCA8F089F0A428F88521F0EDA4289E
:10DF0000FD8C218D22E4F523F52478211212B290A4
:10DF100034797825121CE77821792512185B903422
:10DF20007D7825121CE77821792512149CD028D001
:10DF300027D026D02578257921121450500D900D28
:10DF4000F1E4F0A3F0A3F0A3F0800E7405121E9686
:10DF5000121D39900DF1121D45900D8D121D397451
:10DF600005121E96121D457405121E967821121C6C
:10DF7000D878211212B2900C317825121CD878254D
:10DF80001212B27821792512185BC021C022C02359
:10DF9000C024900BD5E0F8A3E0F97AE87B03121DCA
:10DFA000A1E8FCE9FD900BD3E0F8A3E0F97A647BEB
:10DFB00000121DA18821EC88F0A4CCA8F089F0A45F
:10DFC00028F88521F0EDA428FD8C218D22E4F5238D
:10DFD000F52478211212B29034797825121CE77852
:10DFE00021792512185B90347D7825121CE7782161
:10DFF000792512149CD028D027D026D025782579D1
:10E00000211214505006900DFD02E2937405121E69
:10E0100096121D39900DFD02E2A8900CCFE0601021
:10E02000E0C39403500A900CCBE0C2E2F002E11B83
:10E03000900CCBE0C2E2F0740D121E96121D3990C6
:10E040000D69121D457409121E96121D39900D910D
:10E05000121D457C0879017AE07B00120E68E960A8
:10E060001C7521047522007821121F707C647D0CC0
:10E070007413121EA8120F8E7402121E42900E0A02
:10E08000E0703B900C577821121CD8E521452245C1
:10E0900023452470107401121E96121D39900C57DE
:10E0A000121D4580197401121E967821121C0774E6
:10E0B000017821121BBC900C577821121CFA7411A4
:10E0C000121E967821121CD878211212B2740112F5
:10E0D0001E967825121CD878251212B2782179253F
:10E0E00012185B9034757825121CE7782179251277
:10E0F000149C782112130F900DE97821121CFA74E8
:10E1000019121E96121D39900DCD121D457415124F
:10E110001E96121D39900DC1121D45900D69121DDC
:10E12000397401121E96121D457401121E96782133
:10E13000121CD878211212B2900C317825121CD8FA
:10E1400078251212B27821792512185BC021C022DD
:10E15000C023C024900BD5E0F8A3E0F97AE87B0354
:10E16000121DA1E8FCE9FD900BD3E0F8A3E0F97AD9
:10E17000647B00121DA18821EC88F0A4CCA8F08952
:10E18000F0A428F88521F0EDA428FD8C218D22E44F
:10E19000F523F52478211212B29034797825121CD7
:10E1A000E77821792512185B90347D7825121CE7D9
:10E1B0007821792512149CD028D027D026D0257814
:10E1C000257921121450500D900DF5E4F0A3F0A321
:10E1D000F0A3F0800E7401121E96121D39900DF5F9
:10E1E000121D45900D91121D397401121E96121DBB
:10E1F000457401121E967821121CD878211212B291
:10E20000900C317825121CD878251212B278217919
:10E210002512185BC021C022C023C024900BD5E07A
:10E22000F8A3E0F97AE87B03121DA1E8FCE9FD9070
:10E230000BD3E0F8A3E0F97A647B00121DA18821DA
:10E24000EC88F0A4CCA8F089F0A428F88521F0EDA2
:10E25000A428FD8C218D22E4F523F52478211212C7
:10E26000B29034797825121CE77821792512185B51
:10E2700090347D7825121CE77821792512149CD0E2
:10E2800028D027D026D02578257921121450500D7A
:10E29000900E01E4F0A3F0A3F0A3F0800E7401123D
:10E2A0001E96121D39900E01121D4574086E700BDA
:10E2B000900CC8740CF0900CC6E4F0EE1313543FAD
:10E2C000F8745A28F582E43434F583E493F8900D19
:10E2D00003E048F0E0F9900D06E049F0900CCAE444
:10E2E000F0900CCDE0C2E1F0741D121E427F0802D6
:10E2F0001F2674F0121EBA752109752201782112A9
:10E300001F707521FF7522FF7523FF7524FF900C88
:10E31000417821121C58900BF17821121C58900B57
:10E32000ED7821121C58900BF57825121CD8740139
:10E330007825121BD578217925121C44A378211247
:10E340001C58A37821121C58900BE97821121C58F4
:10E350009034817821121C1AAA21AB22AC23AD245F
:10E36000E4F9120E5C7402121E4275210975220135
:10E370007821121F707521FF7522FF7523FF752408
:10E38000FF900C457821121C58900C097821121C22
:10E3900058900C057821121C58900C0D7825121CF1
:10E3A000D874017825121BD578217925121C44A335
:10E3B0007821121C58A37821121C58900C01782146
:10E3C000121C589034817821121C1AAA21AB22AC5D
:10E3D00023AD247404F9120E5C7402121E427521DE
:10E3E000097522017821121F707521FF7522FF75B2
:10E3F00023FF7524FF900C497821121C58900C21A2
:10E400007821121C58900C1D7821121C58900C2554
:10E410007825121CD874017825121BD5782179250E
:10E42000121C44A37821121C58A37821121C589066
:10E430000C197821121C589034817821121C1AAAC8
:10E4400021AB22AC23AD247408F9120E5C740212C5
:10E450001E427F08021F2674F0121EBAE9600E24C5
:10E46000FC607724FC700302E54702E5BB752109D7
:10E470007522017821121F707525FF7526FF7527FB
:10E48000FF7528FF900C417825121C58900BF178ED
:10E4900025121C58900BED7825121C58900BF5781E
:10E4A00021121CD874017821121BD57825792112EC
:10E4B0001C44A37825121C58A37825121C58900BD5
:10E4C000E97825121C589034817825121C1AAA2547
:10E4D000AB26AC27AD28E402E5B27521097522010F
:10E4E0007821121F707525FF7526FF7527FF752887
:10E4F000FF900C457825121C58900C097825121CA9
:10E5000058900C057825121C58900C0D7821121C7F
:10E51000D874017821121BD578257921121C44A3C7
:10E520007825121C58A37825121C58900C017825C8
:10E53000121C589034817825121C1AAA25AB26ACDF
:10E5400027AD287404806B7521097522017821128A
:10E550001F707525FF7526FF7527FF7528FF900C26
:10E56000497825121C58900C217825121C58900CC3
:10E570001D7825121C58900C257821121CD8740186
:10E580007821121BD578257921121C44A3782512F5
:10E590001C58A37825121C58900C197825121C5869
:10E5A0009034817825121C1AAA25AB26AC27AD28F9
:10E5B0007408F9120E5C7402121E427F08021F26B4
:10E5C00074F4121EBA75214175220C7821121F7045
:10E5D000790E902C5A7821121CE7AA21AB22AC2389
:10E5E000AD24120A3C7402121E42790C7A417B0C53
:10E5F000120A0C8A218B22A821A922900C4DE068D6
:10E600007003A3E0696043900C4174B6F0A3746496
:10E61000F0A37467F0A37480F0A374B6F0A37464DD
:10E62000F0A37467F0A37480F0A374B6F0A37464CD
:10E63000F0A37467F0A37480F0790C7A417B0C121C
:10E640000A0C900C4DEAF0A3EBF07F04021F267435
:10E65000F0121EBA900CD0E004F0900E0AE06003B5
:10E66000E014F0900C5BE0F8900CD0E0C3985003FD
:10E6700002E83B900CC6E0600302E83B900E0A748F
:10E6800005F0900C5B740FF0900CD0E4F0900CCB84
:10E69000E0A2E0405B900C4F121D39E8494A4B6004
:10E6A0004F7521DA75220F7523C9752442900C4FDE
:10E6B0007825121CD878251212B2782179251218E3
:10E6C0005BAA21AB22AC23AD24120F888A218B22B6
:10E6D0008C238D249034857825121CE778217925A8
:10E6E00012149C782112131A900C417821121CFAF2
:10E6F000900CCBE0A2E14059900C537821121CD829
:10E70000E52145224523452460477525DA75260F06
:10E710007527C975284278211212B27825792112FD
:10E72000185BAA25AB26AC27AD28120F888A218B4F
:10E73000228C238D249034857825121CE77821794A
:10E740002512149C782112131A900C457821121C62
:10E75000FA900CCBE0A2E24059900C577821121CA1
:10E76000D8E52145224523452460477525DA7526DD
:10E770000F7527C975284278211212B278257921A0
:10E7800012185BAA25AB26AC27AD28120F888A2168
:10E790008B228C238D249034857825121CE77821D8
:10E7A000792512149C782112131A900C49782112A1
:10E7B0001CFA790C7A417B0C120A0C900C4DEAF091
:10E7C000A3EBF0900CCBE0A2E0402075210775226E
:10E7D000017821121F707900900C41121D09120E50
:10E7E0005C7402121E427900120E80900CCBE0A2E3
:10E7F000E140207521077522017821121F707904EC
:10E80000900C45121D09120E5C7402121E4279040E
:10E81000120E80900CCBE0A2E240207521077522F9
:10E82000017821121F707908900C49121D09120EEF
:10E830005C7402121E427908120E807F08021F26A5
:10E8400074F0121EBA74FD121E2C7402121E96E48D
:10E8500080648531828532837419F0A3740CF0755D
:10E8600023F77823121F70A9217402121E96E0F874
:10E87000A3E0F5838882121D09120E5C7402121E39
:10E8800042E9701F7823121F70A9217402121E968C
:10E89000E0F8A3E0F5838882121D09120E5C740271
:10E8A000121E4275CEA575CF5A75CEA575CF5A7476
:10E8B00002121E96E004F0E0C39403400302EAF162
:10E8C00085318285328374E1F0A3740BF0752200E8
:10E8D00002E95E852282AA828A2374027823121EAC
:10E8E00019853182853283E02523F8A3E03524F9A8
:10E8F000E824F8F523E934FFF524EA2AFAE433FBA7
:10E90000744C2AF58274343BF583E493C0E07401BF
:10E9100093F583D082AE82AF838E258F2678251221
:10E920001F70A921852382852483121D09120E5C84
:10E930007402121E42E970187825121F70A92185F1
:10E940002382852483121D09120E5C7402121E425A
:10E9500075CEA575CF5A75CEA575CF5A052274020E
:10E96000121E96E0F523752400745E2523F582E4DB
:10E970003434F583E493F521E522C3940740030280
:10E98000EAC175CEA575CF5A75CEA575CF5AE522C9
:10E99000C394027402507D7823121E19A823A9245F
:10E9A000E5227044746128F582743439F583782542
:10E9B000121CE77523807524017823121F70A9218A
:10E9C000AA25AB26AC27AD28120E5C7402121E429B
:10E9D000E9600302E9507823121F70A921AA25AB30
:10E9E00026AC27AD2802E94825E0FAE433FB744C55
:10E9F0002AF58274343BF583E493C0E0740193F507
:10EA000083D082AE82AF83744128F523740C39F52C
:10EA10002402E91965227037E521600A24FC60149C
:10EA200024FC601E802985318285328374EDF0A339
:10EA3000740B801A8531828532837405F0A3740CBF
:10EA4000800C853182853283741DF0A3740CF074C0
:10EA5000046522600302E8D3853182853283E02495
:10EA600008FEA3E03400FF7523F67823121F70A977
:10EA7000218E828F83121D09120E5C7402121E42B7
:10EA8000E970167823121F70A9218E828F83121DC0
:10EA900009120E5C7402121E4275CEA575CF5A750E
:10EAA000CEA575CF5A7523F97823121F70A9218E30
:10EAB000828F83121D09120E5C7402121E4202E93B
:10EAC0005CE521600E24FC601924FC700302E8520E
:10EAD00002E85F85318285328374E9F0A3740B020A
:10EAE000E85E8531828532837401F0A3740C02E8FC
:10EAF0005E79017403121E427F08021F2674F01211
:10EB00001EBA74FA121E2CE9853182853283F075A3
:10EB10002500752600752700752800120EA47EE1D9
:10EB20007F0B7401121E96E48069E0FA8A21752237
:10EB30000074027821121E19EE2521F8EF3522F912
:10EB4000E824F8F521E934FFF522EA2AFAE433FB58
:10EB5000744C2AF58274343BF583121FB67402128A
:10EB60001E96E0F9852182852283121D09120E5C12
:10EB70007402121E4275CEA575CF5A75CEA575CFFB
:10EB80005A8521828522837825121C077401121E62
:10EB900096E004F0E0C39407400302ECED75CEA5C7
:10EBA00075CF5A75CEA575CF5AE0C39402400302C3
:10EBB000EC3D853182853283E01313543FF5217596
:10EBC000220074027821121E19A82104121E96E058
:10EBD000704F746128F582E43434F5837821121C77
:10EBE000E77402121E967821121CFA752180752294
:10EBF000017821121F707402121E96E0F97404123B
:10EC00001E96121D09120E5C7402121E4275CEA5CC
:10EC100075CF5A75CEA575CF5A7402121E9602EBA7
:10EC200087744128F521E4340CF522E025E0F8E46E
:10EC300033F9744C28F58274343902EB58E06402DD
:10EC40007023853182853283E0600A24FC600C24C5
:10EC5000FC600E80107EED7F0B800A7E057F0C80AD
:10EC6000047E1D7F0C7401121E96E0640460030292
:10EC7000EB2A7521F67522007821121F707402129A
:10EC80001E96E0F98E828F83A3A3A3A3A3A3A3A3BD
:10EC9000121D09120E5C7402121E4275CEA575CFAC
:10ECA0005A75CEA575CF5A8E828F83A3A3A3A3A333
:10ECB000A3A3A37825121C077521F97821121F70D0
:10ECC0007402121E96E0F98E828F83A3A3A3A3A3DE
:10ECD000A3A3A3121D09120E5C7402121E428E829F
:10ECE0008F83A3A3A3A3A3A3A3A302EB878531824E
:10ECF000853283E0600A24FC600C24FC600E8010E6
:10ED00007EE97F0B800A7E017F0C80047E197F0CD8
:10ED10007521F77522007821121F707402121E9659
:10ED2000E0F98E828F83121D09120E5C7402121E8E
:10ED30004275CEA575CF5A75CEA575CF5A8E828FE6
:10ED4000837825121C077521837522017821121FF3
:10ED5000707402121E96E0F9902E587821121CE76A
:10ED6000AA21AB22AC23AD24120E5C7402121E4207
:10ED70007521097522017821121F707402121E96E6
:10ED8000E0FE7521FF7522FF7523FF7524EF7821C2
:10ED90007925121C44AA21AB22AC23AD24EEF91232
:10EDA0000E5C7402121E42120EAA7406121E427FDC
:10EDB00008021F2674F0121EBA74FB121E2C900C4F
:10EDC000CEE0C39404500302EFB5E024FCF0900BB6
:10EDD000D97821121CD874027821121BD5902E509C
:10EDE0007825121CE778217925121AC17408782138
:10EDF000121BBC85318285328302EEBDE0FA8A2582
:10EE000075260074027825121E19A825A92674ED0E
:10EE100028F582740D39F583121D217401121E9696
:10EE2000121D2D747128FC740D39FD7401121E968B
:10EE30007825121CD874087825121BBC8C828D830F
:10EE40007825121C31EA2AFAE433FB74812AFA7419
:10EE50000D3BFB7401121E967825121CD8A8258A3A
:10EE6000828B83E028F0A3E03400F08A828B83C396
:10EE7000A3E09401401E902C8A7825121CE78C8216
:10EE80008D837825121C318A828B83E02401F0A3C4
:10EE9000E034FFF08C828D83782112124540168C6D
:10EEA000828D837821121C707A00853182853283AD
:10EEB000E0F9120C5E853182853283E004F0E0C314
:10EEC0009403500302EDFC900BDD7821121CD874E2
:10EED000027821121BD5902E507825121CE778213C
:10EEE0007925121AC174087821121BBC85318285DC
:10EEF000328302EFABE0FA8A25752600740278258A
:10EF0000121E19AC25AD2674992CFE740D3DFF74AC
:10EF1000F92CF582740D3DF5837825121CD8740800
:10EF20007825121BBC8E828F837825121C31EA2A29
:10EF3000FAE433FB74A92AFA740D3BFB74F92CF53F
:10EF400082740D3DF5837825121CD8A8258A828B02
:10EF500083E028F0A3E03400F08A828B83C3A3E02F
:10EF60009401401E902C8A7825121CE78E828F8394
:10EF70007825121C318A828B83E02401F0A3E034CF
:10EF8000FFF08E828F83782112124540168E828F79
:10EF9000837821121C707A01853182853283E0F9F1
:10EFA000120C5E853182853283E004F0E0C3940365
:10EFB000500302EEF57405121E427F08021F26C0A0
:10EFC00082C083902843E0C2E3F0900CC9E4F09043
:10EFD0000D11F0900D03F0A3F0900CCAF0900CC549
:10EFE0007408F0E070FD902843E0D2E3F0900CCD7F
:10EFF000E4F0D083D082020093C082C083900D11D0
:10F000007401F0D083D08202009374F4121EBA749B
:10F01000FC121E2C900CD1E0C39405500302F10D9C
:10F02000900CC6E0600302F10D900CD1E4F0900C5E
:10F03000CBE0A2E040427C0079017ACA7B00120E4C
:10F0400068E960347521047522007821121F707CF4
:10F05000647D0C7402121EA8120F8E7402121E42DE
:10F060008531828532837821121CD8E521540460D1
:10F0700007900D0AE04410F0900CCBE0A2E1404272
:10F080007C0479017ACA7B00120E68E9603475212C
:10F09000047522007821121F707C647D0C740212AA
:10F0A0001EA8120F8E7402121E4285318285328391
:10F0B0007821121CD8E52154046007900D0AE04421
:10F0C00020F0900CCBE0A2E240497C0879017ACA9A
:10F0D0007B00120E68E9603B7521047522007821DF
:10F0E000121F707C647D0C7402121EA8120F8E74A5
:10F0F00002121E428531828532837821121CD8E5A6
:10F10000215404600E900D0AE044408005900CD11B
:10F11000E004F07404121E427F04021F2674F012F1
:10F120001EBA74FC121E2C853182853283EAF0A34C
:10F13000EBF0A3ECF0A3EDF07418121E96782112F8
:10F140001CD878211212B2C021C022C023C024745E
:10F1500014121E967821121CD878211212B2903403
:10F16000897825121CE77821792512149C741412D1
:10F170001E967825121CD885318285328378251217
:10F180001C5878251212977821792512185BD028FF
:10F19000D027D026D0257825792112161CC025C06D
:10F1A00026C027C028741C121E967821121CD878FD
:10F1B000211212B290348D7825121CE7782179251E
:10F1C00012149C9034917825121CE778217925122D
:10F1D000185BD028D027D026D02578257921121881
:10F1E0005B900CD27825121CFA900CD2121D097477
:10F1F00004121E427F08021F2674F0121EBA8A21D2
:10F200008B228C238D2475250075264075279C75CF
:10F21000284D78211212B27825792112185BAA257F
:10F22000AB26AC27AD287F08021F2674F0121EBA49
:10F2300074F4121E2C900CC6E0600302FA0D7521C6
:10F24000987522017821121F70902C8A7821121C47
:10F25000E7AA21AB22AC23AD24120E627402121E67
:10F2600042791E1209CA900CCBE0A2E0401D7C003E
:10F2700079057ADC7B00120E68E9600F79147C64F2
:10F280007D0C7A187B0D120A18800B7C1479007A99
:10F29000187B0D120A1E900CCBE0A2E1401D7C04ED
:10F2A00079057ADC7B00120E68E9600F79147C64C2
:10F2B0007D0C7A2C7B0D120A18800B7C1479007A55
:10F2C0002C7B0D120A1E900CCBE0A2E2401D7C08A4
:10F2D00079057ADC7B00120E68E9601A79147C6487
:10F2E0007D0C7A407B0D120A18800B7C1479007A11
:10F2F000407B0D120A1E900D207821121CD8E521AA
:10F30000452245234524602B900D48121D39740475
:10F31000121E96121D45900D34121D39E8494A4BB4
:10F32000600302F46A7404121E96121D39E8494AF9
:10F330004B7019900D54E4F0A3F0A3F0A3F0A3F0E8
:10F34000A3F0A3F0A3F0A3F0A302FA06900D54E4F7
:10F35000F0A3F0A3F0A3F0A3F0A3F0A3F0A3F09028
:10F360000D28121F817821121F6C900D1C121F8115
:10F37000900D18121D09120EB6740C121E42900C3C
:10F38000D6121D15900D50121F81900D48121F812D
:10F39000900D44121F81900D40121D09120EB6747B
:10F3A0000C121E42900CDE121D15900DE1121D393B
:10F3B000853182853283121D45900D487821121CBB
:10F3C000D8900D2078211212455019900CDE78212A
:10F3D000121CD8900CD67825121CD87821792512C9
:10F3E000161C8032853182853283121D09120EBCB3
:10F3F0008A218B228C238D24900CD67825121CD840
:10F400007821792512161C900CDE7825121CD878EC
:10F41000217925121641C021C022C023C024853184
:10F4200082853283121D09120EBC8A258B268C27F9
:10F430008D289034957821121CE7782579211218AF
:10F440005BD024D023D022D0217821792512185BDB
:10F450009034997825121CE77821792512149C782C
:10F460002112130F900D5C02F5AF900D1C121D3987
:10F470007408121E96121D45900D287825121CD86E
:10F480007404121E96121D39E8494A4B600302F5B6
:10F49000C3900D54E4F0A3F0A3F0A3F0900D5CF042
:10F4A000A3F0A3F0A3F07825121F6C7821121F6C33
:10F4B0007410121E96121F81900D18121D09120E43
:10F4C000B6740C121E42900CD6121D15900D3C12F3
:10F4D0001F81900D34121F81900D30121F81900DED
:10F4E0002C121D09120EB6740C121E42900CDA1268
:10F4F0001D15900DE1121D39853182853283121D53
:10F5000045900D347821121CD8900D2078211212CC
:10F51000455019900CDA7821121CD8900CD6782519
:10F52000121CD87821792512161C803285318285EB
:10F530003283121D09120EBC8A218B228C238D244A
:10F54000900CD67825121CD87821792512161C909B
:10F550000CDA7825121CD878217925121641C021A1
:10F56000C022C023C024853182853283121D091236
:10F570000EBC8A258B268C278D28903495782112F5
:10F580001CE77825792112185BD024D023D022D013
:10F59000217821792512185B9034997825121CE77F
:10F5A0007821792512149C782112130F900D587828
:10F5B00021121CFA853182853283121D09120EBC7C
:10F5C00002F7817825121F6C7821121F6C741012BB
:10F5D0001E96121F81900D18121D09120EB6740C82
:10F5E000121E42900CD6121D15900D3C121F8190D8
:10F5F0000D34121F81900D30121F81900D2C121DA1
:10F6000009120EB6740C121E42900CDA121D1590DF
:10F610000D50121F81900D48121F81900D44121F32
:10F6200081900D40121D09120EB6740C121E4290EC
:10F630000CDE121D15900D48121D397408121E960D
:10F64000121D45900D34121D397404121E96121DA0
:10F6500045900D207821121CD87404121E96782132
:10F66000121255500302F7907408121E9678211258
:10F670001255500302F790900D54E4F0A3F0A3F05C
:10F68000A3F0900DE1121D39853182853283121D60
:10F6900045900CDA7821121CD8900CD67825121CD3
:10F6A000D87821792512161CC021C022C023C0247D
:10F6B000853182853283121D09120EBC8A258B2664
:10F6C0008C278D289034957821121CE77825792194
:10F6D00012185BD024D023D022D021782179251292
:10F6E000185B9034997825121CE77821792512143B
:10F6F0009C782112130F900D587821121CFA900C4F
:10F70000DE7821121CD8900CD67825121CD87821CE
:10F71000792512161CC021C022C023C02485318245
:10F72000853283121D09120EBC8A258B268C278DEB
:10F73000289034957821121CE77825792112185BDE
:10F74000D024D023D022D0217821792512185B90A3
:10F7500034997825121CE77821792512149C782198
:10F7600012130F900D5C7821121CFA7408121E9669
:10F770007821121CD87404121E967821121245505A
:10F7800007900D60E402FA0C900D60740102FA0C0F
:10F790007404121E967821121245400302F87F74F9
:10F7A00008121E967825121CD87404121E9678250D
:10F7B000121245400302F87F7408121E9678211237
:10F7C0001245900D605004E402F8E27401F0900DCF
:10F7D000E1121D39853182853283121D45853182C2
:10F7E000853283121D09120EBC8A218B228C238D37
:10F7F00024900CD67825121CD87821792512161C55
:10F80000900CDA7825121CD878217925121641C07F
:10F8100021C022C023C024853182853283121D0974
:10F82000120EBC8A258B268C278D28903495782142
:10F83000121CE77825792112185BD024D023D0221E
:10F84000D0217821792512185B9034997825121CE3
:10F85000E77821792512149C782112130F900D5806
:10F860007821121CFA900CDE7821121CD8900CD64C
:10F870007825121CD87821792512161C02F9AC744F
:10F8800008121E967821121245400302FA0D7404E4
:10F89000121E967825121CD87408121E967825120E
:10F8A0001245400302FA0D7404121E9678211212BA
:10F8B00055900D60402AE4F0900DE1121D3985311C
:10F8C00082853283121D45900CDA7821121CD89063
:10F8D0000CD67825121CD87821792512161C804464
:10F8E0007401F0900DE1121D398531828532831249
:10F8F0001D45853182853283121D09120EBC8A2175
:10F900008B228C238D24900CD67825121CD878213C
:10F91000792512161C900CDA7825121CD8782179DA
:10F9200025121641C021C022C023C0248531828502
:10F930003283121D09120EBC8A258B268C278D2836
:10F940009034957821121CE77825792112185BD024
:10F9500024D023D022D0217821792512185B90342D
:10F96000997825121CE77821792512149C782112A8
:10F97000130F900D587821121CFA8531828532833D
:10F98000121D09120EBC8A218B228C238D24900C0F
:10F99000D67825121CD87821792512161C900CDEF9
:10F9A0007825121CD878217925121641C021C02251
:10F9B000C023C024853182853283121D09120EBCFA
:10F9C0008A258B268C278D289034957821121CE768
:10F9D0007825792112185BD024D023D022D0217829
:10F9E00021792512185B9034997825121CE778212B
:10F9F000792512149C782112130F900D5C78211236
:10FA00001CFA900D54E4F0A3F0A3F0A3F0740C12D0
:10FA10001E427F08021F267928E9FA74FF2A19047A
:10FA2000600C7800E8C3941E50EF000880F60200D6
:10FA30009374F0121EBA8923EAF521EB547FF52264
:10FA4000752400EA54C0F8A922852325EA2525FA61
:10FA5000E439FBEA24FF1AEB34FFFBEA54C0687078
:10FA600002EB696017E521543FF87440C398F5270D
:10FA70007410121E96E0FEA3E0FF80078523278006
:10FA8000EF0524E524C39403402390065DE0440879
:10FA9000F090087EE05420700F90086EE0542060D3
:10FAA00007900874E04420F0790202FB41120A5AE0
:10FAB00079A0120A54E970C9A922120A54E970C146
:10FAC000A921120A54E970B98E258F267528008065
:10FAD0000B8E828F83A3AE82AF830528E528C39562
:10FAE00027500C8E828F83E0F9120A54E960E2E518
:10FAF00028C395275006AE25AF268085120A6012CE
:10FB00000A30E527C39523403D9028DBE0D2E2F0A0
:10FB10009028D9E0C2E2F09028DBE0D2E1F0902812
:10FB2000DAE0C2E1F09028D9E0C2E1F090065DE0B1
:10FB300054F7F090087EE054206004E054DFF07940
:10FB4000007F08021F26852725E5212525F521E4CC
:10FB50003522F522E527C523C39523F523C3944118
:10FB6000400675274002FA8385232702FA8374F042
:10FB7000121EBA74FF121E2CE9853182853283F081
:10FB80008A218B2275260075250080020525E52532
:10FB9000C3940350330526852127852228E5285460
:10FBA0007FFF120A5A79A0120A54E970DFEFF912A6
:10FBB0000A54E970D7A927120A54E970CF120A5AD9
:10FBC00079A1120A54E970C47525007411121E96A9
:10FBD000E0FEA3E0FF800E120A6C8E828F83A3AE3C
:10FBE00082AF830525853182853283E0F8E525C320
:10FBF000985025120A4EE98E828F83F08525218543
:10FC00003182853283E024FFF8E434FFF9E865218E
:10FC10004970C4120A6680C2120A60120A30902823
:10FC2000DBE0D2E2F09028D9E0C2E2F09028DBE0FD
:10FC3000D2E1F09028DAE0C2E1F09028D9E0C2E108
:10FC4000F0E526C3940390065DE0401E4408F09062
:10FC5000087EE05420700F90086EE05420600790FA
:10FC60000874E04420F07902801154F7F090087E87
:10FC7000E054206004E054DFF079007401121E4269
:10FC80007F08021F2674F4121EBA740C121E9612FC
:10FC90001F857901120A3C7402121E4279007F040A
:10FCA000021F2674F4121EBA740C121E96121F85BF
:10FCB0007902120A3C7402121E4279007F04021F6C
:10FCC00026C082C0839028DBE0C2E1F09028DAE011
:10FCD000C2E1F09028D9E0C2E1F0E0D2E2F0A3E086
:10FCE000D2E2F0900201E4F0F8802E00009028DBD0
:10FCF000E0D2E1F09028DAE0C2E1F09028D9E0C249
:10FD0000E1F0900201E0C333F09028DCE0A2E25081
:10FD100007900201E0D2E0F008E8C394089028DBE5
:10FD2000E0C2E1F09028DAE0C2E1F09028D9E0C228
:10FD3000E1F040B7900201E0F9D083D08202009355
:10FD4000C082C083E9900202F09028DBE0C2E1F0BB
:10FD50009028DAE0C2E1F09028D9E0C2E1F09028E2
:10FD6000DBE0C2E2F09028D9E0C2E2F07800802B1C
:10FD7000C2E2F09028D9E0C2E2F0900202E0C33380
:10FD8000F000009028DBE0D2E1F09028DAE0C2E158
:10FD9000F09028D9E0C2E1F0000008E8C394089090
:10FDA00028DBE0C2E1F09028DAE0C2E1F09028D947
:10FDB000E0C2E1F05010900202E0A2E79028DBE000
:10FDC00050AED2E280AC0000E0D2E2F0A3E0D2E29A
:10FDD000F0A3E0D2E1F09028DAE0C2E1F09028D977
:10FDE000E0C2E1F000009028DCE0A2E25004D2F092
:10FDF0008002C2F0A2F0E433F99028DBE0C2E1F027
:10FE00009028DAE0C2E1F09028D9E0C2E1F0D08396
:10FE1000D082020093C082C0839028DBE0C2E1F070
:10FE20009028DAE0C2E1F09028D9E0C2E1F0902811
:10FE3000DBE0D2E2F09028D9E0C2E2F09028DBE0EB
:10FE4000D2E1F09028DAE0C2E1F09028D9E0C2E1F6
:10FE5000F000009028DBE0C2E2F09028D9E0C2E296
:10FE6000F000009028DBE0C2E1F09028DAE0C2E187
:10FE7000F09028D9E0C2E1F00000D083D0820200E7
:10FE800093C082C0839028DBE0C2E1F09028DAE0E2
:10FE9000C2E1F09028D9E0C2E1F09028DBE0C2E2B4
:10FEA000F09028D9E0C2E2F000009028DBE0D2E137
:10FEB000F09028DAE0C2E1F09028D9E0C2E1F00049
:10FEC000009028DBE0D2E2F09028D9E0C2E2F00016
:10FED00000E0D2E2F0A3E0D2E2F0A3E0C2E1F090D1
:10FEE00028DAE0C2E1F09028D9E0C2E1F0D083D076
:10FEF00082020093C082C0839028DBE0C2E1F090D0
:10FF000028DAE0C2E1F09028D9E0C2E1F09028DBE5
:10FF1000E0D2E2F09028D9E0C2E2F09028DBE0D213
:10FF2000E1F09028DAE0C2E1F09028D9E0C2E1F0F7
:10FF300000009028DBE0C2E1F09028DAE0C2E1F0B6
:10FF40009028D9E0C2E1F0D083D082020093C08231
:10FF5000C0839028DBE0C2E1F09028DAE0C2E1F053
:10FF60009028D9E0C2E1F09028DBE0C2E2F09028CE
:10FF7000D9E0C2E2F09028DBE0D2E1F09028DAE0AC
:10FF8000C2E1F09028D9E0C2E1F000009028DBE067
:10FF9000C2E1F09028DAE0C2E1F09028D9E0C2E1B5
:10FFA000F0D083D08202009374F6121EBAEAF8EB06
:10FFB000F9740A121E96E0FEA3E0FF80188C828D71
:10FFC00083E088828983F0A3A882A9838C828D83B1
:10FFD000A3AC82AD838E218F22E52124FF1EE52272
:10FFE00034FFFFE521452270D47F02021F26FFFF68
:10FFF000FFFFFFFFFFFFFFFFFFFFFFFFFFFFFFFF11
:020000040001F9
:1080000074F4121EBA900B39E0C394035004E004D8
:108010008038900D117401F0900B3AE06401702BE0
:1080200075217D7522287821121F70902E0C7821E1
:10803000121CE7AA21AB22AC23AD24120CB27402AD
:10804000121E42120C46900B3AE4F07F04021F26E7
:10805000C082C083D2E8902843E0D2E7F053A4BFA7
:1080600043AD40D2E990284BE0D2E7F053A4DF4380
:10807000AD20D083D08202009374F4121EBA120C89
:10808000B8120CBE7521F57522107821121F709060
:108090002E107821121CE7AA21AB22AC23AD2412AA
:1080A0000CB27402121E427521FB75221078211247
:1080B0001F70902E107821121CE7AA21AB22AC234E
:1080C000AD24120CB27402121E427521E875221002
:1080D0007821121F70902E147821121CE7AA21AB70
:1080E00022AC23AD24120CB27402121E427521E997
:1080F0007522107821121F70902E147821121CE71F
:10810000AA21AB22AC23AD24120CB27402121E427F
:10811000120C527F04021F26C082C08375CEA57543
:10812000CF5A75CEA575CF5A75CEA575CF5A75CED7
:10813000A575CF5A7903120F4675CEA575CF5A751E
:10814000CEA575CF5A120BEC75CEA575CF5A75CE4C
:10815000A575CF5A120BF275CEA575CF5A75CEA55F
:1081600075CF5A120C0475CEA575CF5A75CEA5756C
:10817000CF5AD083D082020093C082C083796E7CB4
:10818000127D097AD17B0B120A2A796E7AD17B0B88
:10819000120A0C900C3FEAF0A3EBF0D083D08202DD
:1081A000009374F7121EBAEAFD900861E0FAED70D0
:1081B0005CEAA2E0501174B629FAE43408FB74FDBD
:1081C00029F8E4340A800F74A229FAE43408FB7415
:1081D000E929F8E4340AF988828983E004F09008F8
:1081E000F2E0FE88828983E0C39E407C9008F2E042
:1081F000FE88828983E0C39EF09008F3E0F88A82CB
:108200008B83E028F0900D05E04404805AEAA2E058
:10821000501174DE29FAE43408FB742529F8E4349B
:108220000B800F74CA29FAE43408FB741129F8E4AE
:10823000340BF988828983E004F09008F2E0FE882C
:10824000828983E0C39E40209008F2E0FE88828904
:1082500083E0C39EF09008F3E0F88A828B83E028E5
:10826000F0900D05E04402F07F01021F2674F01229
:108270001EBA74F8121E2C7418121E967821121C45
:10828000D88A258B26782512201900000500D000F9
:10829000A482D3009B83D40059831D013984D71055
:1082A000A482D084900C31121D39853182853283AD
:1082B000121D45853182853283121D39E8494A4BAA
:1082C0006021902C7A7825121CE778217925121AE2
:1082D000418531828532837825121CD87821792511
:1082E000121AC1900BD5E0F8A3E0F97AE87B0312EB
:1082F0001DA1E8FCE9FD900BD3E0F8A3E0F97A6456
:108300007B00121DA18825EC88F0A4CCA8F089F090
:10831000A428F88525F0EDA428FDEC75F003A4FC55
:10832000A8F075F003EDA428FDECF8EDF97AC87B10
:1083300000121DA188258926E4F527F528782579DE
:108340002112123540030284067404121E96E4F0D2
:10835000A3F0A3F0A3F00284D0900C35121D398550
:108360003182853283121D45853182853283121D0B
:1083700039E8494A4B70030283FB85318285328399
:108380007825121CD878217925121AC1902E1C78D4
:108390002112127450030284BD8060900C39121DAA
:1083A00039853182853283121D458531828532833C
:1083B000121D39E8494A4B60428531828532837803
:1083C00025121CD878217925121AC1900BD5E0F816
:1083D000A3E0F97AE87B03121DA1E875F003A4F885
:1083E000AAF075F003E9A42AF988258926E4F5277F
:1083F000F52878257921121235500B7A007B007C04
:10840000007D000284D8AA21AB22AC23AD2412093E
:10841000E87404121E96121D1590085FE054107047
:10842000030284D0902E187821121CE77404121EC7
:10843000967821121CC50284D0902E24C082C0835D
:10844000852125852226852327852428902E20789E
:1084500025121C1AD083D082782512127440087518
:1084600021887522138050902E24C082C0838521DC
:1084700025852226852327852428902E2C782512D1
:108480001C1AD083D082782512127440087521708E
:108490007522178022902E287821121274400875B8
:1084A00021947522118010902E3078211212745070
:1084B0000C752164752219752300752400AA21AB5F
:1084C00022AC23AD241209E87404121E96121D1565
:1084D0007404121E96121D097408121E427F0802AF
:1084E0001F2674F0121EBA74EC121E2C7412121E87
:1084F00096ECF0A3EDF0E9C0E07405121E96D0E012
:10850000F0EAFEEBFFE0C3940440030286A6E0F528
:108510002175220074027821121E19AC21AD22EEC1
:108520002CF582EF3DF583121D397406121E96124A
:108530001D457412121E96E02CF8A3E03D8882F5CA
:1085400083121D39740A121E96121D457424121EC0
:1085500096E02CF8A3E03D8882F583121D39740E55
:10856000121E96121D457406121E967821121CD8F2
:10857000902C867821121C84E52145224523452430
:1085800060297406121E967821121CD87821121BBD
:10859000AC902C8A7821121C1A7406121E9678212F
:1085A000121CFA7404121E967401F07406121E96C0
:1085B0007821121CD8902C7A7825121CE778217922
:1085C00025121A41900C317825121CD87821792572
:1085D000121AC17406121E967821121CFA740E1219
:1085E0001E967821121CD8C021C022C023C024901E
:1085F0000C397825121CD8902C7A7821121CE77837
:10860000257921121A41D024D023D022D0217821DB
:108610007925121AC1740E121E967821121CFA7452
:1086200006121E967821121CD8902E347825121C22
:10863000E778217925121A41C021C022C023C02425
:10864000740A121E967821121CD8C021C022C023A1
:10865000C024900C357825121CD8902C7A782112E1
:108660001CE778257921121A41D024D023D022D0BA
:108670002178217925121AC1740E121E96782512BE
:108680001CD878217925121A41D028D027D026D09D
:108690002578257921121AC1853182853283782582
:1086A000121CFA028828900C31121D39740A121E0D
:1086B00096121D458E828F837821121CD8740A125F
:1086C0001E967825121CD878217925121AC1C0214E
:1086D000C022C023C0248E828F83A3A3A3A37825A6
:1086E000121CD8740A121E967821121CD87825798B
:1086F00021121AC1D024D023D022D021782179256B
:10870000121BF4C021C022C023C0248E828F83A3F9
:10871000A3A3A3A3A3A3A37825121CD8740A121E93
:10872000967821121CD878257921121AC1D024D02C
:1087300023D022D02178217925121BF47406121E31
:10874000967821121CFA740A121E96E4F0A3F0A384
:10875000F0A3F0FA80788A21752200740278211241
:108760001E19AC21AD227412121E96E02CF8A3E063
:108770003D8882F5837821121CD8900C357825121B
:108780001CD878217925121AC1C021C022C023C06B
:10879000247424121E96E02CF8A3E03D8882F58311
:1087A0007825121CD8900C397821121CD87825799C
:1087B00021121AC1D024D023D022D02178217925AA
:1087C000121A41740A121E967821121C310AEAC349
:1087D000940340827406121E967821121CD8902EA3
:1087E000347825121CE778217925121A41C021C05E
:1087F00022C023C024740A121E967825121CD89019
:108800002E387821121CE778257921121AC1D0243C
:10881000D023D022D02178217925121AC185318226
:108820008532837821121CFA853182853283121DAC
:10883000091209E8853182853283121D15902E3C7C
:108840007821121CE7853182853283782112124506
:108850004003028904902E44C082C0838531828502
:1088600032837821121CD8902E407821121C1AD005
:1088700083D0827821121274400E85318285328332
:10888000E4F0A3740502890F902E44C082C0838552
:1088900031828532837821121CD8902E487821129B
:1088A0001C1AD083D0827821121274400D85318237
:1088B000853283E4F0A374088055902E4C78211201
:1088C0001CE785318285328378211212455046900B
:1088D0002E507821121CE7740E121E967821121267
:1088E000454021902E547821121CE77406121E96E2
:1088F0007821121245501E853182853283E4F0A31F
:10890000F0A3800E853182853283E4F0A37410F0E9
:10891000A3E4F0A3F07404121E96E06401701A85BB
:108920003182853283121D39E8494A4B600B85310B
:1089300082853283A3E04480F0853182853283E0F2
:10894000FAA3E0FB7414121E427F08021F2674F083
:10895000121EBA7521F47522107821121F70900B27
:10896000D97821121CD8902E507825121CE7782136
:108970007925121AC1AA21AB22AC23AD24120CB264
:108980007402121E427521FA7522107821121F708E
:10899000900BDD7821121CD8902E507825121CE700
:1089A00078217925121AC1AA21AB22AC23AD241259
:1089B0000CB27402121E42120EA4120E9275218382
:1089C0007522017821121F70902E587821121CE711
:1089D000AA21AB22AC23AD24120E627402121E42F5
:1089E000120E7A75CEA575CF5A75CEA575CF5A12CF
:1089F0000EAA75CEA575CF5A75CEA575CF5A7F082C
:108A0000021F2674F0121EBA8A21EBF5223395E07C
:108A1000F523F524902E5C7825121CE77821792522
:108A2000121A41902E607825121CE77821792512C0
:108A30001B5AA9217F08021F2602009374F0121E00
:108A4000BA74D5121E2C740D121EA08821892278AA
:108A500021121F707906902E647821121CE7AA213A
:108A6000AB22AC23AD24120A3C7402121E428531A3
:108A700082853283E4028BE4E0FA8A217522007455
:108A8000027821121E19AE21AF22EA2AFAE433FB42
:108A90007401121E96EAF0A3EBF07401121E967494
:108AA0000D121EA08922E028FAA3E03522FB12094C
:108AB000D6741F121E96E5822EF582E5833FF5835C
:108AC000EAF0A3EBF0A3E4F0A3F074C52EF58274F2
:108AD0000D3FF583121F817AD37B00120C6474045E
:108AE000121E427413121E96E5822EF582E5833F14
:108AF000F583121D157413121E96E5822EF521E5DD
:108B0000833FF522852182F583121D091209EE8526
:108B10002182852283121D15741F121E96E5822E56
:108B2000F582E5833FF583121D397403121E9612F8
:108B30001D458521828522837821121CD874031259
:108B40001E967821121C58902E387825121CE77832
:108B5000217925121A417403121E967825121CD809
:108B600078217925121B5A7401121E967407121E61
:108B7000A08924E028F8A3E03524F988828983E5D8
:108B800021F0A3E522F07401121E96E024FAF8A366
:108B9000E0342DF988828983E493FE740193FF8E7B
:108BA000828F83121F817405121E96740B121EA0F1
:108BB0008922E028F8A3E03522F988828983E0FA47
:108BC000A3E0FB120CA67404121E428A218B228C95
:108BD000238D248E828F837821121CFA8531828521
:108BE0003283E004F0E0C394035003028A78742BCC
:108BF000121E427F08021F2674F0121EBA74D3128E
:108C00001E2C740F121EA0882189227821121F7039
:108C10007906902E687821121CE7AA21AB22AC239A
:108C2000AD24120A3C7402121E42853182853283C1
:108C3000E4028DD7E0FA8A217522007402782112AD
:108C40001E19AE21AF22EA2AFAE433FB7401121E88
:108C500096EAF0A3EBF07401121E96740F121EA098
:108C60008922E028FAA3E03522FB1209D6742112EA
:108C70001E96E5822EF582E5833FF583EAF0A3EBAD
:108C8000F0A3E4F0A3F074B92EF582740D3FF583E0
:108C9000121F817AD47B00120C647404121E427479
:108CA00015121E96E5822EF582E5833FF583121D8F
:108CB000157415121E96E5822EF8E5833FF97403AC
:108CC000121E96E8F0A3E9F07403121E96E0F8A3D2
:108CD000E0F5838882121D091209EE8A258B268C05
:108CE000278D28902C7A7821121CE778257921127B
:108CF0001A417403121E96E0F8A3E0F58388827887
:108D000025121CFA7421121E96E5822EF582E58347
:108D10003FF583121D397405121E96121D4574030A
:108D2000121E96E0F8A3E0F58388827821121CD801
:108D30007405121E967821121C58902E3878251230
:108D40001CE778217925121A417405121E967825A0
:108D5000121CD878217925121B5A7401121E9674A0
:108D600009121EA08924E028F8A3E03524F988829E
:108D70008983E521F0A3E522F07401121E96E02418
:108D800000F8A3E0342EF988828983E493FE74010D
:108D900093FF8E828F83121F817405121E96740DAD
:108DA000121EA08922E028F8A3E03522F9888289E2
:108DB00083E0FAA3E0FB120CA67404121E428A217F
:108DC0008B228C238D248E828F837821121CFA852E
:108DD0003182853283E004F0E0C394035003028CB7
:108DE00034742D121E427F08021F2674F0121EBA20
:108DF00074CF121E2C7425121EA08821892278217E
:108E0000121F70790C902C1A7821121CE7AA21AB42
:108E100022AC23AD24120A3C7402121E4285318218
:108E2000853283E4028FC8E0FE8E21752200740231
:108E30007821121E1904121E96E521F0A3E522F0F6
:108E40007401121E967425121EA08922E028FAA32E
:108E5000E03522FB1209DC8A258B268C278D289091
:108E60002C7A7821121CE778257921121AC1740115
:108E7000121E967419121EA08922E028F8A3E0356C
:108E800022F9888289837825121CFA7401121E96B1
:108E9000E02461F8A3E0340DF988828983121F81F0
:108EA0007AD07B00120C647404121E42EAF8EBF9CB
:108EB000ECFAEDFB7401121E96740D121EB08C219B
:108EC0008D22E02CFCA3E03522FD8C828D83121DC7
:108ED000457401121E96E02521F521A3E03522F507
:108EE00022852182F583121D091209EE85218285D2
:108EF0002283121D157401121E967419121EA08968
:108F000024E028F8A3E03524F988828983121D39EA
:108F10007403121E96121D45EE2EFEE433FF8521CA
:108F2000828522837821121CD87403121E96782120
:108F3000121C58902E387825121CE77821792512BA
:108F40001A417403121E967825121CD878217925AF
:108F5000121B5A7407121E96E5822EF582E5833F96
:108F6000F583E521F0A3E522F07407121E96E58251
:108F70002EF582E5833FF583E0FAA3E0FB120C7641
:108F8000E9F521E4F522F523F52474062EF5827423
:108F90002E3FF583E493F8740193F9E8FAE9FB9026
:108FA0002E6C7825121CE78A828B837825121C9BF5
:108FB00074087821121BD58A828B837821121CC5F4
:108FC000853182853283E004F0E0C39403500302CC
:108FD0008E27796E7AD17B0B120A0C900C3FEAF047
:108FE000A3EBF079707CD17D0B7A407B01120B8072
:108FF000120C707431121E427F08021F2602009369
:10900000C082C083120C7C120C82120C88796E7A9A
:10901000D17B0B120A0C900C3FEAF0A3EBF07970B5
:109020007CD17D0B7A407B01120B80120C70D083B7
:10903000D082020093C082C083900D03E0A2E0E0E2
:10904000500754FEF07C00801754026008E054FD85
:10905000F07C04800BE054046011E054FBF07C08C9
:1090600079057AD07B00120E6E8004E4F0A3F0D074
:1090700083D08202009374F0121EBAEAFEEBFFEE78
:1090800024E8FCEF3403FD7410121E967821121CA4
:10909000D88C25EDF5263395E0F527F5287821794C
:1090A00025121B5A902E387825121CE77821792535
:1090B000121A41C021C022C023C0247410121E966F
:1090C0007825121CD88C21EDF5223395E0F523F597
:1090D0002478257921121B5AA821E875F0E8A4C844
:1090E000AAF075F003A42AFA75F0E8E522A42AF99B
:1090F000ECFAEDFB121DA188218922E4F523F52469
:10910000D028D027D026D02578257921121BF4C06D
:1091100025C026C027C028752500752600752700A4
:109120007528808C21EDF5223395E0F523F5247820
:10913000257921121AC18E21EFF5223395E0F5230E
:10914000F52478257921121A41D024D023D022D0B9
:109150002178217925121C44C021C022C023C024BB
:109160007525007526007527007528808C21EDF582
:10917000223395E0F523F52478257921121AC1A828
:1091800021E875F0E8A4C8AAF075F003A42AFA75DE
:10919000F0E8E522A42AF9ECFAEDFB121DA18821E2
:1091A000EE88F0A4CEA8F089F0A428F88521F0EF8D
:1091B000A428FFEEF8EFF97AE87B03121DA18821BD
:1091C0008922E4F523F524D028D027D026D025788D
:1091D000257921121C44AA25AB26AC27AD287F088F
:1091E000021F2674F0121EBA90288474CCF0E4F0AA
:1091F000F8902885E0600908E8C3942140F38019BD
:10920000E42AF582E43BF583E0007800902885E0CD
:10921000601108E8C3942140F37A007B007C007D54
:10922000008055902880E0F525E4F526F527F528FF
:10923000A3E0F521E4F522F523C521C522F5247824
:10924000257921121BF4A3E0F521E4F522741078AE
:1092500021121BD578257921121BF4A3E0F521E416
:10926000F52374187821121BD578257921121BF467
:10927000AA25AB26AC27AD287F08021F2674F01262
:109280001EBA780090288474CCF0E4F0902885E031
:10929000600908E8C3942140F3802DEA902880F00B
:1092A000EBA3F0ECA3F0EDA3F07410121E96E0F81F
:1092B000A3E0F988828983E4F000F8902885E060D3
:1092C0000B08E8C3942140F37900800279017F08FC
:1092D000021F26C082C0839028637481F0A3E4F04B
:1092E000D083D08202009374F4121EBAC284752116
:1092F0007D7522287821121F70902E147821121C5F
:10930000E7AA21AB22AC23AD24120CB27402121EC8
:10931000427521787522287821121F70902E1478BA
:1093200021121CE7AA21AB22AC23AD24120CB2748B
:1093300002121E427521F47522107821121F7090BE
:109340002E707821121CE7AA21AB22AC23AD241287
:109350000CB27402121E427521FA75221078211285
:109360001F70902E707821121CE7AA21AB22AC232B
:10937000AD24120CB27402121E427E00802B8E218C
:10938000E52124F0F521E43410F5227821121F7034
:10939000902E147821121CE7AA21AB22AC23AD2415
:1093A000120CB27402121E420EEEC3940440CF7E21
:1093B00000802B8E21E52124F6F521E43410F522DE
:1093C0007821121F70902E147821121CE7AA21AB6D
:1093D00022AC23AD24120CB27402121E420EEEC354
:1093E000940440CF75217D7522287821121F70903A
:1093F0002E1C7821121CE7AA21AB22AC23AD24122B
:109400000CB27402121E4275217D75222878211239
:109410001F70902E747821121CE7AA21AB22AC2376
:10942000AD24120CB27402121E4275217D752228E1
:109430007821121F70902E147821121CE7AA21ABFC
:1094400022AC23AD24120CB27402121E427E0080A4
:109450002B8E21E52124F0F521E43410F52278212A
:10946000121F70902E147821121CE7AA21AB22AC97
:1094700023AD24120CB27402121E420EEEC39404E9
:1094800040CF7E00802B8E21E52124F6F521E434A7
:1094900010F5227821121F70902E147821121CE7EB
:1094A000AA21AB22AC23AD24120CB27402121E42CC
:1094B0000EEEC3940440CF7521F575221078211269
:1094C0001F70902C8A7821121CE7AA21AB22AC23B2
:1094D000AD24120CB27402121E427521FB752210CB
:1094E0007821121F70902C8A7821121CE7AA21ABD8
:1094F00022AC23AD24120CB27402121E42752178E4
:109500007522287821121F70902E787821121CE77E
:10951000AA21AB22AC23AD24120CB27402121E425B
:109520007521797522287821121F70902E147821C8
:10953000121CE7AA21AB22AC23AD24120CB2740298
:10954000121E4275217A7522287821121F70902EE2
:109550007C7821121CE7AA21AB22AC23AD24120C8B
:10956000B27402121E4275217D7522287821121FC5
:1095700070902E807821121CE7AA21AB22AC23AD7B
:1095800024120CB27402121E4275217B75222878B7
:1095900021121F70902E147821121CE7AA21AB22F1
:1095A000AC23AD24120CB27402121E4275217C75DC
:1095B00022287821121F70902E147821121CE7AAFD
:1095C00021AB22AC23AD24120CB27402121E4290C5
:1095D0000B3A7401F07F04021F2674F4121EBA9035
:1095E0002E84C082C083900D617821121CD8A3788C
:1095F00021121C07A37821121C077821121F6C7AF4
:10960000D07B00120C647404121E428A218B228CBF
:10961000238D24D083D0827821121274900D15509E
:109620000474018001E4F0902E84C082C083900D08
:10963000897821121CD8A37821121C07A378211243
:109640001C077821121F6C7AD77B10120C647404EB
:10965000121E428A218B228C238D24D083D08278C3
:1096600021121274900D17500474018001E4F07FF0
:1096700004021F2674F7121EBA120D3C900B8FE0E5
:10968000900B4DF0900B81E4F0A3F0A3F0A3F090C9
:109690000B9A04F0A3E4F0900B977403F0900B8FF7
:1096A000E0900B98F07F01021F26C082C0837910E2
:1096B0007C857D0B7AE17B00120B8679107A857BA5
:1096C0000B120A0C900B95EAF0A3EBF0D083D0823A
:1096D000020093C082C083900E05E054087005908C
:1096E0000B8B8003900B8CE0900B98F0900B89E033
:1096F00070037401F0900B97E0640160057401F051
:109700008025900B9AE02401F0A3E03400F0900B48
:109710009AC082C083900B89E0F8D083D082C3E0E6
:1097200098A3E094004007900B9AE4F0A3F0900B0C
:1097300099E0D2E1F0120D6CD083D08202009374D4
:10974000F4121EBA900D05E04408F0900B52E004AC
:10975000F0E0C3943C4005E4F0120CE8900B7FE08D
:109760006016E014F0E070109033AA7821121CE724
:10977000900B817821121C9B900B98E06006E014FE
:10978000F0E07047900B86E0F8900B97E0702EE8C1
:10979000A3F0900B9AE02401F0A3E03400F0900BCA
:1097A0009AC082C083900B85E0F8D083D082C3E05A
:1097B00098A3E094004014900B9AE4800BE8A3F087
:1097C000900B97E4F0900B9AF0A3F07F04021F2611
:1097D00074F4121EBA900E05E05408900B816003D9
:1097E000029A91E4F0A3F0A3F0A3F0900D60E06082
:1097F0000E900B81E4F0A37480F0A3E4F0A3F0904A
:109800000B7FE060129033AE7821121CE7900B8141
:109810007821121CC580109033AA7821121CE79081
:109820000B817821121C9B9033B2C082C083900DB3
:10983000B9121F817AD47B00120C647404121E4288
:109840008A218B228C238D24D083D08278211212FE
:109850007450129033B67821121CE7900B81782156
:10986000121CC580109033BA7821121CE7900B812E
:109870007821121C9B9033B2C082C083900DBD1220
:109880001F817AD47B00120C647404121E428A2158
:109890008B228C238D24D083D08278211212745095
:1098A000129033BE7821121CE7900B817821121C94
:1098B000C580109033C27821121CE7900B8178216B
:1098C000121C9B9033B2C082C083900DC1121F81C5
:1098D0007AD47B00120C647404121E428A218B22FB
:1098E0008C238D24D083D082782112127450129050
:1098F0002C467821121CE7900B817821121CC58020
:10990000109033C67821121CE7900B817821121C2D
:109910009B9033CAC082C083900DC5121F817AD339
:109920007B00120C647404121E428A218B228C2349
:109930008D24D083D08278211212745020900B8114
:109940007821121CD8E52154406012902C8A78218D
:10995000121CE7900B817821121CC580109033CE29
:109960007821121CE7900B817821121C9B9033CA3E
:10997000C082C083900DC9121F817AD37B00120C64
:10998000647404121E428A218B228C238D24D0837E
:10999000D08278211212745020900B817821121CF1
:1099A000D8E521548060129033D27821121CE790C0
:1099B0000B817821121CC580109033D67821121C9F
:1099C000E7900B817821121C9B9033CAC082C08320
:1099D000900DCD121F817AD37B00120C6474041297
:1099E0001E428A218B228C238D24D083D082782121
:1099F0001212745020900B817821121CD8E5225449
:109A00000160129033DA7821121CE7900B817821E3
:109A1000121CC580109033DE7821121CE7900B8158
:109A20007821121C9B900BBEE070129033E27821DB
:109A3000121CE7900B817821121CC580109033E630
:109A40007821121CE7900B817821121C9B900BC887
:109A5000E0645570129033EA7821121CE7900B8174
:109A60007821121CC580109033EE7821121CE790EB
:109A70000B817821121C9B90085FE05410601A90B3
:109A800033F27821121CE7900B817821121CC580DB
:109A900008E4F0A3F0A3F0A3F07F04021F2674F300
:109AA000121EBA74F7121E2C8925EAFFECFAEDFBA0
:109AB0001209DCEAF8EBF9ECFAEDFB7401121E96E0
:109AC000121D45E525A2E550137401121E96121DC4
:109AD000091209E87401121E96121D157405121E52
:109AE00096E4F0A3F0A3F0A3F0046F7025740112C4
:109AF0001E967821121CD874087821121BBC0412FF
:109B00001E96E521F0A3E522F0A3E523F0A3E4F0FF
:109B1000800F74026F600A74126F600574116F70A9
:109B2000117405121E96E4F0A3F0A3F0A374AA0228
:109B30009C7374036F6008740D6F6003029C5B90EC
:109B40000B80E06455702E7401121E967821121C51
:109B5000D8902C867821121C84E521452245234586
:109B6000246012902C827821121CE77401121E9638
:109B70007821121C9BA831A93288218922782112D0
:109B80001F7079019033F67821121CE7AA21AB22CD
:109B9000AC23AD24120A3C7402121E428531828528
:109BA0003283E07035900B41E0A2E1502474011241
:109BB0001E967821121CD874087821121BBC04123E
:109BC0001E96E521F0A3E522F0A3E523F0A3E480AF
:109BD0005F7405121E9674AA8047E06401704B9072
:109BE0000B41E0A2E1502C7401121E967821121C48
:109BF000D874047821121BBC04121E96E521F0A330
:109C0000E522F0A3E523F0A3E524F0900BA3E044C4
:109C100004801D900BA3E04402F07405121E96749C
:109C20000AF0A3E4F0A3F0A38006900BA3E04402A3
:109C3000F0900B41E0A2E25003029E48E0A2E14016
:109C400003029E6E853182853283E07003029E5C42
:109C5000E064016003029E6E029E6574136F6005EE
:109C6000740B6F70127405121E96E4F0A3F0A374C7
:109C7000AAF0A3F0029EAE74046F6005740E6F70BC
:109C8000057E06029EAE74056F6005740F6F702529
:109C90007401121E967821121CD8902E1878211269
:109CA0001C84E5214522452345247003029EAC9087
:109CB00033FA029E9D74066F6008740C6F60030295
:109CC0009E857401121E967821121CD8902E187849
:109CD00021121C84E521452245234524601290333E
:109CE000FA7821121CE77401121E967821121C9B2F
:109CF000A831A932882189227821121F7079019018
:109D000033FE7821121CE7AA21AB22AC23AD24122A
:109D10000A3C7402121E42853182853283E0703023
:109D2000900B41E0A2E1501D7401121E96782112A1
:109D30001CD874107821121BBC04121E96E521F069
:109D4000A3E52280567405121E9674AAF0A3804BD8
:109D5000E06401704C900B41E0A2E1502C740112C0
:109D60001E967821121CD8740C7821121BBC041288
:109D70001E96E521F0A3E522F0A3E523F0A3E4F08D
:109D8000900BA3E04404029E3F900BA2E04440F0FD
:109D90007405121E9674AAF0A3740AF0A3E4029E3E
:109DA00035E064027043900B41E0A2E1502B740156
:109DB000121E967821121CD874087821121BBC043C
:109DC000121E96E521F0A3E522F0A3E523F0A3E41B
:109DD000F0900BA3E044028066900BA2E04440F0B8
:109DE0007405121E9674AA8047E06403704B900BB2
:109DF00041E0A2E1502C7401121E967821121CD869
:109E000074047821121BBC04121E96E521F0A3E510
:109E100022F0A3E523F0A3E524F0900BA2E0448018
:109E2000801D900BA2E04440F07405121E96740A47
:109E3000F0A3E4F0A3F0A38006900BA2E04440F06E
:109E4000900B41E0A2E25006E525C2E78033E0A294
:109E5000E15028853182853283E070047E07801DC1
:109E6000E0640170047E068014E0640270047E05E4
:109E7000800BE0640370047E0480027E03E525D23B
:109E8000E7F525802974076F70247401121E9678F7
:109E900021121CD8E52254806012903402782112DD
:109EA0001CE77401121E967821121C9B7E04E52586
:109EB000A2E750537404121E96AA82AB8374081250
:109EC0001E96A882A9837C00800988828983E04449
:109ED000A0F00CECC39E502F8A828B83E0FDECA295
:109EE000E0501F740F5D701F88828983E0440AF080
:109EF000EA24FF1AEB34FFFBE824FF18E934FFF9EA
:109F000080D074F05D60C37401121E96121D3990EA
:109F10000BA4121D457405121E96121D39900BA834
:109F2000121D457409121E427F05021F2674F41289
:109F30001EBA740F121E96E0F8703A7C0080010C75
:109F4000ECC3944B400302A030EC75F005A4F8A9D3
:109F5000F074F828F8742F39F9E8FAE9FB740C1258
:109F60001E967821121CD88A828B8378211211F2D6
:109F700070CD02A02774026870397C0080010CEC5F
:109F8000C39419400302A030EC75F005A4F8A9F0C1
:109F9000749C28F8743139F9E8FAE9FB740C121E44
:109FA000967821121CD88A828B8378211211F27044
:109FB000CD807474036870367C0080010CECC3940F
:109FC00002506DEC75F005A4F8A9F0747828F874C7
:109FD0003339F9E8FAE9FB740C121E967821121C49
:109FE000D88A828B8378211211F270D08039740460
:109FF00068703D7C0080010CECC394095032EC7514
:10A00000F005A4F8A9F0746F28F8743139F9E8FA6A
:10A01000E9FB740C121E967821121CD88A828B835D
:10A0200078211211F270D0A3A3A3A3E493F98002C4
:10A0300079FF7F04021F2674F4121EBA74EE121EFA
:10A040002C7E007521128E227821121F707C007DDB
:10A05000007402121EA8120F947402121E42900B7A
:10A060009AE0FAA3E0FBEA75F005A4FAA8F075F00F
:10A0700005EBA428FB900B97E06005E064027017E5
:10A0800075215F7522067821121F707905EA244038
:10A09000F521EB340A801AE06401702075215F75A8
:10A0A00022067821121F707905EA2440F521EB344D
:10A0B0000CAA21FBE4FCFD120A3C8022E064037040
:10A0C00005790302A24EE06404701A752105782117
:10A0D000121F707CAC7D0B7A5F7B06120F8E7402B0
:10A0E000121E42800AE0640C70047E0480010EEEB1
:10A0F0006004F902A24E7A5F7B061209DC8A218B8A
:10A10000228C238D247408121E967821121CFA903A
:10A110000BB97821121CFA7408121E967404121FCF
:10A1200089120D5A7404121E42E9F521900663E06B
:10A13000640170020521E5216005C3947640107525
:10A1400021017408121E96E4F0A3F0A3F0A3F0E539
:10A150002175F003A4F8A9F0741928F8743239F9BC
:10A1600088828983E493FA740193FB900BA0EAF050
:10A17000A3EBF088828983A3A3E493FA741F5AFEA9
:10A1800025E0F8748228F582E43433F583E493F80B
:10A19000740193F9900BA2E8F0A3E9F074E05AFF80
:10A1A0007401121E967411F07407121E96E0D2E725
:10A1B000F07410121E96745FF0A37406F075230EEF
:10A1C0007524007823121F707C007D007A5F7B0667
:10A1D000120F947402121E42900B80E4F0AA31AB6D
:10A1E00032120AA27405121E96E0F8A3E0F9E849BB
:10A1F00060047901805874116E600574136E7010DC
:10A200007410121E96E02404F8A3E03400F98021B3
:10A2100074126E70267410121E96E0F8A3E0F974A2
:10A220002965217005E824078003E82403F850011C
:10A23000097410121E96E8F0A3E9F07410121E962D
:10A24000E0FCA3E0FDEEFAEFF9120D547900741270
:10A25000121E427F04021F26C082C08379027AA4A4
:10A260007B0B120EFED083D08202009374F4121E78
:10A27000BA7F007E01120D4E900E05E05408601565
:10A28000900B99E0A2E1400DE0A2E05005120D66AE
:10A2900080081E8005120D60E9FFEF14600924FE9E
:10A2A000600C1460108078900BA87411806A120DF5
:10A2B000067E00806A90065DE054A06007900BA4C3
:10A2C0007410801FE054406007900BA47416801334
:10A2D000900BBDE0F874B128F582E4340BF583E00F
:10A2E000900BA4F0A3E4F0A3F0A3F090340678213F
:10A2F000121CE7900BA47821121CC5A3E4F0A374F0
:10A3000031F0A37403F0A374AAF0900B81E4F0A3DE
:10A31000F0A3F0A3F0900BA0F0A3F0A3F0A3F090B3
:10A320000D13E064017012900BA87453F0A3743302
:10A33000F0A374A6F0A374AAF074016E7036900BAB
:10A3400081121D09120D30900BA8121F81900BA4D1
:10A35000121D09120D1E7404121E42900BA0E0FA89
:10A36000A3E0FB120D24900BA2E0FAA3E0FB120D78
:10A370002A120D127F04021F26C082C083900B9AFE
:10A38000E4F0A3F0900D0DF0D083D082020093741E
:10A39000F4121EBA900B98E06003E014F0E060261F
:10A3A000902C9E7821121CE7900BB978211211DDB8
:10A3B000700D120F28900B99E0D2E0F0120D6C791D
:10A3C000017F04021F26900B97E0703F120F289028
:10A3D0000B86E0900B98F0900B9AE02401F0A3E03C
:10A3E0003400F0900B99E0D2E1F0A3C082C08390DA
:10A3F0000B85E0F8D083D082C3E098A3E0940040BE
:10A40000BB900B9AE4F0A3F0F980B6790080B2C05B
:10A4100021C022C3EA9440EB9401400479FF800DEF
:10A420008A218B2274067821121E0AA921D022D0FB
:10A430002102009374F0121EBA74F7121E2C7401DC
:10A44000121E96E4F0900CE3E0F9C39403400F125F
:10A4500009FAE924FDF8C39405400602A68602A67F
:10A46000868882858227752800E875F003A4F8A9FC
:10A47000F074CA28F8742C39F988828983E49385AA
:10A480003182853283F088828983A3E493F8740152
:10A4900093F97405121E96E8F0A3E9F075215F7533
:10A4A00022067821121F707402121E96E0F97407BA
:10A4B000121E96E0F521A3E0AA21FBE4FCFD120A9E
:10A4C0003C7402121E427405121E96E024C0F5214F
:10A4D000A3E03402F522E4F523F52475255F752603
:10A4E000077825121F707402121E96E0F9AA21AB9C
:10A4F00022AC23AD24120A3C7402121E4285318222
:10A50000853283E024FEC0E07404121E96D0E0F091
:10A51000E0F97A5F7B06120A0C7402121E96EAF0CA
:10A52000A3EBF0853182853283E0FE745D2EF8E482
:10A530003406F97407121E96E8F0A3E9F0740212CB
:10A540001E96C082C0837407121E96E0FAA3E0FB39
:10A550001209D68A258B26D083D082E06525700427
:10A56000A3E0652660087401121E967401F074045D
:10A57000121E96E0F97A5F7B07120A0C7402121E13
:10A5800096EAF0A3EBF0745D2EFEE43407FF74024C
:10A59000121E96C082C083EEFAEFFB1209D68A25FE
:10A5A0008B26D083D082E065257004A3E065266009
:10A5B000097401121E96E02402F07401121E96E046
:10A5C00070427407121E96E0FAA3E0FB1209D674DB
:10A5D00002121E96EAF0A3EBF07402121E96C082DD
:10A5E000C083EEFAEFFB1209D68A258B26D083D0E2
:10A5F00082E065257004A3E0652660087401121EE0
:10A60000967402F074027827121E1974FB2527F540
:10A610008274343528F5837825121CE79006577824
:10A6200025121CC57401121E96E064017031782554
:10A63000121BAC9006577825121C9B75215F752262
:10A64000077821121F707402121E96E0F974071227
:10A650001E96E0F521A3E0AA21FBE4FCFD801FE0AB
:10A660006402702275255F7526067825121F7074A6
:10A6700002121E96E0F9AA21AB22AC23AD24120AE5
:10A68000367402121E427409121E427F08021F26EF
:10A6900074F0121EBA7582F77583FE121E78740567
:10A6A000121E96EAF0A3EBF07407121E96ECF0A3CC
:10A6B000EDF0E9C0E07402121E96D0E0F074891249
:10A6C0001EA07403121E96E8F0A3E9F07405121E92
:10A6D00096E0FAA3E0FB120B74E9F87402121E96DE
:10A6E000E0700302A8E2E8C39405400302A8BBE8B7
:10A6F00075F003A4F8A9F074CA28F8742C39F98805
:10A70000828983E493853182853283F088828983CC
:10A71000A3E493C0E0740193F583D082AE82AF834B
:10A720007489121EA0882189227821121F70740258
:10A73000121E96E0F98E218F22AA21AB22E4FCFDA5
:10A74000120A3C7402121E42853182853283E02453
:10A75000FEC0E07401121E96D0E0F0E0F974891298
:10A760001EA8120A0C8A278B28EE24C0F521EF348C
:10A7700002F522E4F523F524853182853283E0F861
:10A780007489121E96E58228F8E43583F9E824FEE0
:10A79000FAE934FFFB1209D6EA65277003EB652856
:10A7A00060717409121EA0882589267825121F70F1
:10A7B0007402121E96E0F9AA21AB22AC23AD24123A
:10A7C0000A3C7402121E427401121E96E0F97409CA
:10A7D000121EA8120A0C8A278B28853182853283A3
:10A7E000E0F87409121E96E58228F8E43583F9E84A
:10A7F00024FEFAE934FFFB1209D6EA65277003EB61
:10A800006528700F7409121EA07403121E96E8F0DA
:10A81000A3E9F07402121E96E0F97407121E96E086
:10A82000FCA3E0FD7405121E96E0C39EFAA3E09F10
:10A83000FB7403121E96E02AFAA3E03BFB120A18EF
:10A84000853182853283E0F87403121E96E028F881
:10A85000A3E03400F9E824FEFCE934FFFDECC0E09D
:10A86000EDC0E07401121E96E0F97403121E96E02A
:10A87000FAA3E0FB120A0CD0E0FDD0E0FC1209D0F4
:10A880007403121E96121F857402121E96E0F98E32
:10A89000258F26AA25AB26E4FCFD120A3674021287
:10A8A0001E427403121E96121F857402121E96E039
:10A8B000F9AA21AB22AC23AD24801F7407121E9687
:10A8C000121F857404121E96E0F97407121E96E09A
:10A8D000F521A3E0AA21FBE4FCFD120A3674021262
:10A8E0001E42758209758301121E787F08021F2699
:10A8F00074F1121EBA74FE121E2C853182853283C9
:10A90000ECF0A3EDF0EAFEEBFF8927120B74E9F5FA
:10A9100025C3940550459006577821121CD87526FA
:10A920000074027825121E1974FB2525F5827434F3
:10A930003526F5837821121C84E5214522452345DF
:10A94000247018853182853283121F85A927EE2451
:10A95000C0F521EF3402AA21FB80138531828532B4
:10A9600083121F85A9278E218F22AA21AB22E4FC06
:10A97000FD120A3C7402121E427402121E427F072C
:10A98000021F2674F7121EBAE9FE79008011098AA7
:10A99000828B83A3AA82AB83EC2402FC50010DE9D5
:10A9A000C39E501D8A828B83E0FF8C828D83E4934B
:10A9B000F8EFC3984007A3E493C39F50D179018077
:10A9C0000279007F01021F26C082C083900D09E03A
:10A9D0005402600B120BEC900D09E054FD8073E003
:10A9E00054106008120DC6900D098037E0542060A5
:10A9F00008120D3C900D09803CE0544060177A8AA3
:10AA00007B08120BAAE96008900B4CE0F9120CCA03
:10AA1000900D098032A3E05410600D7900120E9859
:10AA2000900D0AE054EF802AE05420600D79041262
:10AA30000E98900D0AE054DF8018E05440600D79C4
:10AA400008120E98900D0AE054BF8006900D09E49C
:10AA5000F0A3F0D083D08202009374F0121EBA8A61
:10AA6000278B28E9FE752100120A12E9600302AB68
:10AA70006A7F0080010FEFC39E5063EF75F003A45F
:10AA8000F8A9F0E52728F525E52839F5268525825A
:10AA9000F583A3A3E0F9C39413400302AB6AE97002
:10AAA0000302AB6A1209FA852582852683A3E0F8A2
:10AAB00074D829F582E4342CF583E493C3985003C9
:10AAC00002AB6AE8700302AB6A852582852683E0C3
:10AAD000F8C394095003E8709C792002AB6C7F00A6
:10AAE0008078EF75F003A4F8A9F0E52728FAE528A7
:10AAF00039FB8A828B83A3A3E0F523E52275F0035B
:10AB0000A4F8A9F0E52728FCE52839FD8C828D837F
:10AB1000A3A3E0F8C395234051E8652370278A82F8
:10AB20008B83A3E0F88C828D83A3E0F9C398403A2D
:10AB3000E96870118A828B83E0F88C828D83E068EB
:10AB40007028752101E52160087903120A06E97071
:10AB5000190522E522C39E40890FEFC39E5007745A
:10AB6000012FF52280ED7900800279017F08021F14
:10AB70002674F7121EBAEAFEEBFF8921120A12E9C7
:10AB8000704B7B0080010B75F003E52184F8EB9896
:10AB90005037EB75F003A4F8A9F0EE28F8EF39F977
:10ABA00088828983A3A3E0C3942450218882898367
:10ABB000A3E0C39460501688828983E0F8C39405AB
:10ABC0005003E870C1794080067900800279017FE6
:10ABD00001021F2674F0121EBA74F8121E2CEAFE2F
:10ABE000EBFF8C21E9700302ACA5121FE30120A545
:10ABF000AC33ACB1ACE7ACFBAC0BAD29AD43AD5D58
:10AC0000AD7BAD29AD8EAD96ADB2ADF4ADE7ACFF89
:10AC1000AD36AE42AE9FAFB2AFBEADD2AFD7AF1E74
:10AC2000B028B032B0CCAC8EADA5AC57B074B0A5E6
:10AC3000ACEEB07905EEFCEFFD7403121E96AA820D
:10AC4000AB83120A187402121E96E4F07902E9121C
:10AC50001EA8120F22E9604D75220080020522E530
:10AC600022C39405500F852223EE2523F582E43F6D
:10AC7000F583E060E8E522C3940550297522008041
:10AC8000020522E522C394055011852223EE2523D7
:10AC9000F582E43FF583E0649960E6E522C394051C
:10ACA000500302B0FA79007408121E427F08021F96
:10ACB00026A921120A12E9600302B0FA8E828F835C
:10ACC000E06005C3941540DD791080DBA921120AEC
:10ACD00012E9600302B0FA8E828F83E06005C394AC
:10ACE0001540C2792080C08E828F83E0700302B04D
:10ACF000FAC39409400302B0FA80AA8E828F83E0DF
:10AD00006005C39405409E7940809CA921120A12D7
:10AD1000E9600302B0FAEEFAEFFB1209D61209F469
:10AD2000C3EA943DEB940080CBA921120A12E9609A
:10AD30000302B0FA8E828F83E0700302B0FAC394EC
:10AD40009A80B1A921120A12E9600302B0FA8E8238
:10AD50008F83E0700302B0FAC3942180978E828FB4
:10AD600083E0F8700302ACA5740168700302ACA51F
:10AD7000740268600302B0FA02ACA58E828F83E091
:10AD8000F86008C39405500302ACA5E880E5A9214A
:10AD9000120A12E980DD8E828F83E0F8C3940B40A3
:10ADA0000302B0FA740368700302B0FA7407680211
:10ADB000B0AE8E828F83E06404703402ACA575223D
:10ADC0000280020522E522C3940650198E828F83E9
:10ADD000E0F885222374F32523F582E43434F583E7
:10ADE000E4936870DEE522C39406500302ACA579B3
:10ADF0000802ACA78E828F83E0C3948002ACF47902
:10AE000002120A12E9600302B0FA8E828F83E0F820
:10AE1000C39424500EA3E0F9C394295006E96003BB
:10AE200002ACA5749968600302B0FA8E828F83A386
:10AE3000E0649902AD7375F003EC84F9120B98028B
:10AE4000ACA7A921120B9EE9752700600302ACA7ED
:10AE50007522008058C3E89525E99526500302B075
:10AE6000FAE8C39525FAE99526FBC3EA940FEB941B
:10AE7000005038E865257003E96526600302B0FAE2
:10AE8000853182853283E0F8A3E0F5838882E0F89B
:10AE9000853182853283E0F9A3E0F5838982A3A31B
:10AEA000A3E068600302B0FA7527010522852282BB
:10AEB000A88275F003E5218424FFFAE434FFFBC384
:10AEC000E89AE49BA2D265D033400302AF56E875FE
:10AED000F003A4F8A9F0EE28F8EF39F9853182855E
:10AEE0003283E8F0A3E9F0853182853283E02401E2
:10AEF000FAA3E03400FB120A248A258B26853182CE
:10AF0000853283E02404FAA3E03400FB120A248A89
:10AF1000238B24A823A924E527700302AE55E865F6
:10AF2000257003E96526600302B0FA853182853217
:10AF300083E0F8A3E0F5838882E0F88531828532EA
:10AF400083E0F9A3E0F5838982A3A3A3E0687003FB
:10AF500002AEAB02B0FA8E828F83A3AA82AB8312B9
:10AF60000A24EA249FF523EB3405F524852125EEF8
:10AF70002525F8E43FF9E824FEFAE934FFFB120A3C
:10AF8000248A258B26E523C39525F8E5249526F903
:10AF9000C3E8940EE99400400302ACA502B0FA8E17
:10AFA000828F83E0F8743068700302ACA57460028D
:10AFB000AD727902120A12E9600302B0FA8E828F32
:10AFC00083E0C3945A400302B0FAA3E0C39424027E
:10AFD000ACF4790102AD9075220080020522E522D1
:10AFE000C39404500F852223EE2523F582E43FF518
:10AFF00083E060E8E522C39404400302ACA5790035
:10B000008E828F83A3AA82AB83120F22E960030290
:10B01000B0FA8E828F83E0F8C3940902B0AB8E82BF
:10B020008F83E0547C02AD738E828F83E054FC02E8
:10B03000AD737905EEFCEFFD7403121E96AA82AB88
:10B0400083120A187402121E96E4F07902E9121EA5
:10B05000A8120F2202AD93A921120A12E96003027D
:10B06000B0FA8E828F83E024FBC3942C500302AC91
:10B07000A502B0FA7401652170128E828F83E054AC
:10B08000F07077900CFF74AAF002ACA574026521F1
:10B0900070237902120A12E970608E828F83A3E016
:10B0A00070588E828F83E0F8C39461504DE860033E
:10B0B00002ACA5804574046521703F7904EEFCEF75
:10B0C000FD7403121E96AA82AB83120A1874021230
:10B0D0001E96E4F07407121E96E4F07902E9121E3F
:10B0E000A8120F22E97013900CFF7455809A8E827B
:10B0F0008F83E054FB700302ACA5790102ACA77406
:10B10000F4121EBA7490121E2CA831A9328821891B
:10B11000227821121F707970902DE27821121CE79D
:10B12000AA21AB22AC23AD24120A3C7402121E42A7
:10B13000746E121E96AA82AB831209D68A218B22C4
:10B14000AE21AF22796EAA31AB32120A0CEA6E70D0
:10B1500002EB6F604CA831A9328821892278211234
:10B160001F707970902DE67821121CE7AA21AB227E
:10B17000AC23AD24120A3C7402121E42746E121EDD
:10B1800096AA82AB831209D68A218B22AE21AF22E6
:10B19000796EAA31AB32120A0CEA6E7002EB6F7054
:10B1A00009AA31AB32120BE68020796E7AD17B0B83
:10B1B000120A0C8A218B22A821A922900C3FE06858
:10B1C0007003A3E0696003120C58120C70747012C3
:10B1D0001E427F04021F26C082C08378D1790B7C77
:10B1E0000080198A828B83E088828983F0A3A882F9
:10B1F000A9838A828B83A3AA82AB830CECC394704D
:10B2000040E1D083D08202009374F4121EBA74FE1F
:10B21000121E2CA831A932882189227821121F7090
:10B22000902DEA7821121CE7AA21AB22AC23AD2491
:10B23000120A487402121E42853182853283E0F878
:10B24000A3E0F9900C3FE0687003A3E069702279F5
:10B250006E7AD17B0B120A0C8A218B22A821A9229B
:10B26000900C3FE0687003A3E0697005120C7080D9
:10B2700003120BE0120BF87402121E427F04021F2D
:10B280002674F4121EBA7521E875220A7821121F5D
:10B2900070902DEE7821121CE7AA21AB22AC23ADD1
:10B2A00024120A427402121E427F04021F2674F600
:10B2B000121EBA7C0080010CECC3941150468C2104
:10B2C00075220074027821121E19749E2521F874CB
:10B2D0002D3522F988828983E493FA740193FB90D7
:10B2E0000BD1E06A7003A3E06B70CC88828983A3E2
:10B2F000A3E4939008F2F088828983A3A3A3E49344
:10B300009008F3F0ECC39411400C9008F2740AF02A
:10B310009008F37401F07F02021F2674F0121EBA27
:10B3200074FE121E2CE9853182853283F0EAC0E07A
:10B330007401121E96D0E0F0E070127EF47F087562
:10B34000219875220975233C75240A80107E467F5A
:10B35000097521EA75220975239275240A853182BF
:10B36000853283E0A2E0504A752550752600782585
:10B37000121F707C007D00EEFAEFFB120F94740236
:10B38000121E427950EEFAEFFB120A0CEE2450F531
:10B3900082E43FF583EAF0A3EBF07525527825129D
:10B3A0001F70EEFCEFFDAA21AB22120F8E74021269
:10B3B0001E42853182853283E0A2E15077752156A5
:10B3C0007522007821121F707C007D00AA23AB2417
:10B3D000120F947402121E427954AA23AB24120A4B
:10B3E0000CE5232454F582E43524F583EAF0A3EB3D
:10B3F000F0A3E4F0A3F07823121F707956902DF299
:10B400007825121CE7AA25AB26AC27AD28120A36F0
:10B410007402121E427823121F707956902DF6780E
:10B4200021121CE7AA21AB22AC23AD24120A3674E8
:10B4300002121E427402121E427F08021F2674F47A
:10B44000121EBA74AA121E2C7900120C10E96401A3
:10B45000600302B4FDA831A9328821892278211223
:10B460001F707956902DF27821121CE7AA21AB2289
:10B47000AC23AD24120A3C7402121E427954AA3144
:10B48000AB32120A0C8A218B22A821A922745412F1
:10B490001E96E0687003A3E0696046A831A932886F
:10B4A0002189227821121F707956902DF678211269
:10B4B0001CE7AA21AB22AC23AD24120A3C74021271
:10B4C0001E427954AA31AB32120A0C8A218B22A86F
:10B4D00021A9227454121E96E0687003A3E06970DB
:10B4E0001C7521567522007821121F707402121EDD
:10B4F000B07A3C7B0A120F8E7402121E42745612EE
:10B500001E427F04021F2674F2121EBA892475237C
:10B5100000E9700C7521F47522087E987F09800A75
:10B520007521467522097EEA7F097950AA21AB224E
:10B53000120A0C8A258B26E5212450F582E4352257
:10B54000F583E065257004A3E06526602775230177
:10B550007950EEFAEFFB120A0C8A258B26EE245066
:10B56000F582E43FF583E065257004A3E06526607D
:10B5700003752302E523A2E0501D752552752600B0
:10B580007825121F70EEFCEFFDAA21AB22120F8E60
:10B590007402121E42800CC394024007AA2479014F
:10B5A000120BFE7F06021F2674F4121EBAE9700603
:10B5B0007A3C7B0A80047A927B0AEA2454F582E47E
:10B5C0003BF583C082C0837954120A0C8A218B22F6
:10B5D000E4F523F524D083D08278211211DD6004B4
:10B5E0007901800279007F04021F2674F5121EBAC9
:10B5F00089218B227E007F00EC70417900120C0AB9
:10B60000E52224FC600424FC701AE5221313543F45
:10B6100025E0F874F428FAE43408FB741C28F8E4F4
:10B6200034098058A822E828F8E433F974F428FA99
:10B63000740839FB741C28F87409803F7901120CD6
:10B640000AE52224FC600424FC701AE5221313543A
:10B650003F25E0F8744628FAE43409FB746E28F8B4
:10B66000E434098017A822E828F8E433F97446285E
:10B67000FA740939FB746E28F8740939F974016594
:10B680002170068A828B83805FE5217051900AE8E1
:10B69000E0A2E0500A8A828B83E0FEA3E08014E0FF
:10B6A000A2E150108A828B83E0FAA3E0FBC3E49A04
:10B6B000FEE49BFF900AE8E0A2E2500C88828983B6
:10B6C000E02EFEA3E03F8024E0A2E35020888289A0
:10B6D00083E0F8A3E0F9C3EE98FEEF99800E7402C0
:10B6E0006521700988828983E0FEA3E0FFEEFAEF0E
:10B6F000FB7F03021F2674F0121EBA74A2121E2CC6
:10B70000E9C0E07402121E96D0E0F07403121E9697
:10B71000E4F07402121E96E0702E7404121E9674E9
:10B72000C0F0A37411F0A3E4F0A3F0752580752692
:10B7300014F527F528853182853283743CF0A37493
:10B740000AF07EF47F08802C7404121E967416F0A2
:10B75000A37412F0A3E4F0A3F07525E4752614F5A4
:10B7600027F5288531828532837492F0A3740AF01C
:10B770007E467F097408121EA08821892278211232
:10B780001F7079567406121E96121D09120A3C7417
:10B7900002121E4279547408121EA8120A0C8A2141
:10B7A0008B22A821A922745C121E96E0687003A364
:10B7B000E06960407408121EA08821892278211255
:10B7C0001F707956AA25AB26AC27AD28120A3C7407
:10B7D00002121E4279547408121EA8120A0C8A2101
:10B7E0008B22A821A922745C121E96E0687003A324
:10B7F000E06970087403121E967401F07403121E3F
:10B8000096E0703E853182853283E0F8A3E0C8245B
:10B8100054F582E438F583C082C08379548531823F
:10B82000853283E0FAA3E0FB120A0C8A218B22E422
:10B83000F523F524D083D08278211211DD60030234
:10B84000B9947403121E96E0640170227521567536
:10B8500022007821121F70740A121EB07402121E88
:10B8600096E0FAA3E0FB120F8E7402121E428E8243
:10B870008F83E0F521A3E0F522E4F523F52485315B
:10B8800082853283E0F8A3E0C8243CF582E438F5F1
:10B89000837821121C318E828F83A3A3E0F521A32C
:10B8A000E0F522853182853283E0F8A3E0C82440A8
:10B8B000F582E438F5837821121C318E828F83A3C0
:10B8C000A3A3A3E0F521A3E0F5228531828532838D
:10B8D000E0F8A3E0C82444F582E438F58378211227
:10B8E0001C318E828F83A3A3A3A3A3A3E0F521A37E
:10B8F000E0F522853182853283E0F8A3E0C8241484
:10B90000F582E438F5837821121C3179548531822F
:10B91000853283E0FAA3E0FB120A0C85318285327E
:10B9200083E0F8A3E0C82454F582E438F583EAF014
:10B93000A3EBF0A3E4F0A3F07402121E96E0F91258
:10B940000C10E9704F853182853283121F8579563C
:10B950007406121E96121D09120A367402121E4235
:10B960007402121E96E0F9120C10E970277402128C
:10B970001E96E0FA7901120BFE8531828532831220
:10B980001F857956AA25AB26AC27AD28120A367436
:10B9900002121E42745E121E427F08021F2674F1BC
:10B9A000121EBA8923752400120C0AE523700C7547
:10B9B00021A27522087EF47F08800A7521CA7522AB
:10B9C000087E467F0975270080598521828522835C
:10B9D000E06016C2AFE0F525E4F0D2AF8E828F832F
:10B9E000E02525F0A3E03400F08E828F83C3E0943D
:10B9F00099A3E094084005A923120C0A8E828F8334
:10BA0000C3E094D1A3E0940740037524550527852E
:10BA10002182852283A3858221858322EE2402FE52
:10BA200050010FE527C3942840A0E523700C75252D
:10BA3000987526097EF47F08800A7525EA7526091F
:10BA40007E467F097950EEFAEFFB120A0CEE245085
:10BA5000F582E43FF583EAF0A3EBF07521527522FD
:10BA6000007821121F70EEFCEFFDAA25AB26120F05
:10BA70008E7402121E42745565247005A923120C9F
:10BA80001C7F07021F2674F4121EBA7900120C10D4
:10BA9000E9605275213C75220A7821121F7079568F
:10BAA000902DF27821121CE7AA21AB22AC23AD2401
:10BAB000120A3C7402121E427900120C10E9602531
:10BAC00075213C75220A7821121F707956902DF647
:10BAD0007821121CE7AA21AB22AC23AD24120A3C28
:10BAE0007402121E427C3C7D0A7A007901120BCE50
:10BAF0007F04021F2674F0121EBA74F7121E2CE97E
:10BB0000FEA831A932882189227821121F70902C39
:10BB10007E7821121CE7AA21AB22AC23AD24120AA5
:10BB2000427402121E42853182853283E0700474B1
:10BB3000018002E014F07C007B037A007901120C92
:10BB4000168A218B227C007B037A007902120C1664
:10BB5000900A507825121CD8900A647825121C0788
:10BB6000E5223395E0F523F52478257921121BF49D
:10BB70008A21EBF5223395E0F523F5247825792108
:10BB8000121BF47405121E967825121CFA74051205
:10BB90001EA0882189227821121F70790474021254
:10BBA0001E96E0F52175220074027821121E19E517
:10BBB000212401FAE5223411FB3395E0FCFD120A41
:10BBC000367402121E42A831A932882189227821B6
:10BBD000121F707901902C7E7821121CE7AA21ABEC
:10BBE00022AC23AD24120A367402121E4274016E76
:10BBF000704B900CE4E0C0E07401121E96D0E0F0AF
:10BC0000900CE5E0C0E07402121E96D0E0F0900CBB
:10BC1000E6E0C0E07403121E96D0E0F0900CE7E07E
:10BC2000C0E07404121E96D0E0F07900120C1C12D1
:10BC30000C287401121E96121D09120C3A74091276
:10BC40001E427F08021F2674F4121EBA74F6121EDA
:10BC50002C7404121EA0882189227821121F707969
:10BC600006902C6E7821121CE7AA21AB22AC23ADE2
:10BC700024120A3C7402121E427C008048ED25E02A
:10BC8000F8E433F97404121E96E58228F8E5833946
:10BC9000F9EC25E0FAE433FBE5822AF582E5833B03
:10BCA000F583E0FAA3E0FB88828983E06A7003A34E
:10BCB000E06B7009888289837499F0A3F00DEDC35D
:10BCC000940340B90CECC39402500674012CFD801F
:10BCD000ED7C0080010CECC39403400302BD76ECC4
:10BCE00025E0F8E433F97404121E96E58228F8E59D
:10BCF0008339F988828983E064997004A3E06499A8
:10BD000060D388828983E0FA900CE4E06A70C68888
:10BD1000828983A3AA82AB83E0FD900CE5E06D707D
:10BD2000B4EC70077901120C2E804B88828983E075
:10BD3000853182853283F08A828B83E0C0E0740192
:10BD4000121E96D0E0F0900CE6E0C0E07402121EE5
:10BD500096D0E0F0900CE7E0C0E07403121E96D09D
:10BD6000E0F07900120C1C120C2885318285328398
:10BD7000121D09120C3A740A121E427F04021F2679
:10BD8000C082C08374FC121E2C853182853283EA06
:10BD9000F0A3EBF0A3ECF0A3EDF0AC31AD327A0EF2
:10BDA0007901120BCE7404121E42D083D08202009D
:10BDB0009374F6121EBA120EF2E9FE601A900CE2AB
:10BDC000E0F91209FAE90904C3943C40027900122F
:10BDD0000A00E9900CE2F0900CEBE0F8900CE2E045
:10BDE000FAE8C39AF895E0F9C3E8941FE99400A231
:10BDF000D265D033500302BF13900D07E0D2E1F0BB
:10BE0000EE601A900CE3E0F91209FAE90904C39410
:10BE10003C40027900120A00E9900CE3F0900CE338
:10BE2000E0600302BF13900CECE0700302BF1390BC
:10BE30000D07E0D2E2F0EE601A900CE4E0F912098E
:10BE4000FAE90904C3941840027900120A00E99043
:10BE50000CE4F0900CE4E0600302BF13900CEDE002
:10BE6000700302BF13900D07E0D2E4F0EE604B9038
:10BE70000CE8E004F0E0C394074002E4F0900CE624
:10BE8000E0F874B828F582E43434F583E493FF7461
:10BE90000268700E900CE7E0F91209FAE954037099
:10BEA000010F900CE5E0F91209FA09EFC39950026D
:10BEB0007901120A00E9900CE5F0900CE5E06401CC
:10BEC0007051900CEEE0C394024048EE601A900C62
:10BED000E6E0F91209FAE90904C3940D4002790178
:10BEE000120A00E9900CE6F0900CE6E06401702381
:10BEF000900CEFE0C39402401A900CE7E0F91209AD
:10BF0000FAE90904C3946440027900120A00E99036
:10BF10000CE7F0120F107F02021F2674F4121EBAF3
:10BF2000EAFEEBFF8E828F83A3A3A3A3A3E0F91203
:10BF300009FAE9F5228E828F83A3A3A3A3E0F91265
:10BF400009FAE914F5238E828F83A3A3A3E0F912E3
:10BF500009FAE914F521740355227007E523C39407
:10BF60000240020521AA22EA75F06DA4CAA8F028B1
:10BF7000FBA823E828F8E433F974CB28F58274345D
:10BF800039F583E4932AF8A3E4933BF9852123E56B
:10BF9000221313543FFAE5232AFAE43400FBE82A7B
:10BFA000FAE93BFB7F04021F2674F0121EBAEAFE78
:10BFB000EBFF8E828F83E0F91209FAE9F5218E8278
:10BFC0008F83A3E0F91209FAE975F03CA4F8A9F00F
:10BFD000E52128F521E439F5223395E0F523F52410
:10BFE000C021C022C023C0248E828F83A3A3E0F986
:10BFF0001209FAE9F525E4F526F527F5289034E34A
:10C000007821121CE778257921121A41D024D023F7
:10C01000D022D02178217925121BF4AA21AB22ACA1
:10C0200023AD247F08021F2674F0121EBAEAFEEB2D
:10C03000FF120ECE8A258B26E4F527F5289034E7EB
:10C040007821121CE778257921121A41EEFAEFFBCC
:10C05000120ED48A218B228C238D247825792112EB
:10C060001BF4AA25AB26AC27AD287F08021F267437
:10C07000F0121EBAECFEEDFF120EDA8A218B228C32
:10C08000238D24EEFAEFFB120EDA8A258B268C27FD
:10C090008D2878217925121C44902E1478211212B3
:10C0A0000B40057821121B9BAA21AB22AC23AD24A7
:10C0B0007F08021F2674F6121EBAEAFEEBFF79070C
:10C0C000120A0C8A218B228E828F83A3A3A3A3A39F
:10C0D000A3A3E065217004A3E065227009EEFAEFE6
:10C0E000FB120F0A800279017F02021F2674F412EC
:10C0F0001EBA7E007AE27B0C120EE6E960797AEBDA
:10C100007B0C120EE6E960627521E275220C782143
:10C11000121F7079099034EB7821121CE7AA21AB29
:10C1200022AC23AD24120A3C7402121E427AE27B36
:10C130000C120EE6E960307521E275220C782112AE
:10C140001F7079099034EF7821121CE7AA21AB22E5
:10C15000AC23AD24120A3C7402121E427AE27B0C1C
:10C16000120EE6E960010E0E800D79097CEB7D0C64
:10C170007AE27B0C120A18EEF97F04021F2674F48F
:10C18000121EBA120EECE9FE7F00900CE2E064335E
:10C190007011900E05E054086008900CE3E06427ED
:10C1A00070010FEF700BEE700890065DE054EF80A9
:10C1B00065120DF67AF47B0C120F0AE9702E7402E8
:10C1C0006E6025902C72C082C0837CE27D0C7AF474
:10C1D0007B0C120EE08A218B228C238D24D083D0FD
:10C1E00082782112127440097F02800774026E6007
:10C1F0000A7F0390065CE0C2E4800D90065CE0D20A
:10C20000E4F090065DE04410F074036F700D120DC1
:10C21000FC900CFDE004F07901802979077CF47D25
:10C220000C7AE27B0C120A1879077AE27B0C120A6C
:10C230000C900CE9EAF0A3EBF0900CE3E070031231
:10C240000F1679007F04021F2674F4121EBA892388
:10C250008A24EBFFA9241209FAE9F52474AB29F525
:10C2600082E43434F583E493FEA9231209FAE9F554
:10C2700023740355236008E524C3940350010EEF93
:10C28000F91209FAE5231313543F2523292EFE74CE
:10C29000FF2E75F00784A9F07F04021F26C082C01C
:10C2A00083E9601214601D14602914604614605103
:10C2B00014606102C36C900CE8E08A828B83F0A367
:10C2C000AA82AB83900CE5E08A828B83F0A3AA82DA
:10C2D00002C354900CE2E08A828B83F0A3AA82AB63
:10C2E00083900CE3E08A828B83F0A30AAB83900CEB
:10C2F000E48073900CE2E08A828B83F0A3AA82AB85
:10C3000083900CE3E08A828B83F0A3AA82AB8390B4
:10C310000CE4802B900CE2E08A828B83F0A3AA824B
:10C32000AB83900CE3E08A828B83F0A30AAB83900B
:10C330000CE4E08A828B83F0A30AAB83900CE8E0E4
:10C340008A828B83F0A30AAB83900CE5E08A828B10
:10C3500083F0A30AAB83900CE6E08A828B83F0A380
:10C360000AAB83900CE7E08A828B83F0D083D08283
:10C3700002009374F7121EBAE9601214602114606F
:10C380003214605214606114607602C4648A828B35
:10C3900083E0900CE8F08A828B83A3AA82AB838A25
:10C3A000828B83E0FC900CE5F08A828B83A3AA82C7
:10C3B00002C4458A828B83E0900CE2F08A828B83F0
:10C3C000A3AA82AB83E0900CE3F08A828B83A3E084
:10C3D000900CE402C4638A828B83E0900CE2F08AC2
:10C3E000828B83A3AA82AB838A828B83E0900CE347
:10C3F000F08A828B83A3AA82AB83E0900CE4803026
:10C400008A828B83E0900CE2F08A828B83A3AA82DB
:10C41000AB83E0900CE3F08A828B83A30AAB83E0CA
:10C42000900CE4F08A828B83A30AAB83E0900CE843
:10C43000F08A828B83A30AAB83E0FC900CE5F08A40
:10C44000828B83A30AAB83E0F8900CE6F08A828BA0
:10C4500083A3E0F9900CE7F0ECFBE8FA120EF8E9A0
:10C46000900CE8F0120F1C7F01021F2674F7121EB9
:10C47000BAEAFEEBFF7C9D7D347907120B8CE970E4
:10C480000B7907EEFAEFFB120A12800279017F01A5
:10C49000021F26C082C08379077AE27B0C120A0C45
:10C4A000900CE9EAF0A3EBF079097CE27D0C7AEBE1
:10C4B0007B0C120A18D083D08202009374F4121EEF
:10C4C000BA7521E275220C7821121F707909903417
:10C4D000EB7821121CE7AA21AB22AC23AD24120A6F
:10C4E000367402121E427521E275220C7821121F49
:10C4F0007079099034EF7821121CE7AA21AB22ACA5
:10C5000023AD24120A367402121E427F04021F2633
:10C51000C082C083120F10120DFC120F16D083D0F0
:10C520008202009374F2121EBAEAFEEBFF892375B1
:10C530002100E960067401652370047903800C749E
:10C540000265237004790680027907120A12E960F5
:10C550000302C60674016523600C7402652360063D
:10C560007403652370238E828F83E0C3946040033D
:10C5700002C606A3E0C39460400302C6068E828F03
:10C5800083A3A3E0C39424507DE523600C7402656B
:10C590002360067403652370717403652370057549
:10C5A00021048009740265237003752103EE25219F
:10C5B000FEE43FFF8E828F83A3858221858322E064
:10C5C000F525C39413503F74B82525F582E434341F
:10C5D000F583E493F5248E828F83E0F91209FAE95A
:10C5E000F525852182852283E0640270128E828F78
:10C5F00083A3A3E0F91209FAE9540370020524E5C4
:10C6000024C39525500479FF800279007F06021F1C
:10C610002674F4121EBA120DF67AF47B0C120F0A6D
:10C62000E96044900CFE7455F07AE27B0C120F0A1C
:10C63000E960257521E275220C7821121F707909B5
:10C640009034EB7821121CE7AA21AB22AC23AD2455
:10C65000120A3C7402121E427AE27B0C120F0AE9A3
:10C660007012120DFC800D79097CF47D0C7AE27B4E
:10C670000C120A18120F107F04021F2674F0121EEB
:10C68000BA74EC121E2CEAFEEBFF8E828F83E085DB
:10C690003182853283F07521FF7522FF7523007585
:10C6A0002400AC31AD32120E1AE9F4700302C7490E
:10C6B000AA31AB32120E2CE9F4700302C749903351
:10C6C000AE7825121CE7900B817825121CC5900BC3
:10C6D0007F7403F07405121E96E0F8A3E0F9E849B0
:10C6E000705175250080020525E525C3940E503C48
:10C6F000E52575F003A4F8A9F0741E28F874343900
:10C70000F988828983E493FA7401121E96E06A70B4
:10C71000D6AA31AB3288828983A3E493C0E0740146
:10C7200093F583D082121EB8E9F4601DE525C39409
:10C730000E50167404121E96E0600EAC31AD32EE4F
:10C74000FAEFFB120E3EE9601479FF7414121E42D8
:10C750007F08021F269034487821121C1A90065236
:10C76000E0600AE52145224523452470E88E828F4A
:10C7700083E0F9120A8A790080D174F2121EBAEAB3
:10C78000FEEBFF8C258D2675230080020523E52313
:10C79000C3941050568E828F83A3A3A3A3A3E0FC5F
:10C7A000852382A882E8240CFAE43400FBEC9AE4A6
:10C7B0009BC365D0334034EE28F8E43FF9E8240702
:10C7C000F521E439F522ECC39523F9AA21AB221215
:10C7D0000E20E970B7E5252410F582E43526F583AF
:10C7E000E521F0A3E522F07900800279FF7F0602BF
:10C7F0001F2674F3121EBA8A828B83E0646870600D
:10C80000A3A3A3A3A3A3A3E0646870548A828B8329
:10C81000A3A3A3A3A3A3A3A3A3E0F582A882240CAC
:10C82000FCE43400FDE99CE49DC365D0334031EA6B
:10C8300028FEE43BFF8E828F83A3A3A3A3A3A3A31D
:10C84000A3A3A3E0F522740A28F9120E26E96522B3
:10C85000700EEE240BF582E43FF583E0641660046D
:10C8600079FF800279007F05021F2674F6121EBA36
:10C87000E9FC79007800800CEA28F582E43BF58336
:10C88000E029F908E8C39C40EF7F02021F2674F0FC
:10C89000121EBAEAFEEBFF8E828F83A3A3A3A374BA
:10C8A00001F08E828F83A3A3A3A3A3E4F0A3F08E51
:10C8B000828F83A3A3A3A3A3A3A3A374FFF0A3F0D6
:10C8C000A3F0A3F0EE2410F521E43FF522852182A8
:10C8D000F583E0F8A3E0C82409F582E438F583E0A5
:10C8E000C394F1400302C9D1120E38E9F470118EDD
:10C8F000828F83A3A3A3A3A3A3A37403F002C9D12C
:10C90000852182852283E0F8A3E0F9E8FAE9FB8A31
:10C91000828B83A3A3A3A3A3A3A3A3A3E0F9EA24E5
:10C920000AFA50010B120E448E828F83A385822750
:10C93000858328852182852283E0F8A3E0C8240826
:10C94000F582E438F583E0852782852883F0EE249C
:10C9500002F523E43FF524852182852283E0F8A3B4
:10C96000E0C82409F582E438F583E0852382852434
:10C9700083F0852782852883E0F874116860087445
:10C980001468600302CA9D75250475260078251277
:10C990001F70852182852283E0240AFCA3E03400F5
:10C9A000FDEE2408FAE43FFB120F8E7402121E42C1
:10C9B000852782852883E06414600302CA82EE24FE
:10C9C00007F527E43FF528852782F583E0640260B8
:10C9D0000D8E828F83A3A3A3A3E4F002CA8E8523C6
:10C9E00082852483E0C3940D500302CA8E782512F9
:10C9F0001F70852182852283E02412FCA3E034008D
:10CA0000FDEE240CFAE43FFB120F8E7402121E425C
:10CA1000EE2403F525E43FF526900BC8E064558528
:10CA20002182852283603BE0240EFAA3E03400FBE0
:10CA3000120E32E9F8852582852683F074FF68702E
:10CA4000368527828528837420F08E828F83A3A366
:10CA5000A3A3A37404F0A3E4F085238285248304B4
:10CA60008054E0F8A3E0C8240EF582E438F583E0B2
:10CA7000852582852683F0852182852283E0241600
:10CA80008024852382852483E0C39404500479FFA5
:10CA90008027852182852283E0240E8009852182DA
:10CAA000852283E0240AF8A3E03400F985218285F9
:10CAB0002283E8F0A3E9F079007F08021F26C082F4
:10CAC000C0838A828B83E0F97498696007749969DE
:10CAD000600279FFD083D08202009374F2121EBAF2
:10CAE0008A258B267E007521C275220B7821121FA4
:10CAF000707906902E147821121CE7AA21AB22AC83
:10CB000023AD24120A3C7402121E42E5252410F5BE
:10CB100021E43526F52279067CC27D0B852182F53C
:10CB200083E02401FAA3E03400FB120A06E9700353
:10CB300002CC797C0180010CECC394075018ECF80E
:10CB4000852182852283E028FAA3E034008A82F5D9
:10CB500083E0649960E1ECC39406401E85258285DC
:10CB60002683A3A3A3A3A3A3A3E4F08525828526FC
:10CB700083A3A3A3A3F0F902CC8B7C0C8048740F91
:10CB80005DF8740F02CC2BECA2E0E43314A2E04079
:10CB90000302CC3174F05DF974A0696028EA24FFC7
:10CBA000F523E434FFF52474017823121DFA74C2CE
:10CBB0002523F582740B3524F583E054F069600376
:10CBC00002CC607E011CEC700302CC608C82AA82D5
:10CBD0002401F523E43400F52474017823121DFAAE
:10CBE000852182852283E02523F8A3E035248882ED
:10CBF000F583E0FD74016E708EEA24FFF523E434C2
:10CC0000FFF52474017823121DFA74C22523F582DE
:10CC1000740B3524F583E0FAECA2E0E43314A2E0CF
:10CC2000400302CB7E74F05DF874F05A6860968021
:10CC30002F740F5DF9740A69608BEA24FFF523E411
:10CC400034FFF52474017823121DFA74C22523F5EC
:10CC500082740B3524F583E0540F69700302CBC353
:10CC6000E5252407F582E43526F583EC6007740397
:10CC7000F079FF80167401800F852582852683A3B5
:10CC8000A3A3A3A3A3A37402F079007F06021F2627
:10CC900074F0121EBAEAFEEBFF8C218D228E828F79
:10CCA00083A3A3A3A3A3A3A37468F0EE240EF58229
:10CCB000E43FF5837468F075230675240078231229
:10CCC0001F707CC27D0BEE2408FAE43FFB120F8E2E
:10CCD0007402121E42EE2411F527E43FF528EE24DB
:10CCE00010F525E43FF526852182852283A3A3A3A1
:10CCF000A3A3E0F8A3E0F9E849852182852283A374
:10CD0000600302CE25A3E0852582852683F0852158
:10CD100082852283A3E06411705085258285268355
:10CD2000E02404F07523047823121F70E521240801
:10CD3000FCE43522FDAA27AB28120F8E7402121EC6
:10CD400042852182852283A3A3E0F5237823121F45
:10CD500070E5212410F582E43522F583E0FCA3E0A0
:10CD6000FDEE2415FAE43FFB802485218285228391
:10CD7000A3A3E0F5237823121F70E5212410F58288
:10CD8000E43522F583E0FCA3E0FDAA27AB28120FCF
:10CD90008E7402121E42852182852283A3E0D2E78F
:10CDA000F0852182852283A3E0C0E0EE240FF58286
:10CDB000E43FF583D0E0F0852582852683E0F9AA5B
:10CDC00027AB28120E4A852582852683E0240CF89D
:10CDD000EE2405F523E43FF524E8852382852483AA
:10CDE000F074FE28F9EE2407FAE43FFB120E26E960
:10CDF000C0E0852382852483E0F8EE28F582E43FB5
:10CE0000F583A3A3A3A3A3D0E0F085238285248385
:10CE1000E0F8EE28F582E43FF583A3A3A3A3A3A340
:10CE2000741602CEFAE024C0F0852182852283A305
:10CE3000E0F8E5212405FCE43522FDEE2407FAE4C0
:10CE40003FFBEE2405F523E43FF524EE240FF582A5
:10CE5000E43FF58374C3687060E8F0852582852619
:10CE6000837402F08C828D83E024338527828528A9
:10CE700083F0852182852283A3A3A3A3A3A3E02417
:10CE800033C0E0EE2412F582E43FF583D0E0F07980
:10CE90000C120E26E9C0E0EE2413F582E43FF58380
:10CEA000D0E0F0EE2414F582E43FF5837416F085AB
:10CEB0002382852483740E8041E8F08525828526AF
:10CEC000837401F08C828D83E0243385278285284A
:10CED00083F0790B120E26E9C0E0EE2412F582E40D
:10CEE0003FF583D0E0F0EE2413F582E43FF5837440
:10CEF00016F0852382852483740DF079007F080263
:10CF00001F2674F6121EBA7800800DEA28F582E416
:10CF10003BF583E024CDF008E8C39940EE7F0202A0
:10CF20001F2674F6121EBA7800800DEA28F582E4F6
:10CF30003BF583E02433F008E8C39940EE7F02021A
:10CF40001F26C082C0839028A8E054F0F09028AA41
:10CF5000E054F0F09028ACE0C2E0F09028AEE0C2DF
:10CF6000E0F053A47753A6779028B8E05403F090EC
:10CF700028BAE05403F09028C0E054FCF09028C296
:10CF8000E054FCF09028D5E054C0F09028D7E0544D
:10CF9000C0F09028B0E0C2E2F09028B2E0C2E2F027
:10CFA0009028B1E0C2E3F09028B0E0D2E3F09028FE
:10CFB000B2E0D2E3F0E5A975A900E5AB75AB00904E
:10CFC00028B0E0C2E5F0A3E0C2E5F09028B0E0D2DE
:10CFD000E4F0A3E0D2E4F09028CD7402F0A3F09046
:10CFE00028B0E0D2E0F0A3E0D2E0F09028B0E0C2B8
:10CFF000E1F0A3E0C2E1F09028C97402F0A3F09040
:10D0000028D5E0543FF0A3E0543FF0A3E0543FF0B4
:10D010009028D9E0C2E0F0A3E0D2E0F0A3E0C2E0C3
:10D02000F09028C5E4F09028ADE0C2E1F09028AC83
:10D03000E0C2E1F09028AEE0D2E1F09028C6E4F042
:10D040009028ADE0C2E2F09028ACE0C2E2F0902877
:10D05000AEE0D2E2F09028C7E4F09028ADE0C2E361
:10D06000F09028ACE0C2E3F09028AEE0D2E3F0D03C
:10D0700083D082020093538EF75389F04389015382
:10D0800089FD758C55758A56C28CD2A902009353BE
:10D090008EEF53890F4389105389DF758D55758B3A
:10D0A00056C28ED2AB020093538EDFC2C975CDAA91
:10D0B00075CCABD2CAD2AD020093C082C083902897
:10D0C000A07433F0D083D0820200937800800108EE
:10D0D000E8C3941440F902009374F7121EBAE9FFF2
:10D0E0007E008004120D9C0EEEC39F40F77F01026C
:10D0F0001F2674F7121EBAE9FEC3940340027E0293
:10D100007590967597577905120DA28E967905122E
:10D110000DA27590967597567905120DA27F0102A2
:10D120001F26C082C08375CEA575CF5A120D9612E8
:10D130000D7E120CEE900CCDE4F0120DC6120A8496
:10D14000120D84120D90120D8A7903120F46120CE3
:10D15000D07902120DA875F80375B80AD083D08271
:10D16000020093C082C083E9FA78007007902867B4
:10D1700074EA800A74016A700A90286774EBF0A35D
:10D18000E4801674026A902867700874EBF0A37448
:10D1900040800674EBF0A374C0F0E5A3A2E0400960
:10D1A00008E8C3943340F38020D2807800A2804006
:10D1B0000908E8C3941540F5800FD2877800A2874C
:10D1C000400B08E8C3941540F57900801C90285F57
:10D1D000E4F0A37403F0A3E0D2E5F0902866E0C287
:10D1E000E5F09028657401F0F9D083D082020093B5
:10D1F000C082C0837800C286C28590286774C0F060
:10D20000A3E4F0E5A3A2E0400908E8C3943340F3A7
:10D210008020D2807800A280400908E8C39415409D
:10D22000F5800FD2877800A287400B08E8C39415D9
:10D2300040F57900801C90285FE4F0A37403F0A30C
:10D24000E0D2E5F0902866E0D2E5F0902865740120
:10D25000F0F9D083D08202009374F0121EBA74FCED
:10D26000121E2C9028637492F0790F1209CA7ACE9C
:10D270007B10120CAC853182853283121D1574032C
:10D28000121E96E0C39481402385318285328378D3
:10D2900021121CD87821121BAC902C8A7821121CE8
:10D2A0001A8531828532837821121CFA903412C09B
:10D2B00082C0838531828532837821121CD89034D4
:10D2C0000A7821121C1A90340E7825121CE7782156
:10D2D0007925121AC1D083D0827821121274900B52
:10D2E000BE400474018001E4F09028637481F074FE
:10D2F00004121E427F08021F26C082C08374FF12E0
:10D300001E2C7901AC31AD327A7B7B00120B868505
:10D310003182853283E0C3944040037408F0E064B6
:10D32000027006900650E4802EE0640470079006B8
:10D330005074018022E064086018E0641070079067
:10D34000065074038011E064207007900650740446
:10D3500080059006507402F0E0F9120F2E79011248
:10D360000A7E7401121E42D083D082020093C082D2
:10D37000C0839028C9E4F0A3F09028CDF0A3F090EA
:10D3800028B0E04433F0A3E054CCF043A42853A5E4
:10D39000D753ADF79028C5E4F0A3F0A3F09028ACE4
:10D3A000E0440EF0A3E054F1F0E0D2E4F09028ACB9
:10D3B000E0D2E4F09028C8E4F0D083D08202009359
:10D3C00075A80075E800759100020093C082C083C3
:10D3D000902820E4F0902828F0902830F0902A053A
:10D3E000F0D083D08202009374F4121EBA902864A5
:10D3F000E4F0902866E0D2E5F075217D752228786A
:10D4000021121F70902E147821121CE7AA21AB2242
:10D41000AC23AD24120CB27402121E427521787531
:10D4200022287821121F70902E147821121CE7AA4E
:10D4300021AB22AC23AD24120CB27402121E42782E
:10D4400000800108E8C3941440F9D2847F04021FCD
:10D4500026020093C082C083783376009028DBE0F8
:10D46000D2E2F09028D9E0C2E2F09028DBE0D2E1ED
:10D47000F09028DAE0C2E1F09028D9E0C2E1F0C2F1
:10D4800086C285E5A1A2E04044902864E4F090289B
:10D4900066E0D2E5F07800800108E8C3941440F912
:10D4A000D284E5A1A2E04025C280A28040FCC287D0
:10D4B000A28740FCE5A1A2E040137800800108E8C3
:10D4C000C3940340F9A3E4F0E070FDD2817900D069
:10D4D00083D082020093C082C083C286C285900E30
:10D4E00005E04408F0E5A1A2E0404F902864E4F094
:10D4F000902866E0D2E5F090285EE4F0F88001081C
:10D50000E8C3941440F9D284E5A1A2E0402CC28083
:10D51000A28040FCC287A28740FCE5A1A2E0401A9D
:10D520007800800108E8C3940340F9902867E4F08C
:10D53000E070FDD2817905120DA27900D083D082EE
:10D54000020093C082C08374FF121E2CE5DA85317D
:10D5500082853283F07905120DA2E59A900CF4F0E1
:10D56000E59BA3F0E59CA3F0E59E900CFAF0E59D09
:10D57000900CF7F0E59FA3F0E593A3F07401121E61
:10D5800042D083D082020093C082C083759096758A
:10D5900097577905120DA2900CE7E0F593900CE6F1
:10D5A000E0F59F900CE5E0F59D900CE4E0F59C9093
:10D5B0000CE3E0F59B900CE2E0F59A900CE8E0F5C6
:10D5C0009E7905120DA27590967597567905120DE4
:10D5D000A2D083D08202009374F6121EBA74FE1297
:10D5E0001E2CEAFEEBFF8E828F83A3A3A3A3A3A32B
:10D5F000A3A3E0853182853283F08E828F83A3A33B
:10D60000A3A3A3A3A3A3A3E0C0E07401121E96D01A
:10D61000E0F0853182853283C082C0837908120AA6
:10D620000C8A218B22D083D082E065217004A3E094
:10D630006522701B7800800DEE28F582E43FF583AB
:10D64000E068700B08E8C3940840ED790180027926
:10D65000007402121E427F02021F2674F6121EBAC6
:10D660007800800CEA28F582E43BF5837437F008F3
:10D67000E8C3940A40EE7F02021F2674F6121EBA17
:10D6800074FE121E2CEAFEEBFF7800800FE8C0E06B
:10D69000EE28F582E43FF583D0E0F008E8C3940873
:10D6A00040EB7908120A0C853182853283EAF0A3B7
:10D6B000EBF0853182853283E08E828F83A3A3A332
:10D6C000A3A3A3A3A3F07401121E96E08E828F83FE
:10D6D000A3A3A3A3A3A3A3A3A3F07402121E427F38
:10D6E00002021F2674F4121EBA7A947B08120BAA47
:10D6F000E9700302D83C7A947B08120BB0120D0C2F
:10D700007C4079007A5F7B06120A1E7E00803D75A0
:10D71000CEA575CF5A75CEA575CF5A75215F7522E6
:10D72000067821121F7079408E21752200740678C8
:10D7300021121E19E52124C0FAE5223416FB339587
:10D74000E0FCFD120A367402121E420EEEC3940D66
:10D7500040BD75215F7522067821121F70794090B7
:10D760002D8E7821121CE7AA21AB22AC23AD241206
:10D770000A367402121E4275215F75220678211244
:10D780001F707909902C7E7821121CE7AA21AB2208
:10D79000AC23AD24120A367402121E4290065DE4D8
:10D7A000F0A3F0900863E054EFF090089EE4F0A33B
:10D7B000F0A3F0A3F075219E7522087821121F7046
:10D7C0007904902D927821121CE7AA21AB22AC2378
:10D7D000AD24120A367402121E42900E05E0A2E039
:10D7E0005007900863E04408F0900D09E04401F010
:10D7F000900B54E4F0900B557455F0900B53F07A65
:10D80000007903120BFE7A017903120BFE7C287952
:10D81000007AE97B0A120A1E7C2879007AA27B082A
:10D82000120A1E7C0A79007A747B08120A1E7C0A8E
:10D8300079007A7E7B08120A1E120F287F04021FCD
:10D8400026C082C083120C34D083D082020093C0E1
:10D8500082C083120B7AD083D08202009374F012BC
:10D860001EBA74FB121E2CE9C0E07402121E96D080
:10D87000E0F07403121E96ECF0A3EDF0EAC39413EB
:10D88000400302D9E1853182853283E4F0A3F0EAD6
:10D8900075F007A4F8A9F074E528FE742C39FF8E02
:10D8A000828F83A3A3A3E493F521740193F522E46B
:10D8B000F523F52474F12AF527C39405A831A9327C
:10D8C0008825892678255012121F707902AA21AB6B
:10D8D00022AC23AD24120A3C800E121F70AA21AB89
:10D8E00022AC23AD24120A427402121E42740212A8
:10D8F0001E96E0603A853182853283E0F8A3E0F934
:10D90000E849701C8E828F83A3E49324FFF8A3E47C
:10D910009334FFF9853182853283E8F0A3E9800EE4
:10D92000853182853283E024FFF0A3E034FFF08567
:10D930003182853283E0F8A3E0F98E828F83A3E4FD
:10D9400093FA740193FB121DA1853182853283EA1B
:10D95000F0A3EBF08E828F83E493F97403121E968A
:10D96000121F858E828F83A3A3A3A3A3C082C0832B
:10D970007402121E96E0FAA3E0FBEA89F0A4FAA86A
:10D98000F089F0EBA428FBD083D082E4932AF52120
:10D99000A3E4933BAA21FBE4FCFD120A36740212B5
:10D9A0001E427402121E96E060378E828F83A3A3FC
:10D9B000A3E493F8740193F988218922E527C3949D
:10D9C0000578255007121F7079028005121F7079A3
:10D9D00001AA21AB22AC23AD24120A367402121E16
:10D9E000427405121E427F08021F2674F0121EBAEE
:10D9F00074FC121E2CEAC0E07403121E96D0E0F0F4
:10DA0000EBC0E07402121E96D0E0F0E9FEECFFEEEF
:10DA1000C39413400302DB1B853182853283E4F01B
:10DA2000A3F0EE75F007A4F8A9F074E528F52774C3
:10DA30002C39F528852782F583A3A3A3E493F874F2
:10DA40000193F98821892275230075240074F12E31
:10DA5000C39405A831A93288258926782550071254
:10DA60001F7079028005121F707901AA21AB22ACC8
:10DA700023AD24120A3C7402121E427403121E9635
:10DA8000E0F8853182853283E028F0A3E03400F0AD
:10DA9000853182853283E0F8A3E0F98527828528E5
:10DAA00083A3E493FA740193FB121DA1853182854F
:10DAB0003283EAF0A3EBF07414121E96121F85EF66
:10DAC000F9852782852883A3A3A3A3A3C082C0834B
:10DAD0007402121E96E0FAA3E0FB85278285288354
:10DAE000E493F521EA8521F0A4FAA8F08521F0EB72
:10DAF000A428FBD083D082E4932AFAA3E4933BFBCF
:10DB00007404121E96E0FCEA2CF521E43BAA21FBEA
:10DB1000E4FCFD120A3C7402121E427404121E42FE
:10DB20007F08021F26C082C083900E05E054FDF0DE
:10DB3000D083D08202009374F4121EBA900D05E4D3
:10DB4000F0A3F0900D07F0900D09F0A3F0900D08F0
:10DB5000F0900D0BF090065BF0900651F0900B39B1
:10DB6000F0900B56F0900B7FF090065CE0C2E0F076
:10DB700090065DE4F0A3F090085FF0A3F0A3F0A39B
:10DB8000F0A3E05421F0A3E4F0A3F0A3F0A3F0A3EA
:10DB9000F0A3F0A3F0A3F0A3F0900652F0900E07CC
:10DBA000F0A3F0900D10F0900B52F075210AF522C1
:10DBB0007821121F707C7E7D087A697B06120F8E99
:10DBC0007402121E42900D0CE4F0900CCAF0A3F007
:10DBD000A3F0900CC9F0900E05E054F7F0900CCD36
:10DBE000E4F0F980678982AA828A2375240074028E
:10DBF0007823121E1985232185242274D12521F52D
:10DC000082740D3522F583E4F0A3F0A3F0A3F07441
:10DC1000612521F582740D3522F583E4F0A3F0A38C
:10DC2000F0A3F074712521F582740D3522F583E49B
:10DC3000F0A3F0A3F0A3F0EA2AFAE433FB74812AFC
:10DC4000F582740D3BF583E4F0A3F009E9C3940475
:10DC50004093790080578982AA828A2175220074B4
:10DC6000027821121E1974612521F521740D3522C7
:10DC7000F522E5212428F582E43522F583E4F0A39A
:10DC8000F0A3F0A3F0E5212438F582E43522F583F2
:10DC9000E4F0A3F0A3F0A3F0EA2AFAE433FB74A9BA
:10DCA0002AF582740D3BF583E4F0A3F009E9C394EF
:10DCB0000440A3790002DD478923752400740278AB
:10DCC00023121E1985232185242274B92521F5826A
:10DCD000740D3522F583E4F0A3F0A3F0A3F074B93A
:10DCE0002521FA740D3522FBEA240CF582E43BF57C
:10DCF00083E4F0A3F0A3F0A3F0EA2428F582E43B48
:10DD0000F583E4F0A3F0A3F0A3F074ED2521F582F0
:10DD1000740D3522F583E4F0A3F0A3F0A3F074F9B9
:10DD20002521F582740D3522F583E4F0A3F0A3F0EC
:10DD3000A3F0744F2521F582740C3522F583E4F0AD
:10DD4000A3F0A3F0A3F009E9C39403500302DCB8E5
:10DD5000900D12E4F0900D03F0A3F0900D11F090EF
:10DD60000CCDF0900D60F0900D54F0A3F0A3F0A353
:10DD7000F0A3F0A3F0A3F0A3F0A3F0A3F0A3F0A30B
:10DD8000F0900D14F0900D16F0900D15F0900E0916
:10DD9000F0900E0AF0900C5B740FF075CEA575CF65
:10DDA0005A75CEA575CF5A120E8675CEA575CF5A67
:10DDB00075CEA575CF5A900D00E4F0900D01F0904E
:10DDC0000D02F0900CC604F0900CCEE4F07F04023B
:10DDD0001F26C082C083900D05E0A2E05016120EEF
:10DDE00008900D05E054FEF0900E0774AAF0A3749D
:10DDF0005502DE86A3E05407600C120CA0900D06BD
:10DE0000E054F802DE86900D05E054806010900C1E
:10DE1000C8E0F9120E74900D05E0547F8068E0545C
:10DE200004600D7900120C22900D05E054FB805621
:10DE3000E05402600D7901120C22900D05E054FDB2
:10DE40008044E05408600B120D6C900D05E054F70F
:10DE50008034E054106008120A72900D05801CE0B6
:10DE60005440600B120BBC900D05E054BF8017A30B
:10DE7000E05410600B120EC2900D06E054EF8006C5
:10DE8000900D05E4F0A3F0D083D082020093C0820D
:10DE9000C083900D07E0A2E05027120EC8120C407C
:10DEA000120E8C120EB0120D4890286BE0A2E7E41F
:10DEB00033900D13F0900D07E0C2E0F0E0D2E38064
:10DEC00041E0A2E1500B120BC8900D07E0C2E180C7
:10DED00031E0A2E2500B120BC2900D07E0C2E280CB
:10DEE00021E0A2E4500B120BDA900D07E0C2E480AF
:10DEF00011E0A2E3500B120CC4900D07E0C2E380C6
:10DF000001E4F0D083D08202009374F4121EBA753B
:10DF1000CEA575CF5A75CEA575CF5A120DBA900DF4
:10DF20000DE06034900B9CE4F0A3F0A3F0A3F0129A
:10DF30000D78E9600302DFC4900B55E0645070086F
:10DF40009011CBE493F980027902120DA8120D72A0
:10DF5000120CFA120DF0806C900B55E06450702B8F
:10DF60009011CBE493F9120DA8900D0EE02401F06E
:10DF7000A3E03400F0900D0EC3E0943CA3E09400C5
:10DF80004042900D0EE4F0A3F080057902120DA836
:10DF90009028647408F09028637481F07521787576
:10DFA00022287821121F7090357B7821121CE7AA55
:10DFB00021AB22AC23AD24120CB27402121E4279A2
:10DFC0000F1209CA120DEAE9600479018002790092
:10DFD0007F04021F26C082C08375CEA575CF5A75F7
:10DFE000CEA575CF5A120DBA9028AFE0A2E4403406
:10DFF000120CF4120F28900D0DE064017005120C44
:10E00000DC8021900B97E4F0900B9AF0A3F0900B3A
:10E0100086E0900B98F0A3E0D2E1F0120D6C900D29
:10E020000D7401F07900120DA8120DEAE96004796F
:10E030000180027900D083D082020093C082C08325
:10E040007C0F79007A3B7B0B120A1ED083D08202B0
:10E050000093E9FB74FF2B190460167A008008080E
:10E06000E8C3941440F90AEAC3942050E57800808C
:10E07000EF020093C082C083EA8C828D83F0EBA311
:10E08000F0D083D082020093C082C0838A828B83C7
:10E09000A3E0F98A828B83E0FAE9FBD083D0820285
:10E0A0000093C082C08374FC121E2C8A828B83E092
:10E0B000853182853283F08A828B83A3AA82AB83E7
:10E0C000E0C0E07401121E96D0E0F08A828B83A338
:10E0D0000AAB83E0C0E07402121E96D0E0F08A82A0
:10E0E0008B83A3E0C0E07403121E96D0E0F085316C
:10E0F00082853283121D097404121E42D083D0829D
:10E1000002009374F7121EBA7F00C3EA9410EB94D6
:10E110002740077AFF7BFF02E1C5C3EA9440EB94F6
:10E120001F400A7F80EA24C0FAEB34E0FBC3EA9484
:10E13000A0EB940F400C74404FFFEA2460FAEB34DC
:10E14000F0FBC3EA94D0EB9407400C74204FFFEA35
:10E150002430FAEB34F8FBC3EA94E8EB9403400C68
:10E1600074104FFFEA2418FAEB34FCFBC3EA942046
:10E17000EB9403400C74084FFFEA24E0FAEB34FC04
:10E18000FBC3EA9490EB9401400C74044FFFEA2423
:10E1900070FAEB34FEFBC3EA94C8EB9400400C74B5
:10E1A000024FFFEA2438FAEB34FFFBC3EA9464EB36
:10E1B00094004008E4044FFFEA249CFAEAF9120AAA
:10E1C00000E9FAEFFB7F01021F2674F0121EBA74F9
:10E1D000F4121E2C853182853283EAF0A3EBF0A382
:10E1E000ECF0A3EDF07408121E96E4F0A3F0A3F097
:10E1F000A3F080139020CF7821121CE7853182850F
:10E2000032837821121C319020D37821121CE785AB
:10E210003182853283782112124550D875250075D8
:10E2200026B47527C47528047404121E96E4F0A35E
:10E23000F0A3F0A37480F0790080087401782512AF
:10E240001BBC09E9C39410853182853283507478F0
:10E2500025121245401F7404121E967821121CD8F4
:10E260007408121E967821121CC58531828532836E
:10E270007825121C707404121E967821121CD87412
:10E28000017821121BBC7404121E967821121CFA0C
:10E29000E924FD600A24FC601424FC601B809C754A
:10E2A000250075261275277A75280080957525003A
:10E2B00075263575270C80F07525807526387527ED
:10E2C0000180E57821121CD8AA21AB221209E28A2A
:10E2D000218B22E4F523F5247408121E967821126E
:10E2E0001CC57408121E96121D09740C121E427F62
:10E2F00008021F2674F0121EBA74FA121E2C740241
:10E30000121E96EAF0A3EBF0A3ECF0A3EDF0752556
:10E3100000752600752700752800A882A98385311D
:10E3200082853283E8F0A3E9F07E00804F85318258
:10E33000853283E0F8A3E0F5838882E0F91209FAD8
:10E34000E9FA853182853283E024FFF8A3E034FFC7
:10E35000F9853182853283E8F0A3E9F09020D778FF
:10E3600021121CE778257921121A418A21E4F5222D
:10E37000F523F52478257921121BF40EEEC39404BD
:10E3800040ABAA25AB26AC27AD287406121E427FEF
:10E3900008021F2674F7121EBA74FE121E2C853155
:10E3A00082853283EAF0A3EBF07401121E96E0F945
:10E3B0001209FAE975F064A4FEAFF0853182853266
:10E3C00083E0F91209FAEE29FAE43FFB7402121E07
:10E3D000427F01021F2674F6121EBAE9C3949A40C6
:10E3E0000479AA8009E9F582758303E493F97F0231
:10E3F000021F2674F6121EBAE9C39464400479FF22
:10E40000800D749C29F582E43403F583E493F97F4D
:10E4100002021F2674F7121EBAE9F8800EA3AA8220
:10E42000AB838C828D83A3AC82AD83E8601E188C95
:10E43000828D83E0F98A828B83E0FEE96E60DEE9FB
:10E44000C39E5004790180067902800279007F0121
:10E45000021F2674F6121EBAEAFCEBFDE9FE7A559D
:10E460007B55802FEAF9EBFA8C828D83E0F521EA67
:10E47000652125E0FAE433FBE42AF58274013BF5DB
:10E4800083E493FAA3E49369FB8C828D83A3AC822B
:10E49000AD831EEE70CE7F02021F2674F6121EBAE6
:10E4A000EAFEEBFF892185212274FF2522F5210454
:10E4B000601C8E828F83E0F91209FAE98E828F83C5
:10E4C000A3AE82AF83C3946440DC790180027900FB
:10E4D0007F02021F26C082C083801C8C828D83E055
:10E4E0008A828B83F08C828D83A3AC82AD838A82F7
:10E4F0008B83A3AA82AB83E9F874FF28190470DB2D
:10E50000D083D082020093C082C083800BE98A82CC
:10E510008B83F0A3AA82AB83ECF874FF281C0470F1
:10E52000ECD083D08202009374F6121EBAEAFEEB9E
:10E53000FF8E828F83E0F91209FAE9F5218E828F2E
:10E5400083A3E0F91209FAE975F03CA4F8A9F0E513
:10E550002128FAE439FB7F02021F2674F0121EBA4A
:10E5600074FB121E2C89217A8A7B08120BB0793237
:10E570007C0C7D087A5F7B06120A2A79327C5F7DEB
:10E58000067A0C7B00120B80853182853283740100
:10E5900002E67275CEA575CF5A75CEA575CF5AE035
:10E5A00075F005A4F8A9F0748828F8742E39F9E8F4
:10E5B000FAE9FB8A828B83A3A3A3A3E493F98A825B
:10E5C0008B83E493FC740193FD7A5F7B06120A2A25
:10E5D000853182853283E075F005A4F8A9F0748C4A
:10E5E00028F582742E39F583E493F97A5F7B06125D
:10E5F0000A0C7401121E96EAF0A3EBF085318285B5
:10E600003283E075F005A4F8A9F0748828F8742E18
:10E6100039F9E8FAE9FB8A828B83A3A3A3A3E493E5
:10E62000FC745F2CF8E43406F97401121E96E0883D
:10E63000828983F07402121E96E088828983A3F097
:10E6400075235F7524067823121F7074022CF98AD3
:10E65000828B83A3A3E493F523740193AA23FBE4A1
:10E66000FCFD120A367402121E4285318285328305
:10E67000E004F0E0C3940F500302E59375235F7547
:10E6800024067823121F707970902DE27825121CD1
:10E69000E7AA25AB26AC27AD28120A3C7402121E4D
:10E6A000427ACD7B061209D68A238B24AE23AF246F
:10E6B000796E7A5F7B06120A0CEA6E7002EB6F606D
:10E6C0006575CEA575CF5A75CEA575CF5A796E7C76
:10E6D000127D097A5F7B06120A2A796E7A5F7B06C1
:10E6E000120A0C7401121E96EAF0A3EBF0740112E8
:10E6F0001E96E09006CDF07402121E96E09006CEB3
:10E70000F075235F7524067823121F707970902DA1
:10E71000E27825121CE7AA25AB26AC27AD28120A01
:10E72000367402121E427E9B7F00853182853283C1
:10E73000E48049EEF97A5F7B06120A2AEEFA752325
:10E740005F7524067823121F70EAF97402121E9670
:10E75000E0F52375240074067823121E19E523249E
:10E7600040FAE524340AFB3395E0FCFD120A3674C6
:10E7700002121E42853182853283E004F0E0C394A8
:10E7800003504175CEA575CF5A75CEA575CF5AE009
:10E79000F52375240074067823121E19748A252324
:10E7A000FC74103524FDEE9440EF940040857940D0
:10E7B0007A5F7B06120A2A7A40EE24C0FEEF34FF0D
:10E7C000FF02E73E7402F0A831A932882389247839
:10E7D00023121F707901902ED37825121CE7AA25E9
:10E7E000AB26AC27AD28120A367402121E427EA553
:10E7F0007F00853182853283E48049EEF97A5F7B40
:10E8000006120A2AEEFA75235F7524067823121F72
:10E8100070EAF97402121E96E0F52375240074065E
:10E820007823121E19E5232440FAE524340CFB3327
:10E8300095E0FCFD120A367402121E428531828573
:10E840003283E004F0E0C3940375CEA575CF5A750A
:10E85000CEA575CF5A5035E0F5237524007406789F
:10E8600023121E1974252523FC74113524FDEE9402
:10E8700041EF9400408579407A5F7B06120A2A7A3C
:10E8800040EE24C0FEEF34FFFF02E806E5216021E0
:10E8900079157CFD7D087A5F7B06120A2A79157C42
:10E8A0005F7D067A057B01120B80900D09E04480A4
:10E8B000F075CEA575CF5A75CEA575CF5A7C407927
:10E8C000007A5F7B06120A1E853182853283E480DE
:10E8D0003D75235F7524067823121F7079407402FA
:10E8E000121E96E0F52375240074067823121E1973
:10E8F000E52329FAE524340EFB3395E0FCFD120AEA
:10E90000367402121E42853182853283E004F0E0C3
:10E91000C3940440BC7A947B08120BB674AA652198
:10E92000605E120BBC7C4079007A5F7B06120A1E87
:10E930007E00902D6CE493F8EEC398504675CEA5FA
:10E9400075CF5A75CEA575CF5A75235F7524067895
:10E9500023121F707940902D6A8E2375240074064F
:10E960007823121E19932523F523A3E4933524AAB3
:10E9700023FBE4FCFD120A367402121E420E80B222
:10E98000120D0C900863E054DEF07C0A79007A7472
:10E990007B08120A1E7C0A79007A7E7B08120A1E06
:10E9A00074AA65216042900BC87455F0900B5074A6
:10E9B00060F0A37427F075235075240B7823121F81
:10E9C000707902902C0E7825121CE7AA25AB26AC94
:10E9D00027AD28120A367402121E4279017CC87DC6
:10E9E0000B7A287B02120B807403121E9674F0F0CF
:10E9F0007404121E96E4F07403121E96E0F8A3E06D
:10EA0000F9900B4EE8F0A3E9F0120F28900D09E001
:10EA10004425F0A3E04403F07405121E427F08026F
:10EA20001F2674F0121EBA74FF121E2C8A218B222C
:10EA30008C238D2479007411121E967825121CD80F
:10EA4000800109E9C39404400302EB4BE521540F14
:10EA5000FAE525540F853182853283F074047821DC
:10EA6000121BBC74047825121BBC74EB2AF582E4DB
:10EA7000342EF583E493F874FB2AF582E4342EF502
:10EA800083E493FEE925E0FAE433FB74DB2AF582A4
:10EA9000742E3BF583E493FA74572AFAE4340BFBA3
:10EAA000A3E493FC74572CFCE4340BFD8A828B8323
:10EAB000E05410F08C828D83E05410F08531828513
:10EAC0003283E0601F14603214603814603E1460BA
:10EAD0004414604B14605914606724FD700302EA0B
:10EAE0004202EA42E8C454F0F88A828B83E048F09C
:10EAF0008C828D83E04EF002EA428C828D83E0D2DC
:10EB0000E280F38C828D83E0440B80EA8C828D83DB
:10EB1000E0440680E18A828B83E0D2E5F080ED8AD2
:10EB2000828B83E0D2E5F08C828D83E0440780C63F
:10EB30008A828B83E0D2E7F08C828D83E0440F8061
:10EB4000B58A828B83E0D2E7F080B879048001092E
:10EB5000E9C39408400302EC58E521540FFAE52577
:10EB6000540F853182853283F074047821121BBCE6
:10EB700074047825121BBC74EB2AF582E4342EF55C
:10EB800083E493F874FB2AF582E4342EF583E4934E
:10EB9000FEE925E0FAE433FB74DB2AF582742E3BB0
:10EBA000F583E493FA74572AFAE4340BFBA3E49355
:10EBB000FC74572CFCE4340BFD8A828B83E05410E8
:10EBC000F08C828D83E05410F0853182853283E0B1
:10EBD000601F14603214603814603E146044146086
:10EBE0004B14605914606724FD700302EB4F02EB75
:10EBF0004FE8C454F0F88A828B83E048F08C828D11
:10EC000083E04EF002EB4F8C828D83E0D2E280F302
:10EC10008C828D83E0440B80EA8C828D83E04406F5
:10EC200080E18A828B83E0D2E5F080ED8A828B835B
:10EC3000E0D2E5F08C828D83E0440780C68A828B27
:10EC400083E0D2E7F08C828D83E0440F80B58A8226
:10EC50008B83E0D2E7F080B87401121E427F080275
:10EC60001F2674F2121EBAEAF521752200C39424FD
:10EC700095E0400375210074027821121E19746812
:10EC80002521F582742F3522F5837821121CE77C2B
:10EC9000008012EDF4FA88828983E05AF0740178DA
:10ECA00021121BBC0CECC3940E5054EC25E0F8E48C
:10ECB00033F9744C28F582742F39F583E493C0E05E
:10ECC000740193F583D082AA82AB838A258B267444
:10ECD000037825121E0A74572525F8740B3526F97A
:10ECE000EA5407FA74F32AF582E43434F583E493A2
:10ECF000FDE521A2E0509C88828983E04D809D7FC4
:10ED000006021F2674F6121EBAEAFCEBFDEC540F45
:10ED1000F8C3940795E040027800E825E0F8E43372
:10ED2000F9743E28F582742F39F583E493C0E074BA
:10ED30000193F583D082AA82AB837E008012EFF428
:10ED4000FF88828983E05FF0EBC313FBEA13FA0EBE
:10ED5000EEC39405503D74392EF582E4342FF583CB
:10ED6000E493F521131313541FF8745728F8E4346F
:10ED70000BF9E5215407F52174F32521F582E434DC
:10ED800034F583E493FFEAA2E050B388828983E0FC
:10ED90004F80B48C218D2274047821121E0AAA217E
:10EDA000AB22FE8012ECF4FC88828983E05CF0EBFD
:10EDB000C313FBEA13FA0EEEC394075053EE25E09B
:10EDC000F8E433F9742B28F582742F39F583E49332
:10EDD000C0E0740193F583D082AC82AD838C218D29
:10EDE0002274037821121E0A74572521F8740B35FA
:10EDF00022F9EC5407FC74F32CF582E43434F583E7
:10EE0000E493FCEAA2E0509D88828983E04C809ED6
:10EE10007F02021F2674F2121EBA8A218B228C23D3
:10EE20008D247C008012EDF4FA88828983E05AF008
:10EE300074017821121BBC0CECC394105054EC25C7
:10EE4000E0F8E433F9740B28F582742F39F583E484
:10EE500093C0E0740193F583D082AA82AB838A25A4
:10EE60008B2674037825121E0A74572525F8740B17
:10EE70003526F9EA5407FA74F32AF582E43434F5B6
:10EE800083E493FDE521A2E0509C88828983E04DD4
:10EE9000809D7F06021F26C082C083900CCDE0704B
:10EEA00067E9C39405400279029028317420F0E9A3
:10EEB00025E0FAE433FB74DB2AFA74203BFB8A82F8
:10EEC0008B83A3E493902830F08A828B83E4939021
:10EED0002833F0902835F0A374D0F09028B0E0C229
:10EEE000E1F0A3E0C2E1F09028B0E0D2E0F0A3E0CE
:10EEF000D2E0F09028C97402F0A3F0902843E0D249
:10EF0000E2F0E0D2E3F0D2E8D083D0820200937442
:10EF1000F7121EBA900CC9E0700302F03DE014F045
:10EF2000E0600302F03D900CC8E0600E24FC604FEE
:10EF300024FC700302EFC002F000900CCBE0D2E0A2
:10EF4000F0900D00E004F0E0C39404500302F000E0
:10EF5000900D61E4F0A3F0A3F0A3F0900D89F0A36D
:10EF6000F0A3F0A3F0900DB9F0A3F0A3F0A3F090FC
:10EF70000DC5F0A3F0A3F0A3F0900D0002EFFF90F9
:10EF80000CCBE0D2E1F0900D01E004F0E0C394047A
:10EF9000406E900D65E4F0A3F0A3F0A3F0900D8D0A
:10EFA000F0A3F0A3F0A3F0900DBDF0A3F0A3F0A3A5
:10EFB000F0900DC9F0A3F0A3F0A3F0900D01803FF5
:10EFC000900CCBE0D2E2F0900D02E004F0E0C394AC
:10EFD00004402D900D69E4F0A3F0A3F0A3F0900D90
:10EFE00091F0A3F0A3F0A3F0900DC1F0A3F0A3F073
:10EFF000A3F0900DCDF0A3F0A3F0A3F0900D02F0DC
:10F00000900CC8E064087005900CC6E4F0900CC841
:10F01000E01313543FF8745A28F582E43434F5832E
:10F02000E493F8900D03E048F0E0F9900D06E04914
:10F03000F0900CCDE0C2E1F0900CCAE4F07F010248
:10F040001F2674F6121EBA900C5CE0640270519098
:10F050000C60E0F521900C5FE0F8E521C39850408A
:10F06000902837E0C0E074612521F582E4340CF586
:10F0700083D0E0F0900C60E004F0E0F8900C5FE0EA
:10F0800068701D900C5C7403F0900CCAE064017011
:10F090000F900CCDE064027007900D05E04480F005
:10F0A0007F02021F26E9FB79007800800AEBA2E0CC
:10F0B000500109C313FB08E8C3940840F0E9A2E03B
:10F0C000E433F902009374F6121EBA900C5CE0640B
:10F0D00001600302F165900C5EE0F521900C5DE0AB
:10F0E000F8E521C398502A74612521F582E4340C97
:10F0F000F583E0FEF9120F58E99028367005E0D24A
:10F10000E38003E0C2E3F0EEA3F0900C5EE0048045
:10F1100053900C5C7402F09028C5E4F09028ADE0A8
:10F12000C2E1F09028ACE0C2E1F09028AEE0D2E17C
:10F13000F09028C6E4F09028ADE0C2E2F09028AC50
:10F14000E0C2E2F09028AEE0D2E2F09028C7E4F00E
:10F150009028ADE0C2E3F09028ACE0C2E3F0902844
:10F16000AEE0D2E3F07F02021F2674F0121EBA74E2
:10F17000F3121E2CE9853182853283F08A258B2695
:10F180008C278D28902E147821121CE77825792160
:10F190001214505004D2F08002C2F0A2F0E43333D3
:10F1A000F8853182853283E028F0EDC2E7F52890BA
:10F1B00035837821121CE77825792112149C90352B
:10F1C000877821121CE77825792112140140030267
:10F1D000F2A87401121EA0882189227821121F70C2
:10F1E000AA25AB26AC27AD28120F9A7402121E4234
:10F1F0007405121E96121D15853182853283E0F545
:10F2000021E4F522F523F52478211212B2740112BB
:10F210001E967825121CD878217925121641740182
:10F22000121E967821121CFA7409121EA0882189D8
:10F23000227821121F707403121E967821121CD896
:10F2400090358B7825121CE77821792512149CAA19
:10F2500021AB22AC23AD24120F9A7402121E427409
:10F2600001121E967821121CD8C021C022C023C0D2
:10F27000247409121E967825121CD890358F782197
:10F28000121CE77825792112149CD024D023D02297
:10F29000D0217821792512161C782112131A853174
:10F2A00082853283E52180388525218526228527A0
:10F2B00023852824782112131AAA21E4F523F524A2
:10F2C00078211212B27825792112161C7405121EAB
:10F2D000967825121CFA853182853283E02A540300
:10F2E000F0E0A2E05027752100752200752380759B
:10F2F000243F7405121E967825121CD87821792592
:10F3000012161C7405121E967821121CFA85318281
:10F31000853283E0C39402401A7405121E96782148
:10F32000121CD8E524B2E7F5247405121E96782144
:10F33000121CFA7405121E967821121CD87405123C
:10F340001E967825121CD87821792512149C7401F8
:10F35000121E967821121CFA7401121E9678211240
:10F360001CD89035937825121CE778217925121442
:10F370009C9035977825121CE77821792512164143
:10F380007401121E967825121CD878217925121442
:10F390009C90359B7825121CE7782179251216411F
:10F3A0007401121E967825121CD878217925121422
:10F3B0009C90359F7825121CE778217925121641FB
:10F3C0007401121E967825121CD878217925121402
:10F3D0009C9035A37825121CE778217925121641D7
:10F3E0007405121E967825121CD8782179251214DE
:10F3F0009CAA21AB22AC23AD24740D121E427F08BF
:10F40000021F26C082C083E5A1A2E0900BC1400488
:10F41000E0048001E4F0E0C394034013900D05E0A4
:10F420004401F0900E05E04404F0900BC1E4F0D0EC
:10F4300083D08202009374F4121EBA74FA121E2C46
:10F44000C2AF120DCC7AD37B10120CAC7402121E18
:10F4500096121D15120DDE120DD2120DD875214116
:10F4600075220C7821121F70790E902C5A78211277
:10F470001CE7AA21AB22AC23AD24120A3674021277
:10F480001E4279167CF47D087A5F7B06120A187991
:10F49000067CE27D0C7A767B06120A18790A7CE9F2
:10F4A0007D0A7A7C7B06120A18790A7CA27D087A8A
:10F4B000867B06120A1879027C4E7D0B7A907B06B9
:10F4C000120A1879027C507D0B7A927B06120A1878
:10F4D00079047CC97D0B7A947B06120A1879047C26
:10F4E0009E7D087A987B06120A18793D7A5F7B0622
:10F4F000120A0C853182853283EAF0A3EBF079029F
:10F50000AC31AD327A9C7B06120A1875215F7522E8
:10F51000067821121F70793F902D9A7821121CE7EE
:10F52000AA21AB22AC23AD24120A367402121E4269
:10F53000790A7C747D087A5F7B06120A18790A7C46
:10F540007E7D087A697B06120A1879147A5F7B0639
:10F55000120A0C900888EAF0A3EBF07402121E96CF
:10F56000121D09120E0EE96015E5A1A2E0400F90F0
:10F570000E05E04410F0900BBF745AF0A3F0900E0B
:10F5800005E04408F0900D0DE4F0120CFA900B54D5
:10F59000E0640170089011CBE493F98002790212C3
:10F5A0000DA89028DBE0D2E2F09028D9E0C2E2F08A
:10F5B0009028DBE0D2E1F09028DAE0C2E1F0902878
:10F5C000D9E0C2E1F0E5A1A2E04003120DF079001C
:10F5D0007406121E427F04021F2674F0121EBA8A9D
:10F5E000258B268C278D28900C357821121CD874F9
:10F5F000107821121BBCE5214522602590341AC0E9
:10F6000082C08378257921121AC190341678251288
:10F610001C1AD083D082782512127440047901809C
:10F620000279007F08021F26C082C083E9C39405C7
:10F63000400279029028217420F0E925E0FAE433B1
:10F64000FB74DB2AFA74203BFB8A828B83A3E4934E
:10F65000902820F08A828B83E493902823F09028CE
:10F6600025F0A374D0F09028B0E0C2E5F0A3E0C28A
:10F67000E5F09028B0E0D2E4F0A3E0D2E4F09028E6
:10F68000CD7402F0A3F0902843E0D2E0F0E0D2E1A4
:10F69000F0D2E8D083D082020093C082C083900C65
:10F6A000C7E014F0E0700D900650E0F9120F2E79CB
:10F6B00001120A7E900651E0600DE014F0E0700740
:10F6C000900D09E04410F0D083D08202009374F6CC
:10F6D000121EBA900CC774FFF0902827E0F5E0A244
:10F6E000D0E433F8902826E0A2E2E4336860030215
:10F6F000F7A19003727401F09003747432F09003D8
:10F7000073E06403701E902827E06468701690030D
:10F71000737401F0900B86E0F5F0900B85E0A43354
:10F72000900B4DF0900373E064017075900377E0E7
:10F73000F52174FF65216069902827E0C0E07479A5
:10F740002521F582E43403F583D0E0F0900377E0DF
:10F7500004F0E0F521C3940B4047900380E0646817
:10F76000600790037374038037900382E07900246C
:10F770000CF8500109C3E52198E499A2D265D03371
:10F78000401F902827E0641670179006527403F00B
:10F7900090037304F0900D05E04410F0900374E4BE
:10F7A000F07F02021F2674F6121EBA900CC774FF77
:10F7B000F0900372E06401705EA3E0640270539005
:10F7C0000378E0F521900377E0F8E521C3985042F3
:10F7D000900376E0C394045010902826E0D2E3F022
:10F7E000A374FEF0900376802474792521F582E4D9
:10F7F0003403F583E0F888E0A2D0902826E04004A6
:10F80000C2E38002D2E3F0E8A3F0900378E004F0D2
:10F8100080057901120A7E7F02021F26C082C08302
:10F820009028ADE0D2E4F09028ACE0D2E4F090284B
:10F83000C8E4F0F88019E833333354F82433FA7409
:10F84000042AF977000977000977C809770008E8E2
:10F85000C3940240E1D083D082020093C082C0836F
:10F860009028AFE0A2E47835404B7937C3E697089B
:10F8700009E6974017181818E67011900B92E0905F
:10F880000B4DF0900D08E0D2E0F076017833E6649D
:10F8900002600A0808E62401F608E436F67835091D
:10F8A000C3E6970809E6974016181818E664017031
:10F8B0000E7602800A76000876001818187600D0B6
:10F8C00083D082020093C082C0837833E69028AF51
:10F8D000700EE0A2E4401776017900120D42800E0E
:10F8E000E0A2E45009760008087600087600D0838C
:10F8F000D082020093C082C083900D08E0A2E05045
:10F900000D7900120D42900D08E0C2E08001E4F094
:10F91000D083D08202009374F4121EBA900B4EE092
:10F92000F8A3E0F9E849604B900B4EE024FFF0A308
:10F93000E034FFF0900B4EE0F8A3E0F9E8497033B3
:10F94000900E05E054FEF075214E75220B782112C1
:10F950001F707902902D967821121CE7AA21AB2204
:10F96000AC23AD24120A367402121E42900863E0E2
:10F9700054F7F0900B50E0F8A3E0F9E849604F909D
:10F980000B50E024FFF0A3E034FFF0900B50E0F8C0
:10F99000A3E0F9E8497037900BC8E4F07521507581
:10F9A000220B7821121F707902902C0E7821121CE4
:10F9B000E7AA21AB22AC23AD24120A367402121E30
:10F9C0004279017CC87D0B7A287B02120B807F0470
:10F9D000021F26C082C0839028B8E0440FF0902810
:10F9E000BCE074FFF09028C0E074FFF09028D5E0F0
:10F9F000443CF09028B9E054F0F09028BDE0E4F0E9
:10FA00009028C1E0E4F09028D6E054C3F0C283907F
:10FA1000285EE4F0902C1E7482F0A3740FF0A3749F
:10FA2000FFF0A3F0A3743CF0A3E4F0D083D08202F3
:10FA30000093C082C083C28390285EE4F0902C1EA5
:10FA40007482F0A3740FF0A374FFF0A3F0A3743CCE
:10FA5000F0A3E4F0D083D082020093C082C083126E
:10FA60000D00902C1FE4F0A3F0A3F0A3F0A3F090FE
:10FA70002C1EF0D283D083D082020093C082C08338
:10FA80007C2879007A577B0B120A1E120D12D08344
:10FA9000D082020093C082C0837C2879FF7A577B92
:10FAA0000B120A1E120D12D083D08202009374F43E
:10FAB000121EBA7C2879007A577B0B120A1E902EF0
:10FAC000D7121FB2902E147821121CE7AA21AB2264
:10FAD000AC23AD24120D1E7404121E42120D127FAF
:10FAE00004021F26C082C0837A577B0B120D18D0E8
:10FAF00083D08202009374F7121EBA8A828B83E04D
:10FB0000902C00F08A828B83A3E0902C01F07E0081
:10FB100080378E82AC82ECF8792CEA2CFCE43BFD39
:10FB20008C828D83A3A3E088828983A3A3A3A3F0FF
:10FB30008C828D83A3A3A3A3A3A3E088828983A33C
:10FB4000A3A3A3A3A3A3A3F00EEEC3940440C38A6C
:10FB5000828B83A3A3A3A3A3A3A3A3A3A3E0902C1B
:10FB60000DF0EA240BF582E43BF583E0902C0EF0D7
:10FB70007F01021F26C082C083E9FAC39403504D5F
:10FB8000EAF875F06FA4C8ABF02BF9740328F87489
:10FB90000239F98882898374FFF0A3A3A3A3A3E4A5
:10FBA000F088828983A3A3A3A3A3A3F08882898377
:10FBB000A3A3A3A3F088828983A37403F088828916
:10FBC00083A3A3E4F088828983A3A3A3F0D083D086
:10FBD0008202009374F7121EBA7E008006EEF912BC
:10FBE0000A7E0EEEC3940340F47F01021F2674F7D1
:10FBF000121EBAE9FEF875F06FA4C8AAF02AF974CB
:10FC00000328F8740239F988828983A37402F08882
:10FC1000828983A3A3A3A3E4F088828983E0F87098
:10FC200005120F5E802A740168702043911090289D
:10FC300040E0D2E0F09028CE7402F09028B0E0C20C
:10FC4000E5F0902843E0D2E0F08005EEF9120A7E5C
:10FC50007F01021F26C082C0837B008035EBF875D0
:10FC6000F06FA4C8AAF02AF9740328F8740239F9CD
:10FC7000E82402F582E439F583E06015E014F0E051
:10FC8000700F88828983A37404F0900D05E04410FE
:10FC9000F00BEBC3940340C5D083D0820200937471
:10FCA000F0121EBA74FC121E2C853182853283EA52
:10FCB000F0A3EBF0A3ECF0A3EDF07414121E96E0A9
:10FCC000F8A3E0F9E8FAE9FB8531828532837825EB
:10FCD000121CD8EDC2E7F52890357F7821121CE779
:10FCE00078257921121401853182853283501412CE
:10FCF0001D218A828B83121D2D7A007B007C007D62
:10FD00000080327821121CD8782112131A7821121F
:10FD100012978A828B837821121CFA853182853270
:10FD2000837825121CD87825792112161CAA25ABB8
:10FD300026AC27AD287404121E427F08021F2674C9
:10FD4000F7121EBA7E008020EEF875F06FA4C8AAE4
:10FD5000F02AF9740428F582740239F583E064040A
:10FD60007005EEF9120A780EEEC3940340DA7F01B3
:10FD7000021F2674F7121EBAE9FEF875F06FA4C8C8
:10FD8000AAF02AF9740328F582740239F583EEC3C8
:10FD900094034005120A848012EEF0AA82AB83120B
:10FDA0000E14E9F47005EEF9120A7E7F01021F2697
:10FDB000C082C083853182853283E0F8A3E0F9E810
:10FDC0004960128A828B83ECF0A3E824FF18E9349F
:10FDD000FFF94870F2D083D08202009374F4121EAF
:10FDE000BAEDC2E77901FD120FA07F04021F26FFC2
:10FDF000FFFFFFFFFFFFFFFFFFFFFFFFFFFFFFFF13
:10FE0000FFFFFFFFFFFFFFFFFFFFFFFFFFFFFFFF02
:10FE1000FFFFFFFFFFFFFFFFFFFFFFFFFFFFFFFFF2
:10FE2000FFFFFFFFFFFFFFFFFFFFFFFFFFFFFFFFE2
:10FE3000FFFFFFFFFFFFFFFFFFFFFFFFFFFFFFFFD2
:10FE4000FFFFFFFFFFFFFFFFFFFFFFFFFFFFFFFFC2
:10FE5000FFFFFFFFFFFFFFFFFFFFFFFFFFFFFFFFB2
:10FE6000FFFFFFFFFFFFFFFFFFFFFFFFFFFFFFFFA2
:10FE7000FFFFFFFFFFFFFFFFFFFFFFFFFFFFFFFF92
:10FE8000FFFFFFFFFFFFFFFFFFFFFFFFFFFFFFFF82
:10FE9000FFFFFFFFFFFFFFFFFFFFFFFFFFFFFFFF72
:10FEA000FFFFFFFFFFFFFFFFFFFFFFFFFFFFFFFF62
:10FEB000FFFFFFFFFFFFFFFFFFFFFFFFFFFFFFFF52
:10FEC000FFFFFFFFFFFFFFFFFFFFFFFFFFFFFFFF42
:10FED000FFFFFFFFFFFFFFFFFFFFFFFFFFFFFFFF32
:10FEE000FFFFFFFFFFFFFFFFFFFFFFFFFFFFFFFF22
:10FEF000FFFFFFFFFFFFFFFFFFFFFFFFFFFFFFFF12
:10FF0000FFFFFFFFFFFFFFFFFFFFFFFFFFFFFFFF01
:10FF1000FFFFFFFFFFFFFFFFFFFFFFFFFFFFFFFFF1
:10FF2000FFFFFFFFFFFFFFFFFFFFFFFFFFFFFFFFE1
:10FF3000FFFFFFFFFFFFFFFFFFFFFFFFFFFFFFFFD1
:10FF4000FFFFFFFFFFFFFFFFFFFFFFFFFFFFFFFFC1
:10FF5000FFFFFFFFFFFFFFFFFFFFFFFFFFFFFFFFB1
:10FF6000FFFFFFFFFFFFFFFFFFFFFFFFFFFFFFFFA1
:10FF7000FFFFFFFFFFFFFFFFFFFFFFFFFFFFFFFF91
:10FF8000FFFFFFFFFFFFFFFFFFFFFFFFFFFFFFFF81
:10FF9000FFFFFFFFFFFFFFFFFFFFFFFFFFFFFFFF71
:10FFA000FFFFFFFFFFFFFFFFFFFFFFFFFFFFFFFF61
:10FFB000FFFFFFFFFFFFFFFFFFFFFFFFFFFFFFFF51
:10FFC000FFFFFFFFFFFFFFFFFFFFFFFFFFFFFFFF41
:10FFD000FFFFFFFFFFFFFFFFFFFFFFFFFFFFFFFF31
:10FFE000FFFFFFFFFFFFFFFFFFFFFFFFFFFFFFFF21
:10FFF000FFFFFFFFFFFFFFFFFFFFFFFFFFFFFFFF11
:020000040002F8
:10800000FFFFFFFFFFFFFFFFFFFFFFFFFFFFFFFF80
:10801000FFFFFFFFFFFFFFFFFFFFFFFFFFFFFFFF70
:10802000FFFFFFFFFFFFFFFFFFFFFFFFFFFFFFFF60
:10803000FFFFFFFFFFFFFFFFFFFFFFFFFFFFFFFF50
:10804000FFFFFFFFFFFFFFFFFFFFFFFFFFFFFFFF40
:10805000FFFFFFFFFFFFFFFFFFFFFFFFFFFFFFFF30
:10806000FFFFFFFFFFFFFFFFFFFFFFFFFFFFFFFF20
:10807000FFFFFFFFFFFFFFFFFFFFFFFFFFFFFFFF10
:10808000FFFFFFFFFFFFFFFFFFFFFFFFFFFFFFFF00
:10809000FFFFFFFFFFFFFFFFFFFFFFFFFFFFFFFFF0
:1080A000FFFFFFFFFFFFFFFFFFFFFFFFFFFFFFFFE0
:1080B000FFFFFFFFFFFFFFFFFFFFFFFFFFFFFFFFD0
:1080C000FFFFFFFFFFFFFFFFFFFFFFFFFFFFFFFFC0
:1080D000FFFFFFFFFFFFFFFFFFFFFFFFFFFFFFFFB0
:1080E000FFFFFFFFFFFFFFFFFFFFFFFFFFFFFFFFA0
:1080F000FFFFFFFFFFFFFFFFFFFFFFFFFFFFFFFF90
:10810000FFFFFFFFFFFFFFFFFFFFFFFFFFFFFFFF7F
:10811000FFFFFFFFFFFFFFFFFFFFFFFFFFFFFFFF6F
:10812000FFFFFFFFFFFFFFFFFFFFFFFFFFFFFFFF5F
:10813000FFFFFFFFFFFFFFFFFFFFFFFFFFFFFFFF4F
:10814000FFFFFFFFFFFFFFFFFFFFFFFFFFFFFFFF3F
:10815000FFFFFFFFFFFFFFFFFFFFFFFFFFFFFFFF2F
:10816000FFFFFFFFFFFFFFFFFFFFFFFFFFFFFFFF1F
:10817000FFFFFFFFFFFFFFFFFFFFFFFFFFFFFFFF0F
:10818000FFFFFFFFFFFFFFFFFFFFFFFFFFFFFFFFFF
:10819000FFFFFFFFFFFFFFFFFFFFFFFFFFFFFFFFEF
:1081A000FFFFFFFFFFFFFFFFFFFFFFFFFFFFFFFFDF
:1081B000FFFFFFFFFFFFFFFFFFFFFFFFFFFFFFFFCF
:1081C000FFFFFFFFFFFFFFFFFFFFFFFFFFFFFFFFBF
:1081D000FFFFFFFFFFFFFFFFFFFFFFFFFFFFFFFFAF
:1081E000FFFFFFFFFFFFFFFFFFFFFFFFFFFFFFFF9F
:1081F000FFFFFFFFFFFFFFFFFFFFFFFFFFFFFFFF8F
:10820000FFFFFFFFFFFFFFFFFFFFFFFFFFFFFFFF7E
:10821000FFFFFFFFFFFFFFFFFFFFFFFFFFFFFFFF6E
:10822000FFFFFFFFFFFFFFFFFFFFFFFFFFFFFFFF5E
:10823000FFFFFFFFFFFFFFFFFFFFFFFFFFFFFFFF4E
:10824000FFFFFFFFFFFFFFFFFFFFFFFFFFFFFFFF3E
:10825000FFFFFFFFFFFFFFFFFFFFFFFFFFFFFFFF2E
:10826000FFFFFFFFFFFFFFFFFFFFFFFFFFFFFFFF1E
:10827000FFFFFFFFFFFFFFFFFFFFFFFFFFFFFFFF0E
:10828000FFFFFFFFFFFFFFFFFFFFFFFFFFFFFFFFFE
:10829000FFFFFFFFFFFFFFFFFFFFFFFFFFFFFFFFEE
:1082A000FFFFFFFFFFFFFFFFFFFFFFFFFFFFFFFFDE
:1082B000FFFFFFFFFFFFFFFFFFFFFFFFFFFFFFFFCE
:1082C000FFFFFFFFFFFFFFFFFFFFFFFFFFFFFFFFBE
:1082D000FFFFFFFFFFFFFFFFFFFFFFFFFFFFFFFFAE
:1082E000FFFFFFFFFFFFFFFFFFFFFFFFFFFFFFFF9E
:1082F000FFFFFFFFFFFFFFFFFFFFFFFFFFFFFFFF8E
:10830000FFFFFFFFFFFFFFFFFFFFFFFFFFFFFFFF7D
:10831000FFFFFFFFFFFFFFFFFFFFFFFFFFFFFFFF6D
:10832000FFFFFFFFFFFFFFFFFFFFFFFFFFFFFFFF5D
:10833000FFFFFFFFFFFFFFFFFFFFFFFFFFFFFFFF4D
:10834000FFFFFFFFFFFFFFFFFFFFFFFFFFFFFFFF3D
:10835000FFFFFFFFFFFFFFFFFFFFFFFFFFFFFFFF2D
:10836000FFFFFFFFFFFFFFFFFFFFFFFFFFFFFFFF1D
:10837000FFFFFFFFFFFFFFFFFFFFFFFFFFFFFFFF0D
:10838000FFFFFFFFFFFFFFFFFFFFFFFFFFFFFFFFFD
:10839000FFFFFFFFFFFFFFFFFFFFFFFFFFFFFFFFED
:1083A000FFFFFFFFFFFFFFFFFFFFFFFFFFFFFFFFDD
:1083B000FFFFFFFFFFFFFFFFFFFFFFFFFFFFFFFFCD
:1083C000FFFFFFFFFFFFFFFFFFFFFFFFFFFFFFFFBD
:1083D000FFFFFFFFFFFFFFFFFFFFFFFFFFFFFFFFAD
:1083E000FFFFFFFFFFFFFFFFFFFFFFFFFFFFFFFF9D
:1083F000FFFFFFFFFFFFFFFFFFFFFFFFFFFFFFFF8D
:10840000FFFFFFFFFFFFFFFFFFFFFFFFFFFFFFFF7C
:10841000FFFFFFFFFFFFFFFFFFFFFFFFFFFFFFFF6C
:10842000FFFFFFFFFFFFFFFFFFFFFFFFFFFFFFFF5C
:10843000FFFFFFFFFFFFFFFFFFFFFFFFFFFFFFFF4C
:10844000FFFFFFFFFFFFFFFFFFFFFFFFFFFFFFFF3C
:10845000FFFFFFFFFFFFFFFFFFFFFFFFFFFFFFFF2C
:10846000FFFFFFFFFFFFFFFFFFFFFFFFFFFFFFFF1C
:10847000FFFFFFFFFFFFFFFFFFFFFFFFFFFFFFFF0C
:10848000FFFFFFFFFFFFFFFFFFFFFFFFFFFFFFFFFC
:10849000FFFFFFFFFFFFFFFFFFFFFFFFFFFFFFFFEC
:1084A000FFFFFFFFFFFFFFFFFFFFFFFFFFFFFFFFDC
:1084B000FFFFFFFFFFFFFFFFFFFFFFFFFFFFFFFFCC
:1084C000FFFFFFFFFFFFFFFFFFFFFFFFFFFFFFFFBC
:1084D000FFFFFFFFFFFFFFFFFFFFFFFFFFFFFFFFAC
:1084E000FFFFFFFFFFFFFFFFFFFFFFFFFFFFFFFF9C
:1084F000FFFFFFFFFFFFFFFFFFFFFFFFFFFFFFFF8C
:10850000FFFFFFFFFFFFFFFFFFFFFFFFFFFFFFFF7B
:10851000FFFFFFFFFFFFFFFFFFFFFFFFFFFFFFFF6B
:10852000FFFFFFFFFFFFFFFFFFFFFFFFFFFFFFFF5B
:10853000FFFFFFFFFFFFFFFFFFFFFFFFFFFFFFFF4B
:10854000FFFFFFFFFFFFFFFFFFFFFFFFFFFFFFFF3B
:10855000FFFFFFFFFFFFFFFFFFFFFFFFFFFFFFFF2B
:10856000FFFFFFFFFFFFFFFFFFFFFFFFFFFFFFFF1B
:10857000FFFFFFFFFFFFFFFFFFFFFFFFFFFFFFFF0B
:10858000FFFFFFFFFFFFFFFFFFFFFFFFFFFFFFFFFB
:10859000FFFFFFFFFFFFFFFFFFFFFFFFFFFFFFFFEB
:1085A000FFFFFFFFFFFFFFFFFFFFFFFFFFFFFFFFDB
:1085B000FFFFFFFFFFFFFFFFFFFFFFFFFFFFFFFFCB
:1085C000FFFFFFFFFFFFFFFFFFFFFFFFFFFFFFFFBB
:1085D000FFFFFFFFFFFFFFFFFFFFFFFFFFFFFFFFAB
:1085E000FFFFFFFFFFFFFFFFFFFFFFFFFFFFFFFF9B
:1085F000FFFFFFFFFFFFFFFFFFFFFFFFFFFFFFFF8B
:10860000FFFFFFFFFFFFFFFFFFFFFFFFFFFFFFFF7A
:10861000FFFFFFFFFFFFFFFFFFFFFFFFFFFFFFFF6A
:10862000FFFFFFFFFFFFFFFFFFFFFFFFFFFFFFFF5A
:10863000FFFFFFFFFFFFFFFFFFFFFFFFFFFFFFFF4A
:10864000FFFFFFFFFFFFFFFFFFFFFFFFFFFFFFFF3A
:10865000FFFFFFFFFFFFFFFFFFFFFFFFFFFFFFFF2A
:10866000FFFFFFFFFFFFFFFFFFFFFFFFFFFFFFFF1A
:10867000FFFFFFFFFFFFFFFFFFFFFFFFFFFFFFFF0A
:10868000FFFFFFFFFFFFFFFFFFFFFFFFFFFFFFFFFA
:10869000FFFFFFFFFFFFFFFFFFFFFFFFFFFFFFFFEA
:1086A000FFFFFFFFFFFFFFFFFFFFFFFFFFFFFFFFDA
:1086B000FFFFFFFFFFFFFFFFFFFFFFFFFFFFFFFFCA
:1086C000FFFFFFFFFFFFFFFFFFFFFFFFFFFFFFFFBA
:1086D000FFFFFFFFFFFFFFFFFFFFFFFFFFFFFFFFAA
:1086E000FFFFFFFFFFFFFFFFFFFFFFFFFFFFFFFF9A
:1086F000FFFFFFFFFFFFFFFFFFFFFFFFFFFFFFFF8A
:10870000FFFFFFFFFFFFFFFFFFFFFFFFFFFFFFFF79
:10871000FFFFFFFFFFFFFFFFFFFFFFFFFFFFFFFF69
:10872000FFFFFFFFFFFFFFFFFFFFFFFFFFFFFFFF59
:10873000FFFFFFFFFFFFFFFFFFFFFFFFFFFFFFFF49
:10874000FFFFFFFFFFFFFFFFFFFFFFFFFFFFFFFF39
:10875000FFFFFFFFFFFFFFFFFFFFFFFFFFFFFFFF29
:10876000FFFFFFFFFFFFFFFFFFFFFFFFFFFFFFFF19
:10877000FFFFFFFFFFFFFFFFFFFFFFFFFFFFFFFF09
:10878000FFFFFFFFFFFFFFFFFFFFFFFFFFFFFFFFF9
:10879000FFFFFFFFFFFFFFFFFFFFFFFFFFFFFFFFE9
:1087A000FFFFFFFFFFFFFFFFFFFFFFFFFFFFFFFFD9
:1087B000FFFFFFFFFFFFFFFFFFFFFFFFFFFFFFFFC9
:1087C000FFFFFFFFFFFFFFFFFFFFFFFFFFFFFFFFB9
:1087D000FFFFFFFFFFFFFFFFFFFFFFFFFFFFFFFFA9
:1087E000FFFFFFFFFFFFFFFFFFFFFFFFFFFFFFFF99
:1087F000FFFFFFFFFFFFFFFFFFFFFFFFFFFFFFFF89
:10880000FFFFFFFFFFFFFFFFFFFFFFFFFFFFFFFF78
:10881000FFFFFFFFFFFFFFFFFFFFFFFFFFFFFFFF68
:10882000FFFFFFFFFFFFFFFFFFFFFFFFFFFFFFFF58
:10883000FFFFFFFFFFFFFFFFFFFFFFFFFFFFFFFF48
:10884000FFFFFFFFFFFFFFFFFFFFFFFFFFFFFFFF38
:10885000FFFFFFFFFFFFFFFFFFFFFFFFFFFFFFFF28
:10886000FFFFFFFFFFFFFFFFFFFFFFFFFFFFFFFF18
:10887000FFFFFFFFFFFFFFFFFFFFFFFFFFFFFFFF08
:10888000FFFFFFFFFFFFFFFFFFFFFFFFFFFFFFFFF8
:10889000FFFFFFFFFFFFFFFFFFFFFFFFFFFFFFFFE8
:1088A000FFFFFFFFFFFFFFFFFFFFFFFFFFFFFFFFD8
:1088B000FFFFFFFFFFFFFFFFFFFFFFFFFFFFFFFFC8
:1088C000FFFFFFFFFFFFFFFFFFFFFFFFFFFFFFFFB8
:1088D000FFFFFFFFFFFFFFFFFFFFFFFFFFFFFFFFA8
:1088E000FFFFFFFFFFFFFFFFFFFFFFFFFFFFFFFF98
:1088F000FFFFFFFFFFFFFFFFFFFFFFFFFFFFFFFF88
:10890000FFFFFFFFFFFFFFFFFFFFFFFFFFFFFFFF77
:10891000FFFFFFFFFFFFFFFFFFFFFFFFFFFFFFFF67
:10892000FFFFFFFFFFFFFFFFFFFFFFFFFFFFFFFF57
:10893000FFFFFFFFFFFFFFFFFFFFFFFFFFFFFFFF47
:10894000FFFFFFFFFFFFFFFFFFFFFFFFFFFFFFFF37
:10895000FFFFFFFFFFFFFFFFFFFFFFFFFFFFFFFF27
:10896000FFFFFFFFFFFFFFFFFFFFFFFFFFFFFFFF17
:10897000FFFFFFFFFFFFFFFFFFFFFFFFFFFFFFFF07
:10898000FFFFFFFFFFFFFFFFFFFFFFFFFFFFFFFFF7
:10899000FFFFFFFFFFFFFFFFFFFFFFFFFFFFFFFFE7
:1089A000FFFFFFFFFFFFFFFFFFFFFFFFFFFFFFFFD7
:1089B000FFFFFFFFFFFFFFFFFFFFFFFFFFFFFFFFC7
:1089C000FFFFFFFFFFFFFFFFFFFFFFFFFFFFFFFFB7
:1089D000FFFFFFFFFFFFFFFFFFFFFFFFFFFFFFFFA7
:1089E000FFFFFFFFFFFFFFFFFFFFFFFFFFFFFFFF97
:1089F000FFFFFFFFFFFFFFFFFFFFFFFFFFFFFFFF87
:108A0000FFFFFFFFFFFFFFFFFFFFFFFFFFFFFFFF76
:108A1000FFFFFFFFFFFFFFFFFFFFFFFFFFFFFFFF66
:108A2000FFFFFFFFFFFFFFFFFFFFFFFFFFFFFFFF56
:108A3000FFFFFFFFFFFFFFFFFFFFFFFFFFFFFFFF46
:108A4000FFFFFFFFFFFFFFFFFFFFFFFFFFFFFFFF36
:108A5000FFFFFFFFFFFFFFFFFFFFFFFFFFFFFFFF26
:108A6000FFFFFFFFFFFFFFFFFFFFFFFFFFFFFFFF16
:108A7000FFFFFFFFFFFFFFFFFFFFFFFFFFFFFFFF06
:108A8000FFFFFFFFFFFFFFFFFFFFFFFFFFFFFFFFF6
:108A9000FFFFFFFFFFFFFFFFFFFFFFFFFFFFFFFFE6
:108AA000FFFFFFFFFFFFFFFFFFFFFFFFFFFFFFFFD6
:108AB000FFFFFFFFFFFFFFFFFFFFFFFFFFFFFFFFC6
:108AC000FFFFFFFFFFFFFFFFFFFFFFFFFFFFFFFFB6
:108AD000FFFFFFFFFFFFFFFFFFFFFFFFFFFFFFFFA6
:108AE000FFFFFFFFFFFFFFFFFFFFFFFFFFFFFFFF96
:108AF000FFFFFFFFFFFFFFFFFFFFFFFFFFFFFFFF86
:108B0000FFFFFFFFFFFFFFFFFFFFFFFFFFFFFFFF75
:108B1000FFFFFFFFFFFFFFFFFFFFFFFFFFFFFFFF65
:108B2000FFFFFFFFFFFFFFFFFFFFFFFFFFFFFFFF55
:108B3000FFFFFFFFFFFFFFFFFFFFFFFFFFFFFFFF45
:108B4000FFFFFFFFFFFFFFFFFFFFFFFFFFFFFFFF35
:108B5000FFFFFFFFFFFFFFFFFFFFFFFFFFFFFFFF25
:108B6000FFFFFFFFFFFFFFFFFFFFFFFFFFFFFFFF15
:108B7000FFFFFFFFFFFFFFFFFFFFFFFFFFFFFFFF05
:108B8000FFFFFFFFFFFFFFFFFFFFFFFFFFFFFFFFF5
:108B9000FFFFFFFFFFFFFFFFFFFFFFFFFFFFFFFFE5
:108BA000FFFFFFFFFFFFFFFFFFFFFFFFFFFFFFFFD5
:108BB000FFFFFFFFFFFFFFFFFFFFFFFFFFFFFFFFC5
:108BC000FFFFFFFFFFFFFFFFFFFFFFFFFFFFFFFFB5
:108BD000FFFFFFFFFFFFFFFFFFFFFFFFFFFFFFFFA5
:108BE000FFFFFFFFFFFFFFFFFFFFFFFFFFFFFFFF95
:108BF000FFFFFFFFFFFFFFFFFFFFFFFFFFFFFFFF85
:108C0000FFFFFFFFFFFFFFFFFFFFFFFFFFFFFFFF74
:108C1000FFFFFFFFFFFFFFFFFFFFFFFFFFFFFFFF64
:108C2000FFFFFFFFFFFFFFFFFFFFFFFFFFFFFFFF54
:108C3000FFFFFFFFFFFFFFFFFFFFFFFFFFFFFFFF44
:108C4000FFFFFFFFFFFFFFFFFFFFFFFFFFFFFFFF34
:108C5000FFFFFFFFFFFFFFFFFFFFFFFFFFFFFFFF24
:108C6000FFFFFFFFFFFFFFFFFFFFFFFFFFFFFFFF14
:108C7000FFFFFFFFFFFFFFFFFFFFFFFFFFFFFFFF04
:108C8000FFFFFFFFFFFFFFFFFFFFFFFFFFFFFFFFF4
:108C9000FFFFFFFFFFFFFFFFFFFFFFFFFFFFFFFFE4
:108CA000FFFFFFFFFFFFFFFFFFFFFFFFFFFFFFFFD4
:108CB000FFFFFFFFFFFFFFFFFFFFFFFFFFFFFFFFC4
:108CC000FFFFFFFFFFFFFFFFFFFFFFFFFFFFFFFFB4
:108CD000FFFFFFFFFFFFFFFFFFFFFFFFFFFFFFFFA4
:108CE000FFFFFFFFFFFFFFFFFFFFFFFFFFFFFFFF94
:108CF000FFFFFFFFFFFFFFFFFFFFFFFFFFFFFFFF84
:108D0000FFFFFFFFFFFFFFFFFFFFFFFFFFFFFFFF73
:108D1000FFFFFFFFFFFFFFFFFFFFFFFFFFFFFFFF63
:108D2000FFFFFFFFFFFFFFFFFFFFFFFFFFFFFFFF53
:108D3000FFFFFFFFFFFFFFFFFFFFFFFFFFFFFFFF43
:108D4000FFFFFFFFFFFFFFFFFFFFFFFFFFFFFFFF33
:108D5000FFFFFFFFFFFFFFFFFFFFFFFFFFFFFFFF23
:108D6000FFFFFFFFFFFFFFFFFFFFFFFFFFFFFFFF13
:108D7000FFFFFFFFFFFFFFFFFFFFFFFFFFFFFFFF03
:108D8000FFFFFFFFFFFFFFFFFFFFFFFFFFFFFFFFF3
:108D9000FFFFFFFFFFFFFFFFFFFFFFFFFFFFFFFFE3
:108DA000FFFFFFFFFFFFFFFFFFFFFFFFFFFFFFFFD3
:108DB000FFFFFFFFFFFFFFFFFFFFFFFFFFFFFFFFC3
:108DC000FFFFFFFFFFFFFFFFFFFFFFFFFFFFFFFFB3
:108DD000FFFFFFFFFFFFFFFFFFFFFFFFFFFFFFFFA3
:108DE000FFFFFFFFFFFFFFFFFFFFFFFFFFFFFFFF93
:108DF000FFFFFFFFFFFFFFFFFFFFFFFFFFFFFFFF83
:108E0000FFFFFFFFFFFFFFFFFFFFFFFFFFFFFFFF72
:108E1000FFFFFFFFFFFFFFFFFFFFFFFFFFFFFFFF62
:108E2000FFFFFFFFFFFFFFFFFFFFFFFFFFFFFFFF52
:108E3000FFFFFFFFFFFFFFFFFFFFFFFFFFFFFFFF42
:108E4000FFFFFFFFFFFFFFFFFFFFFFFFFFFFFFFF32
:108E5000FFFFFFFFFFFFFFFFFFFFFFFFFFFFFFFF22
:108E6000FFFFFFFFFFFFFFFFFFFFFFFFFFFFFFFF12
:108E7000FFFFFFFFFFFFFFFFFFFFFFFFFFFFFFFF02
:108E8000FFFFFFFFFFFFFFFFFFFFFFFFFFFFFFFFF2
:108E9000FFFFFFFFFFFFFFFFFFFFFFFFFFFFFFFFE2
:108EA000FFFFFFFFFFFFFFFFFFFFFFFFFFFFFFFFD2
:108EB000FFFFFFFFFFFFFFFFFFFFFFFFFFFFFFFFC2
:108EC000FFFFFFFFFFFFFFFFFFFFFFFFFFFFFFFFB2
:108ED000FFFFFFFFFFFFFFFFFFFFFFFFFFFFFFFFA2
:108EE000FFFFFFFFFFFFFFFFFFFFFFFFFFFFFFFF92
:108EF000FFFFFFFFFFFFFFFFFFFFFFFFFFFFFFFF82
:108F0000FFFFFFFFFFFFFFFFFFFFFFFFFFFFFFFF71
:108F1000FFFFFFFFFFFFFFFFFFFFFFFFFFFFFFFF61
:108F2000FFFFFFFFFFFFFFFFFFFFFFFFFFFFFFFF51
:108F3000FFFFFFFFFFFFFFFFFFFFFFFFFFFFFFFF41
:108F4000FFFFFFFFFFFFFFFFFFFFFFFFFFFFFFFF31
:108F5000FFFFFFFFFFFFFFFFFFFFFFFFFFFFFFFF21
:108F6000FFFFFFFFFFFFFFFFFFFFFFFFFFFFFFFF11
:108F7000FFFFFFFFFFFFFFFFFFFFFFFFFFFFFFFF01
:108F8000FFFFFFFFFFFFFFFFFFFFFFFFFFFFFFFFF1
:108F9000FFFFFFFFFFFFFFFFFFFFFFFFFFFFFFFFE1
:108FA000FFFFFFFFFFFFFFFFFFFFFFFFFFFFFFFFD1
:108FB000FFFFFFFFFFFFFFFFFFFFFFFFFFFFFFFFC1
:108FC000FFFFFFFFFFFFFFFFFFFFFFFFFFFFFFFFB1
:108FD000FFFFFFFFFFFFFFFFFFFFFFFFFFFFFFFFA1
:108FE000FFFFFFFFFFFFFFFFFFFFFFFFFFFFFFFF91
:108FF000FFFFFFFFFFFFFFFFFFFFFFFFFFFFFFFF81
:10900000FFFFFFFFFFFFFFFFFFFFFFFFFFFFFFFF70
:10901000FFFFFFFFFFFFFFFFFFFFFFFFFFFFFFFF60
:10902000FFFFFFFFFFFFFFFFFFFFFFFFFFFFFFFF50
:10903000FFFFFFFFFFFFFFFFFFFFFFFFFFFFFFFF40
:10904000FFFFFFFFFFFFFFFFFFFFFFFFFFFFFFFF30
:10905000FFFFFFFFFFFFFFFFFFFFFFFFFFFFFFFF20
:10906000FFFFFFFFFFFFFFFFFFFFFFFFFFFFFFFF10
:10907000FFFFFFFFFFFFFFFFFFFFFFFFFFFFFFFF00
:10908000FFFFFFFFFFFFFFFFFFFFFFFFFFFFFFFFF0
:10909000FFFFFFFFFFFFFFFFFFFFFFFFFFFFFFFFE0
:1090A000FFFFFFFFFFFFFFFFFFFFFFFFFFFFFFFFD0
:1090B000FFFFFFFFFFFFFFFFFFFFFFFFFFFFFFFFC0
:1090C000FFFFFFFFFFFFFFFFFFFFFFFFFFFFFFFFB0
:1090D000FFFFFFFFFFFFFFFFFFFFFFFFFFFFFFFFA0
:1090E000FFFFFFFFFFFFFFFFFFFFFFFFFFFFFFFF90
:1090F000FFFFFFFFFFFFFFFFFFFFFFFFFFFFFFFF80
:10910000FFFFFFFFFFFFFFFFFFFFFFFFFFFFFFFF6F
:10911000FFFFFFFFFFFFFFFFFFFFFFFFFFFFFFFF5F
:10912000FFFFFFFFFFFFFFFFFFFFFFFFFFFFFFFF4F
:10913000FFFFFFFFFFFFFFFFFFFFFFFFFFFFFFFF3F
:10914000FFFFFFFFFFFFFFFFFFFFFFFFFFFFFFFF2F
:10915000FFFFFFFFFFFFFFFFFFFFFFFFFFFFFFFF1F
:10916000FFFFFFFFFFFFFFFFFFFFFFFFFFFFFFFF0F
:10917000FFFFFFFFFFFFFFFFFFFFFFFFFFFFFFFFFF
:10918000FFFFFFFFFFFFFFFFFFFFFFFFFFFFFFFFEF
:10919000FFFFFFFFFFFFFFFFFFFFFFFFFFFFFFFFDF
:1091A000FFFFFFFFFFFFFFFFFFFFFFFFFFFFFFFFCF
:1091B000FFFFFFFFFFFFFFFFFFFFFFFFFFFFFFFFBF
:1091C000FFFFFFFFFFFFFFFFFFFFFFFFFFFFFFFFAF
:1091D000FFFFFFFFFFFFFFFFFFFFFFFFFFFFFFFF9F
:1091E000FFFFFFFFFFFFFFFFFFFFFFFFFFFFFFFF8F
:1091F000FFFFFFFFFFFFFFFFFFFFFFFFFFFFFFFF7F
:10920000FFFFFFFFFFFFFFFFFFFFFFFFFFFFFFFF6E
:10921000FFFFFFFFFFFFFFFFFFFFFFFFFFFFFFFF5E
:10922000FFFFFFFFFFFFFFFFFFFFFFFFFFFFFFFF4E
:10923000FFFFFFFFFFFFFFFFFFFFFFFFFFFFFFFF3E
:10924000FFFFFFFFFFFFFFFFFFFFFFFFFFFFFFFF2E
:10925000FFFFFFFFFFFFFFFFFFFFFFFFFFFFFFFF1E
:10926000FFFFFFFFFFFFFFFFFFFFFFFFFFFFFFFF0E
:10927000FFFFFFFFFFFFFFFFFFFFFFFFFFFFFFFFFE
:10928000FFFFFFFFFFFFFFFFFFFFFFFFFFFFFFFFEE
:10929000FFFFFFFFFFFFFFFFFFFFFFFFFFFFFFFFDE
:1092A000FFFFFFFFFFFFFFFFFFFFFFFFFFFFFFFFCE
:1092B000FFFFFFFFFFFFFFFFFFFFFFFFFFFFFFFFBE
:1092C000FFFFFFFFFFFFFFFFFFFFFFFFFFFFFFFFAE
:1092D000FFFFFFFFFFFFFFFFFFFFFFFFFFFFFFFF9E
:1092E000FFFFFFFFFFFFFFFFFFFFFFFFFFFFFFFF8E
:1092F000FFFFFFFFFFFFFFFFFFFFFFFFFFFFFFFF7E
:10930000FFFFFFFFFFFFFFFFFFFFFFFFFFFFFFFF6D
:10931000FFFFFFFFFFFFFFFFFFFFFFFFFFFFFFFF5D
:10932000FFFFFFFFFFFFFFFFFFFFFFFFFFFFFFFF4D
:10933000FFFFFFFFFFFFFFFFFFFFFFFFFFFFFFFF3D
:10934000FFFFFFFFFFFFFFFFFFFFFFFFFFFFFFFF2D
:10935000FFFFFFFFFFFFFFFFFFFFFFFFFFFFFFFF1D
:10936000FFFFFFFFFFFFFFFFFFFFFFFFFFFFFFFF0D
:10937000FFFFFFFFFFFFFFFFFFFFFFFFFFFFFFFFFD
:10938000FFFFFFFFFFFFFFFFFFFFFFFFFFFFFFFFED
:10939000FFFFFFFFFFFFFFFFFFFFFFFFFFFFFFFFDD
:1093A000FFFFFFFFFFFFFFFFFFFFFFFFFFFFFFFFCD
:1093B000FFFFFFFFFFFFFFFFFFFFFFFFFFFFFFFFBD
:1093C000FFFFFFFFFFFFFFFFFFFFFFFFFFFFFFFFAD
:1093D000FFFFFFFFFFFFFFFFFFFFFFFFFFFFFFFF9D
:1093E000FFFFFFFFFFFFFFFFFFFFFFFFFFFFFFFF8D
:1093F000FFFFFFFFFFFFFFFFFFFFFFFFFFFFFFFF7D
:10940000FFFFFFFFFFFFFFFFFFFFFFFFFFFFFFFF6C
:10941000FFFFFFFFFFFFFFFFFFFFFFFFFFFFFFFF5C
:10942000FFFFFFFFFFFFFFFFFFFFFFFFFFFFFFFF4C
:10943000FFFFFFFFFFFFFFFFFFFFFFFFFFFFFFFF3C
:10944000FFFFFFFFFFFFFFFFFFFFFFFFFFFFFFFF2C
:10945000FFFFFFFFFFFFFFFFFFFFFFFFFFFFFFFF1C
:10946000FFFFFFFFFFFFFFFFFFFFFFFFFFFFFFFF0C
:10947000FFFFFFFFFFFFFFFFFFFFFFFFFFFFFFFFFC
:10948000FFFFFFFFFFFFFFFFFFFFFFFFFFFFFFFFEC
:10949000FFFFFFFFFFFFFFFFFFFFFFFFFFFFFFFFDC
:1094A000FFFFFFFFFFFFFFFFFFFFFFFFFFFFFFFFCC
:1094B000FFFFFFFFFFFFFFFFFFFFFFFFFFFFFFFFBC
:1094C000FFFFFFFFFFFFFFFFFFFFFFFFFFFFFFFFAC
:1094D000FFFFFFFFFFFFFFFFFFFFFFFFFFFFFFFF9C
:1094E000FFFFFFFFFFFFFFFFFFFFFFFFFFFFFFFF8C
:1094F000FFFFFFFFFFFFFFFFFFFFFFFFFFFFFFFF7C
:10950000FFFFFFFFFFFFFFFFFFFFFFFFFFFFFFFF6B
:10951000FFFFFFFFFFFFFFFFFFFFFFFFFFFFFFFF5B
:10952000FFFFFFFFFFFFFFFFFFFFFFFFFFFFFFFF4B
:10953000FFFFFFFFFFFFFFFFFFFFFFFFFFFFFFFF3B
:10954000FFFFFFFFFFFFFFFFFFFFFFFFFFFFFFFF2B
:10955000FFFFFFFFFFFFFFFFFFFFFFFFFFFFFFFF1B
:10956000FFFFFFFFFFFFFFFFFFFFFFFFFFFFFFFF0B
:10957000FFFFFFFFFFFFFFFFFFFFFFFFFFFFFFFFFB
:10958000FFFFFFFFFFFFFFFFFFFFFFFFFFFFFFFFEB
:10959000FFFFFFFFFFFFFFFFFFFFFFFFFFFFFFFFDB
:1095A000FFFFFFFFFFFFFFFFFFFFFFFFFFFFFFFFCB
:1095B000FFFFFFFFFFFFFFFFFFFFFFFFFFFFFFFFBB
:1095C000FFFFFFFFFFFFFFFFFFFFFFFFFFFFFFFFAB
:1095D000FFFFFFFFFFFFFFFFFFFFFFFFFFFFFFFF9B
:1095E000FFFFFFFFFFFFFFFFFFFFFFFFFFFFFFFF8B
:1095F000FFFFFFFFFFFFFFFFFFFFFFFFFFFFFFFF7B
:10960000FFFFFFFFFFFFFFFFFFFFFFFFFFFFFFFF6A
:10961000FFFFFFFFFFFFFFFFFFFFFFFFFFFFFFFF5A
:10962000FFFFFFFFFFFFFFFFFFFFFFFFFFFFFFFF4A
:10963000FFFFFFFFFFFFFFFFFFFFFFFFFFFFFFFF3A
:10964000FFFFFFFFFFFFFFFFFFFFFFFFFFFFFFFF2A
:10965000FFFFFFFFFFFFFFFFFFFFFFFFFFFFFFFF1A
:10966000FFFFFFFFFFFFFFFFFFFFFFFFFFFFFFFF0A
:10967000FFFFFFFFFFFFFFFFFFFFFFFFFFFFFFFFFA
:10968000FFFFFFFFFFFFFFFFFFFFFFFFFFFFFFFFEA
:10969000FFFFFFFFFFFFFFFFFFFFFFFFFFFFFFFFDA
:1096A000FFFFFFFFFFFFFFFFFFFFFFFFFFFFFFFFCA
:1096B000FFFFFFFFFFFFFFFFFFFFFFFFFFFFFFFFBA
:1096C000FFFFFFFFFFFFFFFFFFFFFFFFFFFFFFFFAA
:1096D000FFFFFFFFFFFFFFFFFFFFFFFFFFFFFFFF9A
:1096E000FFFFFFFFFFFFFFFFFFFFFFFFFFFFFFFF8A
:1096F000FFFFFFFFFFFFFFFFFFFFFFFFFFFFFFFF7A
:10970000FFFFFFFFFFFFFFFFFFFFFFFFFFFFFFFF69
:10971000FFFFFFFFFFFFFFFFFFFFFFFFFFFFFFFF59
:10972000FFFFFFFFFFFFFFFFFFFFFFFFFFFFFFFF49
:10973000FFFFFFFFFFFFFFFFFFFFFFFFFFFFFFFF39
:10974000FFFFFFFFFFFFFFFFFFFFFFFFFFFFFFFF29
:10975000FFFFFFFFFFFFFFFFFFFFFFFFFFFFFFFF19
:10976000FFFFFFFFFFFFFFFFFFFFFFFFFFFFFFFF09
:10977000FFFFFFFFFFFFFFFFFFFFFFFFFFFFFFFFF9
:10978000FFFFFFFFFFFFFFFFFFFFFFFFFFFFFFFFE9
:10979000FFFFFFFFFFFFFFFFFFFFFFFFFFFFFFFFD9
:1097A000FFFFFFFFFFFFFFFFFFFFFFFFFFFFFFFFC9
:1097B000FFFFFFFFFFFFFFFFFFFFFFFFFFFFFFFFB9
:1097C000FFFFFFFFFFFFFFFFFFFFFFFFFFFFFFFFA9
:1097D000FFFFFFFFFFFFFFFFFFFFFFFFFFFFFFFF99
:1097E000FFFFFFFFFFFFFFFFFFFFFFFFFFFFFFFF89
:1097F000FFFFFFFFFFFFFFFFFFFFFFFFFFFFFFFF79
:10980000FFFFFFFFFFFFFFFFFFFFFFFFFFFFFFFF68
:10981000FFFFFFFFFFFFFFFFFFFFFFFFFFFFFFFF58
:10982000FFFFFFFFFFFFFFFFFFFFFFFFFFFFFFFF48
:10983000FFFFFFFFFFFFFFFFFFFFFFFFFFFFFFFF38
:10984000FFFFFFFFFFFFFFFFFFFFFFFFFFFFFFFF28
:10985000FFFFFFFFFFFFFFFFFFFFFFFFFFFFFFFF18
:10986000FFFFFFFFFFFFFFFFFFFFFFFFFFFFFFFF08
:10987000FFFFFFFFFFFFFFFFFFFFFFFFFFFFFFFFF8
:10988000FFFFFFFFFFFFFFFFFFFFFFFFFFFFFFFFE8
:10989000FFFFFFFFFFFFFFFFFFFFFFFFFFFFFFFFD8
:1098A000FFFFFFFFFFFFFFFFFFFFFFFFFFFFFFFFC8
:1098B000FFFFFFFFFFFFFFFFFFFFFFFFFFFFFFFFB8
:1098C000FFFFFFFFFFFFFFFFFFFFFFFFFFFFFFFFA8
:1098D000FFFFFFFFFFFFFFFFFFFFFFFFFFFFFFFF98
:1098E000FFFFFFFFFFFFFFFFFFFFFFFFFFFFFFFF88
:1098F000FFFFFFFFFFFFFFFFFFFFFFFFFFFFFFFF78
:10990000FFFFFFFFFFFFFFFFFFFFFFFFFFFFFFFF67
:10991000FFFFFFFFFFFFFFFFFFFFFFFFFFFFFFFF57
:10992000FFFFFFFFFFFFFFFFFFFFFFFFFFFFFFFF47
:10993000FFFFFFFFFFFFFFFFFFFFFFFFFFFFFFFF37
:10994000FFFFFFFFFFFFFFFFFFFFFFFFFFFFFFFF27
:10995000FFFFFFFFFFFFFFFFFFFFFFFFFFFFFFFF17
:10996000FFFFFFFFFFFFFFFFFFFFFFFFFFFFFFFF07
:10997000FFFFFFFFFFFFFFFFFFFFFFFFFFFFFFFFF7
:10998000FFFFFFFFFFFFFFFFFFFFFFFFFFFFFFFFE7
:10999000FFFFFFFFFFFFFFFFFFFFFFFFFFFFFFFFD7
:1099A000FFFFFFFFFFFFFFFFFFFFFFFFFFFFFFFFC7
:1099B000FFFFFFFFFFFFFFFFFFFFFFFFFFFFFFFFB7
:1099C000FFFFFFFFFFFFFFFFFFFFFFFFFFFFFFFFA7
:1099D000FFFFFFFFFFFFFFFFFFFFFFFFFFFFFFFF97
:1099E000FFFFFFFFFFFFFFFFFFFFFFFFFFFFFFFF87
:1099F000FFFFFFFFFFFFFFFFFFFFFFFFFFFFFFFF77
:109A0000FFFFFFFFFFFFFFFFFFFFFFFFFFFFFFFF66
:109A1000FFFFFFFFFFFFFFFFFFFFFFFFFFFFFFFF56
:109A2000FFFFFFFFFFFFFFFFFFFFFFFFFFFFFFFF46
:109A3000FFFFFFFFFFFFFFFFFFFFFFFFFFFFFFFF36
:109A4000FFFFFFFFFFFFFFFFFFFFFFFFFFFFFFFF26
:109A5000FFFFFFFFFFFFFFFFFFFFFFFFFFFFFFFF16
:109A6000FFFFFFFFFFFFFFFFFFFFFFFFFFFFFFFF06
:109A7000FFFFFFFFFFFFFFFFFFFFFFFFFFFFFFFFF6
:109A8000FFFFFFFFFFFFFFFFFFFFFFFFFFFFFFFFE6
:109A9000FFFFFFFFFFFFFFFFFFFFFFFFFFFFFFFFD6
:109AA000FFFFFFFFFFFFFFFFFFFFFFFFFFFFFFFFC6
:109AB000FFFFFFFFFFFFFFFFFFFFFFFFFFFFFFFFB6
:109AC000FFFFFFFFFFFFFFFFFFFFFFFFFFFFFFFFA6
:109AD000FFFFFFFFFFFFFFFFFFFFFFFFFFFFFFFF96
:109AE000FFFFFFFFFFFFFFFFFFFFFFFFFFFFFFFF86
:109AF000FFFFFFFFFFFFFFFFFFFFFFFFFFFFFFFF76
:109B0000FFFFFFFFFFFFFFFFFFFFFFFFFFFFFFFF65
:109B1000FFFFFFFFFFFFFFFFFFFFFFFFFFFFFFFF55
:109B2000FFFFFFFFFFFFFFFFFFFFFFFFFFFFFFFF45
:109B3000FFFFFFFFFFFFFFFFFFFFFFFFFFFFFFFF35
:109B4000FFFFFFFFFFFFFFFFFFFFFFFFFFFFFFFF25
:109B5000FFFFFFFFFFFFFFFFFFFFFFFFFFFFFFFF15
:109B6000FFFFFFFFFFFFFFFFFFFFFFFFFFFFFFFF05
:109B7000FFFFFFFFFFFFFFFFFFFFFFFFFFFFFFFFF5
:109B8000FFFFFFFFFFFFFFFFFFFFFFFFFFFFFFFFE5
:109B9000FFFFFFFFFFFFFFFFFFFFFFFFFFFFFFFFD5
:109BA000FFFFFFFFFFFFFFFFFFFFFFFFFFFFFFFFC5
:109BB000FFFFFFFFFFFFFFFFFFFFFFFFFFFFFFFFB5
:109BC000FFFFFFFFFFFFFFFFFFFFFFFFFFFFFFFFA5
:109BD000FFFFFFFFFFFFFFFFFFFFFFFFFFFFFFFF95
:109BE000FFFFFFFFFFFFFFFFFFFFFFFFFFFFFFFF85
:109BF000FFFFFFFFFFFFFFFFFFFFFFFFFFFFFFFF75
:109C0000FFFFFFFFFFFFFFFFFFFFFFFFFFFFFFFF64
:109C1000FFFFFFFFFFFFFFFFFFFFFFFFFFFFFFFF54
:109C2000FFFFFFFFFFFFFFFFFFFFFFFFFFFFFFFF44
:109C3000FFFFFFFFFFFFFFFFFFFFFFFFFFFFFFFF34
:109C4000FFFFFFFFFFFFFFFFFFFFFFFFFFFFFFFF24
:109C5000FFFFFFFFFFFFFFFFFFFFFFFFFFFFFFFF14
:109C6000FFFFFFFFFFFFFFFFFFFFFFFFFFFFFFFF04
:109C7000FFFFFFFFFFFFFFFFFFFFFFFFFFFFFFFFF4
:109C8000FFFFFFFFFFFFFFFFFFFFFFFFFFFFFFFFE4
:109C9000FFFFFFFFFFFFFFFFFFFFFFFFFFFFFFFFD4
:109CA000FFFFFFFFFFFFFFFFFFFFFFFFFFFFFFFFC4
:109CB000FFFFFFFFFFFFFFFFFFFFFFFFFFFFFFFFB4
:109CC000FFFFFFFFFFFFFFFFFFFFFFFFFFFFFFFFA4
:109CD000FFFFFFFFFFFFFFFFFFFFFFFFFFFFFFFF94
:109CE000FFFFFFFFFFFFFFFFFFFFFFFFFFFFFFFF84
:109CF000FFFFFFFFFFFFFFFFFFFFFFFFFFFFFFFF74
:109D0000FFFFFFFFFFFFFFFFFFFFFFFFFFFFFFFF63
:109D1000FFFFFFFFFFFFFFFFFFFFFFFFFFFFFFFF53
:109D2000FFFFFFFFFFFFFFFFFFFFFFFFFFFFFFFF43
:109D3000FFFFFFFFFFFFFFFFFFFFFFFFFFFFFFFF33
:109D4000FFFFFFFFFFFFFFFFFFFFFFFFFFFFFFFF23
:109D5000FFFFFFFFFFFFFFFFFFFFFFFFFFFFFFFF13
:109D6000FFFFFFFFFFFFFFFFFFFFFFFFFFFFFFFF03
:109D7000FFFFFFFFFFFFFFFFFFFFFFFFFFFFFFFFF3
:109D8000FFFFFFFFFFFFFFFFFFFFFFFFFFFFFFFFE3
:109D9000FFFFFFFFFFFFFFFFFFFFFFFFFFFFFFFFD3
:109DA000FFFFFFFFFFFFFFFFFFFFFFFFFFFFFFFFC3
:109DB000FFFFFFFFFFFFFFFFFFFFFFFFFFFFFFFFB3
:109DC000FFFFFFFFFFFFFFFFFFFFFFFFFFFFFFFFA3
:109DD000FFFFFFFFFFFFFFFFFFFFFFFFFFFFFFFF93
:109DE000FFFFFFFFFFFFFFFFFFFFFFFFFFFFFFFF83
:109DF000FFFFFFFFFFFFFFFFFFFFFFFFFFFFFFFF73
:109E0000FFFFFFFFFFFFFFFFFFFFFFFFFFFFFFFF62
:109E1000FFFFFFFFFFFFFFFFFFFFFFFFFFFFFFFF52
:109E2000FFFFFFFFFFFFFFFFFFFFFFFFFFFFFFFF42
:109E3000FFFFFFFFFFFFFFFFFFFFFFFFFFFFFFFF32
:109E4000FFFFFFFFFFFFFFFFFFFFFFFFFFFFFFFF22
:109E5000FFFFFFFFFFFFFFFFFFFFFFFFFFFFFFFF12
:109E6000FFFFFFFFFFFFFFFFFFFFFFFFFFFFFFFF02
:109E7000FFFFFFFFFFFFFFFFFFFFFFFFFFFFFFFFF2
:109E8000FFFFFFFFFFFFFFFFFFFFFFFFFFFFFFFFE2
:109E9000FFFFFFFFFFFFFFFFFFFFFFFFFFFFFFFFD2
:109EA000FFFFFFFFFFFFFFFFFFFFFFFFFFFFFFFFC2
:109EB000FFFFFFFFFFFFFFFFFFFFFFFFFFFFFFFFB2
:109EC000FFFFFFFFFFFFFFFFFFFFFFFFFFFFFFFFA2
:109ED000FFFFFFFFFFFFFFFFFFFFFFFFFFFFFFFF92
:109EE000FFFFFFFFFFFFFFFFFFFFFFFFFFFFFFFF82
:109EF000FFFFFFFFFFFFFFFFFFFFFFFFFFFFFFFF72
:109F0000FFFFFFFFFFFFFFFFFFFFFFFFFFFFFFFF61
:109F1000FFFFFFFFFFFFFFFFFFFFFFFFFFFFFFFF51
:109F2000FFFFFFFFFFFFFFFFFFFFFFFFFFFFFFFF41
:109F3000FFFFFFFFFFFFFFFFFFFFFFFFFFFFFFFF31
:109F4000FFFFFFFFFFFFFFFFFFFFFFFFFFFFFFFF21
:109F5000FFFFFFFFFFFFFFFFFFFFFFFFFFFFFFFF11
:109F6000FFFFFFFFFFFFFFFFFFFFFFFFFFFFFFFF01
:109F7000FFFFFFFFFFFFFFFFFFFFFFFFFFFFFFFFF1
:109F8000FFFFFFFFFFFFFFFFFFFFFFFFFFFFFFFFE1
:109F9000FFFFFFFFFFFFFFFFFFFFFFFFFFFFFFFFD1
:109FA000FFFFFFFFFFFFFFFFFFFFFFFFFFFFFFFFC1
:109FB000FFFFFFFFFFFFFFFFFFFFFFFFFFFFFFFFB1
:109FC000FFFFFFFFFFFFFFFFFFFFFFFFFFFFFFFFA1
:109FD000FFFFFFFFFFFFFFFFFFFFFFFFFFFFFFFF91
:109FE000FFFFFFFFFFFFFFFFFFFFFFFFFFFFFFFF81
:109FF000FFFFFFFFFFFFFFFFFFFFFFFFFFFFFFFF71
:10A00000FFFFFFFFFFFFFFFFFFFFFFFFFFFFFFFF60
:10A01000FFFFFFFFFFFFFFFFFFFFFFFFFFFFFFFF50
:10A02000FFFFFFFFFFFFFFFFFFFFFFFFFFFFFFFF40
:10A03000FFFFFFFFFFFFFFFFFFFFFFFFFFFFFFFF30
:10A04000FFFFFFFFFFFFFFFFFFFFFFFFFFFFFFFF20
:10A05000FFFFFFFFFFFFFFFFFFFFFFFFFFFFFFFF10
:10A06000FFFFFFFFFFFFFFFFFFFFFFFFFFFFFFFF00
:10A07000FFFFFFFFFFFFFFFFFFFFFFFFFFFFFFFFF0
:10A08000FFFFFFFFFFFFFFFFFFFFFFFFFFFFFFFFE0
:10A09000FFFFFFFFFFFFFFFFFFFFFFFFFFFFFFFFD0
:10A0A000FFFFFFFFFFFFFFFFFFFFFFFFFFFFFFFFC0
:10A0B000FFFFFFFFFFFFFFFFFFFFFFFFFFFFFFFFB0
:10A0C000FFFFFFFFFFFFFFFFFFFFFFFFFFFFFFFFA0
:10A0D000FFFFFFFFFFFFFFFFFFFFFFFFFFFFFFFF90
:10A0E000FFFFFFFFFFFFFFFFFFFFFFFFFFFFFFFF80
:10A0F000FFFFFFFFFFFFFFFFFFFFFFFFFFFFFFFF70
:10A10000FFFFFFFFFFFFFFFFFFFFFFFFFFFFFFFF5F
:10A11000FFFFFFFFFFFFFFFFFFFFFFFFFFFFFFFF4F
:10A12000FFFFFFFFFFFFFFFFFFFFFFFFFFFFFFFF3F
:10A13000FFFFFFFFFFFFFFFFFFFFFFFFFFFFFFFF2F
:10A14000FFFFFFFFFFFFFFFFFFFFFFFFFFFFFFFF1F
:10A15000FFFFFFFFFFFFFFFFFFFFFFFFFFFFFFFF0F
:10A16000FFFFFFFFFFFFFFFFFFFFFFFFFFFFFFFFFF
:10A17000FFFFFFFFFFFFFFFFFFFFFFFFFFFFFFFFEF
:10A18000FFFFFFFFFFFFFFFFFFFFFFFFFFFFFFFFDF
:10A19000FFFFFFFFFFFFFFFFFFFFFFFFFFFFFFFFCF
:10A1A000FFFFFFFFFFFFFFFFFFFFFFFFFFFFFFFFBF
:10A1B000FFFFFFFFFFFFFFFFFFFFFFFFFFFFFFFFAF
:10A1C000FFFFFFFFFFFFFFFFFFFFFFFFFFFFFFFF9F
:10A1D000FFFFFFFFFFFFFFFFFFFFFFFFFFFFFFFF8F
:10A1E000FFFFFFFFFFFFFFFFFFFFFFFFFFFFFFFF7F
:10A1F000FFFFFFFFFFFFFFFFFFFFFFFFFFFFFFFF6F
:10A20000FFFFFFFFFFFFFFFFFFFFFFFFFFFFFFFF5E
:10A21000FFFFFFFFFFFFFFFFFFFFFFFFFFFFFFFF4E
:10A22000FFFFFFFFFFFFFFFFFFFFFFFFFFFFFFFF3E
:10A23000FFFFFFFFFFFFFFFFFFFFFFFFFFFFFFFF2E
:10A24000FFFFFFFFFFFFFFFFFFFFFFFFFFFFFFFF1E
:10A25000FFFFFFFFFFFFFFFFFFFFFFFFFFFFFFFF0E
:10A26000FFFFFFFFFFFFFFFFFFFFFFFFFFFFFFFFFE
:10A27000FFFFFFFFFFFFFFFFFFFFFFFFFFFFFFFFEE
:10A28000FFFFFFFFFFFFFFFFFFFFFFFFFFFFFFFFDE
:10A29000FFFFFFFFFFFFFFFFFFFFFFFFFFFFFFFFCE
:10A2A000FFFFFFFFFFFFFFFFFFFFFFFFFFFFFFFFBE
:10A2B000FFFFFFFFFFFFFFFFFFFFFFFFFFFFFFFFAE
:10A2C000FFFFFFFFFFFFFFFFFFFFFFFFFFFFFFFF9E
:10A2D000FFFFFFFFFFFFFFFFFFFFFFFFFFFFFFFF8E
:10A2E000FFFFFFFFFFFFFFFFFFFFFFFFFFFFFFFF7E
:10A2F000FFFFFFFFFFFFFFFFFFFFFFFFFFFFFFFF6E
:10A30000FFFFFFFFFFFFFFFFFFFFFFFFFFFFFFFF5D
:10A31000FFFFFFFFFFFFFFFFFFFFFFFFFFFFFFFF4D
:10A32000FFFFFFFFFFFFFFFFFFFFFFFFFFFFFFFF3D
:10A33000FFFFFFFFFFFFFFFFFFFFFFFFFFFFFFFF2D
:10A34000FFFFFFFFFFFFFFFFFFFFFFFFFFFFFFFF1D
:10A35000FFFFFFFFFFFFFFFFFFFFFFFFFFFFFFFF0D
:10A36000FFFFFFFFFFFFFFFFFFFFFFFFFFFFFFFFFD
:10A37000FFFFFFFFFFFFFFFFFFFFFFFFFFFFFFFFED
:10A38000FFFFFFFFFFFFFFFFFFFFFFFFFFFFFFFFDD
:10A39000FFFFFFFFFFFFFFFFFFFFFFFFFFFFFFFFCD
:10A3A000FFFFFFFFFFFFFFFFFFFFFFFFFFFFFFFFBD
:10A3B000FFFFFFFFFFFFFFFFFFFFFFFFFFFFFFFFAD
:10A3C000FFFFFFFFFFFFFFFFFFFFFFFFFFFFFFFF9D
:10A3D000FFFFFFFFFFFFFFFFFFFFFFFFFFFFFFFF8D
:10A3E000FFFFFFFFFFFFFFFFFFFFFFFFFFFFFFFF7D
:10A3F000FFFFFFFFFFFFFFFFFFFFFFFFFFFFFFFF6D
:10A40000FFFFFFFFFFFFFFFFFFFFFFFFFFFFFFFF5C
:10A41000FFFFFFFFFFFFFFFFFFFFFFFFFFFFFFFF4C
:10A42000FFFFFFFFFFFFFFFFFFFFFFFFFFFFFFFF3C
:10A43000FFFFFFFFFFFFFFFFFFFFFFFFFFFFFFFF2C
:10A44000FFFFFFFFFFFFFFFFFFFFFFFFFFFFFFFF1C
:10A45000FFFFFFFFFFFFFFFFFFFFFFFFFFFFFFFF0C
:10A46000FFFFFFFFFFFFFFFFFFFFFFFFFFFFFFFFFC
:10A47000FFFFFFFFFFFFFFFFFFFFFFFFFFFFFFFFEC
:10A48000FFFFFFFFFFFFFFFFFFFFFFFFFFFFFFFFDC
:10A49000FFFFFFFFFFFFFFFFFFFFFFFFFFFFFFFFCC
:10A4A000FFFFFFFFFFFFFFFFFFFFFFFFFFFFFFFFBC
:10A4B000FFFFFFFFFFFFFFFFFFFFFFFFFFFFFFFFAC
:10A4C000FFFFFFFFFFFFFFFFFFFFFFFFFFFFFFFF9C
:10A4D000FFFFFFFFFFFFFFFFFFFFFFFFFFFFFFFF8C
:10A4E000FFFFFFFFFFFFFFFFFFFFFFFFFFFFFFFF7C
:10A4F000FFFFFFFFFFFFFFFFFFFFFFFFFFFFFFFF6C
:10A50000FFFFFFFFFFFFFFFFFFFFFFFFFFFFFFFF5B
:10A51000FFFFFFFFFFFFFFFFFFFFFFFFFFFFFFFF4B
:10A52000FFFFFFFFFFFFFFFFFFFFFFFFFFFFFFFF3B
:10A53000FFFFFFFFFFFFFFFFFFFFFFFFFFFFFFFF2B
:10A54000FFFFFFFFFFFFFFFFFFFFFFFFFFFFFFFF1B
:10A55000FFFFFFFFFFFFFFFFFFFFFFFFFFFFFFFF0B
:10A56000FFFFFFFFFFFFFFFFFFFFFFFFFFFFFFFFFB
:10A57000FFFFFFFFFFFFFFFFFFFFFFFFFFFFFFFFEB
:10A58000FFFFFFFFFFFFFFFFFFFFFFFFFFFFFFFFDB
:10A59000FFFFFFFFFFFFFFFFFFFFFFFFFFFFFFFFCB
:10A5A000FFFFFFFFFFFFFFFFFFFFFFFFFFFFFFFFBB
:10A5B000FFFFFFFFFFFFFFFFFFFFFFFFFFFFFFFFAB
:10A5C000FFFFFFFFFFFFFFFFFFFFFFFFFFFFFFFF9B
:10A5D000FFFFFFFFFFFFFFFFFFFFFFFFFFFFFFFF8B
:10A5E000FFFFFFFFFFFFFFFFFFFFFFFFFFFFFFFF7B
:10A5F000FFFFFFFFFFFFFFFFFFFFFFFFFFFFFFFF6B
:10A60000FFFFFFFFFFFFFFFFFFFFFFFFFFFFFFFF5A
:10A61000FFFFFFFFFFFFFFFFFFFFFFFFFFFFFFFF4A
:10A62000FFFFFFFFFFFFFFFFFFFFFFFFFFFFFFFF3A
:10A63000FFFFFFFFFFFFFFFFFFFFFFFFFFFFFFFF2A
:10A64000FFFFFFFFFFFFFFFFFFFFFFFFFFFFFFFF1A
:10A65000FFFFFFFFFFFFFFFFFFFFFFFFFFFFFFFF0A
:10A66000FFFFFFFFFFFFFFFFFFFFFFFFFFFFFFFFFA
:10A67000FFFFFFFFFFFFFFFFFFFFFFFFFFFFFFFFEA
:10A68000FFFFFFFFFFFFFFFFFFFFFFFFFFFFFFFFDA
:10A69000FFFFFFFFFFFFFFFFFFFFFFFFFFFFFFFFCA
:10A6A000FFFFFFFFFFFFFFFFFFFFFFFFFFFFFFFFBA
:10A6B000FFFFFFFFFFFFFFFFFFFFFFFFFFFFFFFFAA
:10A6C000FFFFFFFFFFFFFFFFFFFFFFFFFFFFFFFF9A
:10A6D000FFFFFFFFFFFFFFFFFFFFFFFFFFFFFFFF8A
:10A6E000FFFFFFFFFFFFFFFFFFFFFFFFFFFFFFFF7A
:10A6F000FFFFFFFFFFFFFFFFFFFFFFFFFFFFFFFF6A
:10A70000FFFFFFFFFFFFFFFFFFFFFFFFFFFFFFFF59
:10A71000FFFFFFFFFFFFFFFFFFFFFFFFFFFFFFFF49
:10A72000FFFFFFFFFFFFFFFFFFFFFFFFFFFFFFFF39
:10A73000FFFFFFFFFFFFFFFFFFFFFFFFFFFFFFFF29
:10A74000FFFFFFFFFFFFFFFFFFFFFFFFFFFFFFFF19
:10A75000FFFFFFFFFFFFFFFFFFFFFFFFFFFFFFFF09
:10A76000FFFFFFFFFFFFFFFFFFFFFFFFFFFFFFFFF9
:10A77000FFFFFFFFFFFFFFFFFFFFFFFFFFFFFFFFE9
:10A78000FFFFFFFFFFFFFFFFFFFFFFFFFFFFFFFFD9
:10A79000FFFFFFFFFFFFFFFFFFFFFFFFFFFFFFFFC9
:10A7A000FFFFFFFFFFFFFFFFFFFFFFFFFFFFFFFFB9
:10A7B000FFFFFFFFFFFFFFFFFFFFFFFFFFFFFFFFA9
:10A7C000FFFFFFFFFFFFFFFFFFFFFFFFFFFFFFFF99
:10A7D000FFFFFFFFFFFFFFFFFFFFFFFFFFFFFFFF89
:10A7E000FFFFFFFFFFFFFFFFFFFFFFFFFFFFFFFF79
:10A7F000FFFFFFFFFFFFFFFFFFFFFFFFFFFFFFFF69
:10A80000FFFFFFFFFFFFFFFFFFFFFFFFFFFFFFFF58
:10A81000FFFFFFFFFFFFFFFFFFFFFFFFFFFFFFFF48
:10A82000FFFFFFFFFFFFFFFFFFFFFFFFFFFFFFFF38
:10A83000FFFFFFFFFFFFFFFFFFFFFFFFFFFFFFFF28
:10A84000FFFFFFFFFFFFFFFFFFFFFFFFFFFFFFFF18
:10A85000FFFFFFFFFFFFFFFFFFFFFFFFFFFFFFFF08
:10A86000FFFFFFFFFFFFFFFFFFFFFFFFFFFFFFFFF8
:10A87000FFFFFFFFFFFFFFFFFFFFFFFFFFFFFFFFE8
:10A88000FFFFFFFFFFFFFFFFFFFFFFFFFFFFFFFFD8
:10A89000FFFFFFFFFFFFFFFFFFFFFFFFFFFFFFFFC8
:10A8A000FFFFFFFFFFFFFFFFFFFFFFFFFFFFFFFFB8
:10A8B000FFFFFFFFFFFFFFFFFFFFFFFFFFFFFFFFA8
:10A8C000FFFFFFFFFFFFFFFFFFFFFFFFFFFFFFFF98
:10A8D000FFFFFFFFFFFFFFFFFFFFFFFFFFFFFFFF88
:10A8E000FFFFFFFFFFFFFFFFFFFFFFFFFFFFFFFF78
:10A8F000FFFFFFFFFFFFFFFFFFFFFFFFFFFFFFFF68
:10A90000FFFFFFFFFFFFFFFFFFFFFFFFFFFFFFFF57
:10A91000FFFFFFFFFFFFFFFFFFFFFFFFFFFFFFFF47
:10A92000FFFFFFFFFFFFFFFFFFFFFFFFFFFFFFFF37
:10A93000FFFFFFFFFFFFFFFFFFFFFFFFFFFFFFFF27
:10A94000FFFFFFFFFFFFFFFFFFFFFFFFFFFFFFFF17
:10A95000FFFFFFFFFFFFFFFFFFFFFFFFFFFFFFFF07
:10A96000FFFFFFFFFFFFFFFFFFFFFFFFFFFFFFFFF7
:10A97000FFFFFFFFFFFFFFFFFFFFFFFFFFFFFFFFE7
:10A98000FFFFFFFFFFFFFFFFFFFFFFFFFFFFFFFFD7
:10A99000FFFFFFFFFFFFFFFFFFFFFFFFFFFFFFFFC7
:10A9A000FFFFFFFFFFFFFFFFFFFFFFFFFFFFFFFFB7
:10A9B000FFFFFFFFFFFFFFFFFFFFFFFFFFFFFFFFA7
:10A9C000FFFFFFFFFFFFFFFFFFFFFFFFFFFFFFFF97
:10A9D000FFFFFFFFFFFFFFFFFFFFFFFFFFFFFFFF87
:10A9E000FFFFFFFFFFFFFFFFFFFFFFFFFFFFFFFF77
:10A9F000FFFFFFFFFFFFFFFFFFFFFFFFFFFFFFFF67
:10AA0000FFFFFFFFFFFFFFFFFFFFFFFFFFFFFFFF56
:10AA1000FFFFFFFFFFFFFFFFFFFFFFFFFFFFFFFF46
:10AA2000FFFFFFFFFFFFFFFFFFFFFFFFFFFFFFFF36
:10AA3000FFFFFFFFFFFFFFFFFFFFFFFFFFFFFFFF26
:10AA4000FFFFFFFFFFFFFFFFFFFFFFFFFFFFFFFF16
:10AA5000FFFFFFFFFFFFFFFFFFFFFFFFFFFFFFFF06
:10AA6000FFFFFFFFFFFFFFFFFFFFFFFFFFFFFFFFF6
:10AA7000FFFFFFFFFFFFFFFFFFFFFFFFFFFFFFFFE6
:10AA8000FFFFFFFFFFFFFFFFFFFFFFFFFFFFFFFFD6
:10AA9000FFFFFFFFFFFFFFFFFFFFFFFFFFFFFFFFC6
:10AAA000FFFFFFFFFFFFFFFFFFFFFFFFFFFFFFFFB6
:10AAB000FFFFFFFFFFFFFFFFFFFFFFFFFFFFFFFFA6
:10AAC000FFFFFFFFFFFFFFFFFFFFFFFFFFFFFFFF96
:10AAD000FFFFFFFFFFFFFFFFFFFFFFFFFFFFFFFF86
:10AAE000FFFFFFFFFFFFFFFFFFFFFFFFFFFFFFFF76
:10AAF000FFFFFFFFFFFFFFFFFFFFFFFFFFFFFFFF66
:10AB0000FFFFFFFFFFFFFFFFFFFFFFFFFFFFFFFF55
:10AB1000FFFFFFFFFFFFFFFFFFFFFFFFFFFFFFFF45
:10AB2000FFFFFFFFFFFFFFFFFFFFFFFFFFFFFFFF35
:10AB3000FFFFFFFFFFFFFFFFFFFFFFFFFFFFFFFF25
:10AB4000FFFFFFFFFFFFFFFFFFFFFFFFFFFFFFFF15
:10AB5000FFFFFFFFFFFFFFFFFFFFFFFFFFFFFFFF05
:10AB6000FFFFFFFFFFFFFFFFFFFFFFFFFFFFFFFFF5
:10AB7000FFFFFFFFFFFFFFFFFFFFFFFFFFFFFFFFE5
:10AB8000FFFFFFFFFFFFFFFFFFFFFFFFFFFFFFFFD5
:10AB9000FFFFFFFFFFFFFFFFFFFFFFFFFFFFFFFFC5
:10ABA000FFFFFFFFFFFFFFFFFFFFFFFFFFFFFFFFB5
:10ABB000FFFFFFFFFFFFFFFFFFFFFFFFFFFFFFFFA5
:10ABC000FFFFFFFFFFFFFFFFFFFFFFFFFFFFFFFF95
:10ABD000FFFFFFFFFFFFFFFFFFFFFFFFFFFFFFFF85
:10ABE000FFFFFFFFFFFFFFFFFFFFFFFFFFFFFFFF75
:10ABF000FFFFFFFFFFFFFFFFFFFFFFFFFFFFFFFF65
:10AC0000FFFFFFFFFFFFFFFFFFFFFFFFFFFFFFFF54
:10AC1000FFFFFFFFFFFFFFFFFFFFFFFFFFFFFFFF44
:10AC2000FFFFFFFFFFFFFFFFFFFFFFFFFFFFFFFF34
:10AC3000FFFFFFFFFFFFFFFFFFFFFFFFFFFFFFFF24
:10AC4000FFFFFFFFFFFFFFFFFFFFFFFFFFFFFFFF14
:10AC5000FFFFFFFFFFFFFFFFFFFFFFFFFFFFFFFF04
:10AC6000FFFFFFFFFFFFFFFFFFFFFFFFFFFFFFFFF4
:10AC7000FFFFFFFFFFFFFFFFFFFFFFFFFFFFFFFFE4
:10AC8000FFFFFFFFFFFFFFFFFFFFFFFFFFFFFFFFD4
:10AC9000FFFFFFFFFFFFFFFFFFFFFFFFFFFFFFFFC4
:10ACA000FFFFFFFFFFFFFFFFFFFFFFFFFFFFFFFFB4
:10ACB000FFFFFFFFFFFFFFFFFFFFFFFFFFFFFFFFA4
:10ACC000FFFFFFFFFFFFFFFFFFFFFFFFFFFFFFFF94
:10ACD000FFFFFFFFFFFFFFFFFFFFFFFFFFFFFFFF84
:10ACE000FFFFFFFFFFFFFFFFFFFFFFFFFFFFFFFF74
:10ACF000FFFFFFFFFFFFFFFFFFFFFFFFFFFFFFFF64
:10AD0000FFFFFFFFFFFFFFFFFFFFFFFFFFFFFFFF53
:10AD1000FFFFFFFFFFFFFFFFFFFFFFFFFFFFFFFF43
:10AD2000FFFFFFFFFFFFFFFFFFFFFFFFFFFFFFFF33
:10AD3000FFFFFFFFFFFFFFFFFFFFFFFFFFFFFFFF23
:10AD4000FFFFFFFFFFFFFFFFFFFFFFFFFFFFFFFF13
:10AD5000FFFFFFFFFFFFFFFFFFFFFFFFFFFFFFFF03
:10AD6000FFFFFFFFFFFFFFFFFFFFFFFFFFFFFFFFF3
:10AD7000FFFFFFFFFFFFFFFFFFFFFFFFFFFFFFFFE3
:10AD8000FFFFFFFFFFFFFFFFFFFFFFFFFFFFFFFFD3
:10AD9000FFFFFFFFFFFFFFFFFFFFFFFFFFFFFFFFC3
:10ADA000FFFFFFFFFFFFFFFFFFFFFFFFFFFFFFFFB3
:10ADB000FFFFFFFFFFFFFFFFFFFFFFFFFFFFFFFFA3
:10ADC000FFFFFFFFFFFFFFFFFFFFFFFFFFFFFFFF93
:10ADD000FFFFFFFFFFFFFFFFFFFFFFFFFFFFFFFF83
:10ADE000FFFFFFFFFFFFFFFFFFFFFFFFFFFFFFFF73
:10ADF000FFFFFFFFFFFFFFFFFFFFFFFFFFFFFFFF63
:10AE0000FFFFFFFFFFFFFFFFFFFFFFFFFFFFFFFF52
:10AE1000FFFFFFFFFFFFFFFFFFFFFFFFFFFFFFFF42
:10AE2000FFFFFFFFFFFFFFFFFFFFFFFFFFFFFFFF32
:10AE3000FFFFFFFFFFFFFFFFFFFFFFFFFFFFFFFF22
:10AE4000FFFFFFFFFFFFFFFFFFFFFFFFFFFFFFFF12
:10AE5000FFFFFFFFFFFFFFFFFFFFFFFFFFFFFFFF02
:10AE6000FFFFFFFFFFFFFFFFFFFFFFFFFFFFFFFFF2
:10AE7000FFFFFFFFFFFFFFFFFFFFFFFFFFFFFFFFE2
:10AE8000FFFFFFFFFFFFFFFFFFFFFFFFFFFFFFFFD2
:10AE9000FFFFFFFFFFFFFFFFFFFFFFFFFFFFFFFFC2
:10AEA000FFFFFFFFFFFFFFFFFFFFFFFFFFFFFFFFB2
:10AEB000FFFFFFFFFFFFFFFFFFFFFFFFFFFFFFFFA2
:10AEC000FFFFFFFFFFFFFFFFFFFFFFFFFFFFFFFF92
:10AED000FFFFFFFFFFFFFFFFFFFFFFFFFFFFFFFF82
:10AEE000FFFFFFFFFFFFFFFFFFFFFFFFFFFFFFFF72
:10AEF000FFFFFFFFFFFFFFFFFFFFFFFFFFFFFFFF62
:10AF0000FFFFFFFFFFFFFFFFFFFFFFFFFFFFFFFF51
:10AF1000FFFFFFFFFFFFFFFFFFFFFFFFFFFFFFFF41
:10AF2000FFFFFFFFFFFFFFFFFFFFFFFFFFFFFFFF31
:10AF3000FFFFFFFFFFFFFFFFFFFFFFFFFFFFFFFF21
:10AF4000FFFFFFFFFFFFFFFFFFFFFFFFFFFFFFFF11
:10AF5000FFFFFFFFFFFFFFFFFFFFFFFFFFFFFFFF01
:10AF6000FFFFFFFFFFFFFFFFFFFFFFFFFFFFFFFFF1
:10AF7000FFFFFFFFFFFFFFFFFFFFFFFFFFFFFFFFE1
:10AF8000FFFFFFFFFFFFFFFFFFFFFFFFFFFFFFFFD1
:10AF9000FFFFFFFFFFFFFFFFFFFFFFFFFFFFFFFFC1
:10AFA000FFFFFFFFFFFFFFFFFFFFFFFFFFFFFFFFB1
:10AFB000FFFFFFFFFFFFFFFFFFFFFFFFFFFFFFFFA1
:10AFC000FFFFFFFFFFFFFFFFFFFFFFFFFFFFFFFF91
:10AFD000FFFFFFFFFFFFFFFFFFFFFFFFFFFFFFFF81
:10AFE000FFFFFFFFFFFFFFFFFFFFFFFFFFFFFFFF71
:10AFF000FFFFFFFFFFFFFFFFFFFFFFFFFFFFFFFF61
:10B00000FFFFFFFFFFFFFFFFFFFFFFFFFFFFFFFF50
:10B01000FFFFFFFFFFFFFFFFFFFFFFFFFFFFFFFF40
:10B02000FFFFFFFFFFFFFFFFFFFFFFFFFFFFFFFF30
:10B03000FFFFFFFFFFFFFFFFFFFFFFFFFFFFFFFF20
:10B04000FFFFFFFFFFFFFFFFFFFFFFFFFFFFFFFF10
:10B05000FFFFFFFFFFFFFFFFFFFFFFFFFFFFFFFF00
:10B06000FFFFFFFFFFFFFFFFFFFFFFFFFFFFFFFFF0
:10B07000FFFFFFFFFFFFFFFFFFFFFFFFFFFFFFFFE0
:10B08000FFFFFFFFFFFFFFFFFFFFFFFFFFFFFFFFD0
:10B09000FFFFFFFFFFFFFFFFFFFFFFFFFFFFFFFFC0
:10B0A000FFFFFFFFFFFFFFFFFFFFFFFFFFFFFFFFB0
:10B0B000FFFFFFFFFFFFFFFFFFFFFFFFFFFFFFFFA0
:10B0C000FFFFFFFFFFFFFFFFFFFFFFFFFFFFFFFF90
:10B0D000FFFFFFFFFFFFFFFFFFFFFFFFFFFFFFFF80
:10B0E000FFFFFFFFFFFFFFFFFFFFFFFFFFFFFFFF70
:10B0F000FFFFFFFFFFFFFFFFFFFFFFFFFFFFFFFF60
:10B10000FFFFFFFFFFFFFFFFFFFFFFFFFFFFFFFF4F
:10B11000FFFFFFFFFFFFFFFFFFFFFFFFFFFFFFFF3F
:10B12000FFFFFFFFFFFFFFFFFFFFFFFFFFFFFFFF2F
:10B13000FFFFFFFFFFFFFFFFFFFFFFFFFFFFFFFF1F
:10B14000FFFFFFFFFFFFFFFFFFFFFFFFFFFFFFFF0F
:10B15000FFFFFFFFFFFFFFFFFFFFFFFFFFFFFFFFFF
:10B16000FFFFFFFFFFFFFFFFFFFFFFFFFFFFFFFFEF
:10B17000FFFFFFFFFFFFFFFFFFFFFFFFFFFFFFFFDF
:10B18000FFFFFFFFFFFFFFFFFFFFFFFFFFFFFFFFCF
:10B19000FFFFFFFFFFFFFFFFFFFFFFFFFFFFFFFFBF
:10B1A000FFFFFFFFFFFFFFFFFFFFFFFFFFFFFFFFAF
:10B1B000FFFFFFFFFFFFFFFFFFFFFFFFFFFFFFFF9F
:10B1C000FFFFFFFFFFFFFFFFFFFFFFFFFFFFFFFF8F
:10B1D000FFFFFFFFFFFFFFFFFFFFFFFFFFFFFFFF7F
:10B1E000FFFFFFFFFFFFFFFFFFFFFFFFFFFFFFFF6F
:10B1F000FFFFFFFFFFFFFFFFFFFFFFFFFFFFFFFF5F
:10B20000FFFFFFFFFFFFFFFFFFFFFFFFFFFFFFFF4E
:10B21000FFFFFFFFFFFFFFFFFFFFFFFFFFFFFFFF3E
:10B22000FFFFFFFFFFFFFFFFFFFFFFFFFFFFFFFF2E
:10B23000FFFFFFFFFFFFFFFFFFFFFFFFFFFFFFFF1E
:10B24000FFFFFFFFFFFFFFFFFFFFFFFFFFFFFFFF0E
:10B25000FFFFFFFFFFFFFFFFFFFFFFFFFFFFFFFFFE
:10B26000FFFFFFFFFFFFFFFFFFFFFFFFFFFFFFFFEE
:10B27000FFFFFFFFFFFFFFFFFFFFFFFFFFFFFFFFDE
:10B28000FFFFFFFFFFFFFFFFFFFFFFFFFFFFFFFFCE
:10B29000FFFFFFFFFFFFFFFFFFFFFFFFFFFFFFFFBE
:10B2A000FFFFFFFFFFFFFFFFFFFFFFFFFFFFFFFFAE
:10B2B000FFFFFFFFFFFFFFFFFFFFFFFFFFFFFFFF9E
:10B2C000FFFFFFFFFFFFFFFFFFFFFFFFFFFFFFFF8E
:10B2D000FFFFFFFFFFFFFFFFFFFFFFFFFFFFFFFF7E
:10B2E000FFFFFFFFFFFFFFFFFFFFFFFFFFFFFFFF6E
:10B2F000FFFFFFFFFFFFFFFFFFFFFFFFFFFFFFFF5E
:10B30000FFFFFFFFFFFFFFFFFFFFFFFFFFFFFFFF4D
:10B31000FFFFFFFFFFFFFFFFFFFFFFFFFFFFFFFF3D
:10B32000FFFFFFFFFFFFFFFFFFFFFFFFFFFFFFFF2D
:10B33000FFFFFFFFFFFFFFFFFFFFFFFFFFFFFFFF1D
:10B34000FFFFFFFFFFFFFFFFFFFFFFFFFFFFFFFF0D
:10B35000FFFFFFFFFFFFFFFFFFFFFFFFFFFFFFFFFD
:10B36000FFFFFFFFFFFFFFFFFFFFFFFFFFFFFFFFED
:10B37000FFFFFFFFFFFFFFFFFFFFFFFFFFFFFFFFDD
:10B38000FFFFFFFFFFFFFFFFFFFFFFFFFFFFFFFFCD
:10B39000FFFFFFFFFFFFFFFFFFFFFFFFFFFFFFFFBD
:10B3A000FFFFFFFFFFFFFFFFFFFFFFFFFFFFFFFFAD
:10B3B000FFFFFFFFFFFFFFFFFFFFFFFFFFFFFFFF9D
:10B3C000FFFFFFFFFFFFFFFFFFFFFFFFFFFFFFFF8D
:10B3D000FFFFFFFFFFFFFFFFFFFFFFFFFFFFFFFF7D
:10B3E000FFFFFFFFFFFFFFFFFFFFFFFFFFFFFFFF6D
:10B3F000FFFFFFFFFFFFFFFFFFFFFFFFFFFFFFFF5D
:10B40000FFFFFFFFFFFFFFFFFFFFFFFFFFFFFFFF4C
:10B41000FFFFFFFFFFFFFFFFFFFFFFFFFFFFFFFF3C
:10B42000FFFFFFFFFFFFFFFFFFFFFFFFFFFFFFFF2C
:10B43000FFFFFFFFFFFFFFFFFFFFFFFFFFFFFFFF1C
:10B44000FFFFFFFFFFFFFFFFFFFFFFFFFFFFFFFF0C
:10B45000FFFFFFFFFFFFFFFFFFFFFFFFFFFFFFFFFC
:10B46000FFFFFFFFFFFFFFFFFFFFFFFFFFFFFFFFEC
:10B47000FFFFFFFFFFFFFFFFFFFFFFFFFFFFFFFFDC
:10B48000FFFFFFFFFFFFFFFFFFFFFFFFFFFFFFFFCC
:10B49000FFFFFFFFFFFFFFFFFFFFFFFFFFFFFFFFBC
:10B4A000FFFFFFFFFFFFFFFFFFFFFFFFFFFFFFFFAC
:10B4B000FFFFFFFFFFFFFFFFFFFFFFFFFFFFFFFF9C
:10B4C000FFFFFFFFFFFFFFFFFFFFFFFFFFFFFFFF8C
:10B4D000FFFFFFFFFFFFFFFFFFFFFFFFFFFFFFFF7C
:10B4E000FFFFFFFFFFFFFFFFFFFFFFFFFFFFFFFF6C
:10B4F000FFFFFFFFFFFFFFFFFFFFFFFFFFFFFFFF5C
:10B50000FFFFFFFFFFFFFFFFFFFFFFFFFFFFFFFF4B
:10B51000FFFFFFFFFFFFFFFFFFFFFFFFFFFFFFFF3B
:10B52000FFFFFFFFFFFFFFFFFFFFFFFFFFFFFFFF2B
:10B53000FFFFFFFFFFFFFFFFFFFFFFFFFFFFFFFF1B
:10B54000FFFFFFFFFFFFFFFFFFFFFFFFFFFFFFFF0B
:10B55000FFFFFFFFFFFFFFFFFFFFFFFFFFFFFFFFFB
:10B56000FFFFFFFFFFFFFFFFFFFFFFFFFFFFFFFFEB
:10B57000FFFFFFFFFFFFFFFFFFFFFFFFFFFFFFFFDB
:10B58000FFFFFFFFFFFFFFFFFFFFFFFFFFFFFFFFCB
:10B59000FFFFFFFFFFFFFFFFFFFFFFFFFFFFFFFFBB
:10B5A000FFFFFFFFFFFFFFFFFFFFFFFFFFFFFFFFAB
:10B5B000FFFFFFFFFFFFFFFFFFFFFFFFFFFFFFFF9B
:10B5C000FFFFFFFFFFFFFFFFFFFFFFFFFFFFFFFF8B
:10B5D000FFFFFFFFFFFFFFFFFFFFFFFFFFFFFFFF7B
:10B5E000FFFFFFFFFFFFFFFFFFFFFFFFFFFFFFFF6B
:10B5F000FFFFFFFFFFFFFFFFFFFFFFFFFFFFFFFF5B
:10B60000FFFFFFFFFFFFFFFFFFFFFFFFFFFFFFFF4A
:10B61000FFFFFFFFFFFFFFFFFFFFFFFFFFFFFFFF3A
:10B62000FFFFFFFFFFFFFFFFFFFFFFFFFFFFFFFF2A
:10B63000FFFFFFFFFFFFFFFFFFFFFFFFFFFFFFFF1A
:10B64000FFFFFFFFFFFFFFFFFFFFFFFFFFFFFFFF0A
:10B65000FFFFFFFFFFFFFFFFFFFFFFFFFFFFFFFFFA
:10B66000FFFFFFFFFFFFFFFFFFFFFFFFFFFFFFFFEA
:10B67000FFFFFFFFFFFFFFFFFFFFFFFFFFFFFFFFDA
:10B68000FFFFFFFFFFFFFFFFFFFFFFFFFFFFFFFFCA
:10B69000FFFFFFFFFFFFFFFFFFFFFFFFFFFFFFFFBA
:10B6A000FFFFFFFFFFFFFFFFFFFFFFFFFFFFFFFFAA
:10B6B000FFFFFFFFFFFFFFFFFFFFFFFFFFFFFFFF9A
:10B6C000FFFFFFFFFFFFFFFFFFFFFFFFFFFFFFFF8A
:10B6D000FFFFFFFFFFFFFFFFFFFFFFFFFFFFFFFF7A
:10B6E000FFFFFFFFFFFFFFFFFFFFFFFFFFFFFFFF6A
:10B6F000FFFFFFFFFFFFFFFFFFFFFFFFFFFFFFFF5A
:10B70000FFFFFFFFFFFFFFFFFFFFFFFFFFFFFFFF49
:10B71000FFFFFFFFFFFFFFFFFFFFFFFFFFFFFFFF39
:10B72000FFFFFFFFFFFFFFFFFFFFFFFFFFFFFFFF29
:10B73000FFFFFFFFFFFFFFFFFFFFFFFFFFFFFFFF19
:10B74000FFFFFFFFFFFFFFFFFFFFFFFFFFFFFFFF09
:10B75000FFFFFFFFFFFFFFFFFFFFFFFFFFFFFFFFF9
:10B76000FFFFFFFFFFFFFFFFFFFFFFFFFFFFFFFFE9
:10B77000FFFFFFFFFFFFFFFFFFFFFFFFFFFFFFFFD9
:10B78000FFFFFFFFFFFFFFFFFFFFFFFFFFFFFFFFC9
:10B79000FFFFFFFFFFFFFFFFFFFFFFFFFFFFFFFFB9
:10B7A000FFFFFFFFFFFFFFFFFFFFFFFFFFFFFFFFA9
:10B7B000FFFFFFFFFFFFFFFFFFFFFFFFFFFFFFFF99
:10B7C000FFFFFFFFFFFFFFFFFFFFFFFFFFFFFFFF89
:10B7D000FFFFFFFFFFFFFFFFFFFFFFFFFFFFFFFF79
:10B7E000FFFFFFFFFFFFFFFFFFFFFFFFFFFFFFFF69
:10B7F000FFFFFFFFFFFFFFFFFFFFFFFFFFFFFFFF59
:10B80000FFFFFFFFFFFFFFFFFFFFFFFFFFFFFFFF48
:10B81000FFFFFFFFFFFFFFFFFFFFFFFFFFFFFFFF38
:10B82000FFFFFFFFFFFFFFFFFFFFFFFFFFFFFFFF28
:10B83000FFFFFFFFFFFFFFFFFFFFFFFFFFFFFFFF18
:10B84000FFFFFFFFFFFFFFFFFFFFFFFFFFFFFFFF08
:10B85000FFFFFFFFFFFFFFFFFFFFFFFFFFFFFFFFF8
:10B86000FFFFFFFFFFFFFFFFFFFFFFFFFFFFFFFFE8
:10B87000FFFFFFFFFFFFFFFFFFFFFFFFFFFFFFFFD8
:10B88000FFFFFFFFFFFFFFFFFFFFFFFFFFFFFFFFC8
:10B89000FFFFFFFFFFFFFFFFFFFFFFFFFFFFFFFFB8
:10B8A000FFFFFFFFFFFFFFFFFFFFFFFFFFFFFFFFA8
:10B8B000FFFFFFFFFFFFFFFFFFFFFFFFFFFFFFFF98
:10B8C000FFFFFFFFFFFFFFFFFFFFFFFFFFFFFFFF88
:10B8D000FFFFFFFFFFFFFFFFFFFFFFFFFFFFFFFF78
:10B8E000FFFFFFFFFFFFFFFFFFFFFFFFFFFFFFFF68
:10B8F000FFFFFFFFFFFFFFFFFFFFFFFFFFFFFFFF58
:10B90000FFFFFFFFFFFFFFFFFFFFFFFFFFFFFFFF47
:10B91000FFFFFFFFFFFFFFFFFFFFFFFFFFFFFFFF37
:10B92000FFFFFFFFFFFFFFFFFFFFFFFFFFFFFFFF27
:10B93000FFFFFFFFFFFFFFFFFFFFFFFFFFFFFFFF17
:10B94000FFFFFFFFFFFFFFFFFFFFFFFFFFFFFFFF07
:10B95000FFFFFFFFFFFFFFFFFFFFFFFFFFFFFFFFF7
:10B96000FFFFFFFFFFFFFFFFFFFFFFFFFFFFFFFFE7
:10B97000FFFFFFFFFFFFFFFFFFFFFFFFFFFFFFFFD7
:10B98000FFFFFFFFFFFFFFFFFFFFFFFFFFFFFFFFC7
:10B99000FFFFFFFFFFFFFFFFFFFFFFFFFFFFFFFFB7
:10B9A000FFFFFFFFFFFFFFFFFFFFFFFFFFFFFFFFA7
:10B9B000FFFFFFFFFFFFFFFFFFFFFFFFFFFFFFFF97
:10B9C000FFFFFFFFFFFFFFFFFFFFFFFFFFFFFFFF87
:10B9D000FFFFFFFFFFFFFFFFFFFFFFFFFFFFFFFF77
:10B9E000FFFFFFFFFFFFFFFFFFFFFFFFFFFFFFFF67
:10B9F000FFFFFFFFFFFFFFFFFFFFFFFFFFFFFFFF57
:10BA0000FFFFFFFFFFFFFFFFFFFFFFFFFFFFFFFF46
:10BA1000FFFFFFFFFFFFFFFFFFFFFFFFFFFFFFFF36
:10BA2000FFFFFFFFFFFFFFFFFFFFFFFFFFFFFFFF26
:10BA3000FFFFFFFFFFFFFFFFFFFFFFFFFFFFFFFF16
:10BA4000FFFFFFFFFFFFFFFFFFFFFFFFFFFFFFFF06
:10BA5000FFFFFFFFFFFFFFFFFFFFFFFFFFFFFFFFF6
:10BA6000FFFFFFFFFFFFFFFFFFFFFFFFFFFFFFFFE6
:10BA7000FFFFFFFFFFFFFFFFFFFFFFFFFFFFFFFFD6
:10BA8000FFFFFFFFFFFFFFFFFFFFFFFFFFFFFFFFC6
:10BA9000FFFFFFFFFFFFFFFFFFFFFFFFFFFFFFFFB6
:10BAA000FFFFFFFFFFFFFFFFFFFFFFFFFFFFFFFFA6
:10BAB000FFFFFFFFFFFFFFFFFFFFFFFFFFFFFFFF96
:10BAC000FFFFFFFFFFFFFFFFFFFFFFFFFFFFFFFF86
:10BAD000FFFFFFFFFFFFFFFFFFFFFFFFFFFFFFFF76
:10BAE000FFFFFFFFFFFFFFFFFFFFFFFFFFFFFFFF66
:10BAF000FFFFFFFFFFFFFFFFFFFFFFFFFFFFFFFF56
:10BB0000FFFFFFFFFFFFFFFFFFFFFFFFFFFFFFFF45
:10BB1000FFFFFFFFFFFFFFFFFFFFFFFFFFFFFFFF35
:10BB2000FFFFFFFFFFFFFFFFFFFFFFFFFFFFFFFF25
:10BB3000FFFFFFFFFFFFFFFFFFFFFFFFFFFFFFFF15
:10BB4000FFFFFFFFFFFFFFFFFFFFFFFFFFFFFFFF05
:10BB5000FFFFFFFFFFFFFFFFFFFFFFFFFFFFFFFFF5
:10BB6000FFFFFFFFFFFFFFFFFFFFFFFFFFFFFFFFE5
:10BB7000FFFFFFFFFFFFFFFFFFFFFFFFFFFFFFFFD5
:10BB8000FFFFFFFFFFFFFFFFFFFFFFFFFFFFFFFFC5
:10BB9000FFFFFFFFFFFFFFFFFFFFFFFFFFFFFFFFB5
:10BBA000FFFFFFFFFFFFFFFFFFFFFFFFFFFFFFFFA5
:10BBB000FFFFFFFFFFFFFFFFFFFFFFFFFFFFFFFF95
:10BBC000FFFFFFFFFFFFFFFFFFFFFFFFFFFFFFFF85
:10BBD000FFFFFFFFFFFFFFFFFFFFFFFFFFFFFFFF75
:10BBE000FFFFFFFFFFFFFFFFFFFFFFFFFFFFFFFF65
:10BBF000FFFFFFFFFFFFFFFFFFFFFFFFFFFFFFFF55
:10BC0000FFFFFFFFFFFFFFFFFFFFFFFFFFFFFFFF44
:10BC1000FFFFFFFFFFFFFFFFFFFFFFFFFFFFFFFF34
:10BC2000FFFFFFFFFFFFFFFFFFFFFFFFFFFFFFFF24
:10BC3000FFFFFFFFFFFFFFFFFFFFFFFFFFFFFFFF14
:10BC4000FFFFFFFFFFFFFFFFFFFFFFFFFFFFFFFF04
:10BC5000FFFFFFFFFFFFFFFFFFFFFFFFFFFFFFFFF4
:10BC6000FFFFFFFFFFFFFFFFFFFFFFFFFFFFFFFFE4
:10BC7000FFFFFFFFFFFFFFFFFFFFFFFFFFFFFFFFD4
:10BC8000FFFFFFFFFFFFFFFFFFFFFFFFFFFFFFFFC4
:10BC9000FFFFFFFFFFFFFFFFFFFFFFFFFFFFFFFFB4
:10BCA000FFFFFFFFFFFFFFFFFFFFFFFFFFFFFFFFA4
:10BCB000FFFFFFFFFFFFFFFFFFFFFFFFFFFFFFFF94
:10BCC000FFFFFFFFFFFFFFFFFFFFFFFFFFFFFFFF84
:10BCD000FFFFFFFFFFFFFFFFFFFFFFFFFFFFFFFF74
:10BCE000FFFFFFFFFFFFFFFFFFFFFFFFFFFFFFFF64
:10BCF000FFFFFFFFFFFFFFFFFFFFFFFFFFFFFFFF54
:10BD0000FFFFFFFFFFFFFFFFFFFFFFFFFFFFFFFF43
:10BD1000FFFFFFFFFFFFFFFFFFFFFFFFFFFFFFFF33
:10BD2000FFFFFFFFFFFFFFFFFFFFFFFFFFFFFFFF23
:10BD3000FFFFFFFFFFFFFFFFFFFFFFFFFFFFFFFF13
:10BD4000FFFFFFFFFFFFFFFFFFFFFFFFFFFFFFFF03
:10BD5000FFFFFFFFFFFFFFFFFFFFFFFFFFFFFFFFF3
:10BD6000FFFFFFFFFFFFFFFFFFFFFFFFFFFFFFFFE3
:10BD7000FFFFFFFFFFFFFFFFFFFFFFFFFFFFFFFFD3
:10BD8000FFFFFFFFFFFFFFFFFFFFFFFFFFFFFFFFC3
:10BD9000FFFFFFFFFFFFFFFFFFFFFFFFFFFFFFFFB3
:10BDA000FFFFFFFFFFFFFFFFFFFFFFFFFFFFFFFFA3
:10BDB000FFFFFFFFFFFFFFFFFFFFFFFFFFFFFFFF93
:10BDC000FFFFFFFFFFFFFFFFFFFFFFFFFFFFFFFF83
:10BDD000FFFFFFFFFFFFFFFFFFFFFFFFFFFFFFFF73
:10BDE000FFFFFFFFFFFFFFFFFFFFFFFFFFFFFFFF63
:10BDF000FFFFFFFFFFFFFFFFFFFFFFFFFFFFFFFF53
:10BE0000FFFFFFFFFFFFFFFFFFFFFFFFFFFFFFFF42
:10BE1000FFFFFFFFFFFFFFFFFFFFFFFFFFFFFFFF32
:10BE2000FFFFFFFFFFFFFFFFFFFFFFFFFFFFFFFF22
:10BE3000FFFFFFFFFFFFFFFFFFFFFFFFFFFFFFFF12
:10BE4000FFFFFFFFFFFFFFFFFFFFFFFFFFFFFFFF02
:10BE5000FFFFFFFFFFFFFFFFFFFFFFFFFFFFFFFFF2
:10BE6000FFFFFFFFFFFFFFFFFFFFFFFFFFFFFFFFE2
:10BE7000FFFFFFFFFFFFFFFFFFFFFFFFFFFFFFFFD2
:10BE8000FFFFFFFFFFFFFFFFFFFFFFFFFFFFFFFFC2
:10BE9000FFFFFFFFFFFFFFFFFFFFFFFFFFFFFFFFB2
:10BEA000FFFFFFFFFFFFFFFFFFFFFFFFFFFFFFFFA2
:10BEB000FFFFFFFFFFFFFFFFFFFFFFFFFFFFFFFF92
:10BEC000FFFFFFFFFFFFFFFFFFFFFFFFFFFFFFFF82
:10BED000FFFFFFFFFFFFFFFFFFFFFFFFFFFFFFFF72
:10BEE000FFFFFFFFFFFFFFFFFFFFFFFFFFFFFFFF62
:10BEF000FFFFFFFFFFFFFFFFFFFFFFFFFFFFFFFF52
:10BF0000FFFFFFFFFFFFFFFFFFFFFFFFFFFFFFFF41
:10BF1000FFFFFFFFFFFFFFFFFFFFFFFFFFFFFFFF31
:10BF2000FFFFFFFFFFFFFFFFFFFFFFFFFFFFFFFF21
:10BF3000FFFFFFFFFFFFFFFFFFFFFFFFFFFFFFFF11
:10BF4000FFFFFFFFFFFFFFFFFFFFFFFFFFFFFFFF01
:10BF5000FFFFFFFFFFFFFFFFFFFFFFFFFFFFFFFFF1
:10BF6000FFFFFFFFFFFFFFFFFFFFFFFFFFFFFFFFE1
:10BF7000FFFFFFFFFFFFFFFFFFFFFFFFFFFFFFFFD1
:10BF8000FFFFFFFFFFFFFFFFFFFFFFFFFFFFFFFFC1
:10BF9000FFFFFFFFFFFFFFFFFFFFFFFFFFFFFFFFB1
:10BFA000FFFFFFFFFFFFFFFFFFFFFFFFFFFFFFFFA1
:10BFB000FFFFFFFFFFFFFFFFFFFFFFFFFFFFFFFF91
:10BFC000FFFFFFFFFFFFFFFFFFFFFFFFFFFFFFFF81
:10BFD000FFFFFFFFFFFFFFFFFFFFFFFFFFFFFFFF71
:10BFE000FFFFFFFFFFFFFFFFFFFFFFFFFFFFFFFF61
:10BFF000FFFFFFFFFFFFFFFFFFFFFFFFFFFFFFFF51
:10C00000FFFFFFFFFFFFFFFFFFFFFFFFFFFFFFFF40
:10C01000FFFFFFFFFFFFFFFFFFFFFFFFFFFFFFFF30
:10C02000FFFFFFFFFFFFFFFFFFFFFFFFFFFFFFFF20
:10C03000FFFFFFFFFFFFFFFFFFFFFFFFFFFFFFFF10
:10C04000FFFFFFFFFFFFFFFFFFFFFFFFFFFFFFFF00
:10C05000FFFFFFFFFFFFFFFFFFFFFFFFFFFFFFFFF0
:10C06000FFFFFFFFFFFFFFFFFFFFFFFFFFFFFFFFE0
:10C07000FFFFFFFFFFFFFFFFFFFFFFFFFFFFFFFFD0
:10C08000FFFFFFFFFFFFFFFFFFFFFFFFFFFFFFFFC0
:10C09000FFFFFFFFFFFFFFFFFFFFFFFFFFFFFFFFB0
:10C0A000FFFFFFFFFFFFFFFFFFFFFFFFFFFFFFFFA0
:10C0B000FFFFFFFFFFFFFFFFFFFFFFFFFFFFFFFF90
:10C0C000FFFFFFFFFFFFFFFFFFFFFFFFFFFFFFFF80
:10C0D000FFFFFFFFFFFFFFFFFFFFFFFFFFFFFFFF70
:10C0E000FFFFFFFFFFFFFFFFFFFFFFFFFFFFFFFF60
:10C0F000FFFFFFFFFFFFFFFFFFFFFFFFFFFFFFFF50
:10C10000FFFFFFFFFFFFFFFFFFFFFFFFFFFFFFFF3F
:10C11000FFFFFFFFFFFFFFFFFFFFFFFFFFFFFFFF2F
:10C12000FFFFFFFFFFFFFFFFFFFFFFFFFFFFFFFF1F
:10C13000FFFFFFFFFFFFFFFFFFFFFFFFFFFFFFFF0F
:10C14000FFFFFFFFFFFFFFFFFFFFFFFFFFFFFFFFFF
:10C15000FFFFFFFFFFFFFFFFFFFFFFFFFFFFFFFFEF
:10C16000FFFFFFFFFFFFFFFFFFFFFFFFFFFFFFFFDF
:10C17000FFFFFFFFFFFFFFFFFFFFFFFFFFFFFFFFCF
:10C18000FFFFFFFFFFFFFFFFFFFFFFFFFFFFFFFFBF
:10C19000FFFFFFFFFFFFFFFFFFFFFFFFFFFFFFFFAF
:10C1A000FFFFFFFFFFFFFFFFFFFFFFFFFFFFFFFF9F
:10C1B000FFFFFFFFFFFFFFFFFFFFFFFFFFFFFFFF8F
:10C1C000FFFFFFFFFFFFFFFFFFFFFFFFFFFFFFFF7F
:10C1D000FFFFFFFFFFFFFFFFFFFFFFFFFFFFFFFF6F
:10C1E000FFFFFFFFFFFFFFFFFFFFFFFFFFFFFFFF5F
:10C1F000FFFFFFFFFFFFFFFFFFFFFFFFFFFFFFFF4F
:10C20000FFFFFFFFFFFFFFFFFFFFFFFFFFFFFFFF3E
:10C21000FFFFFFFFFFFFFFFFFFFFFFFFFFFFFFFF2E
:10C22000FFFFFFFFFFFFFFFFFFFFFFFFFFFFFFFF1E
:10C23000FFFFFFFFFFFFFFFFFFFFFFFFFFFFFFFF0E
:10C24000FFFFFFFFFFFFFFFFFFFFFFFFFFFFFFFFFE
:10C25000FFFFFFFFFFFFFFFFFFFFFFFFFFFFFFFFEE
:10C26000FFFFFFFFFFFFFFFFFFFFFFFFFFFFFFFFDE
:10C27000FFFFFFFFFFFFFFFFFFFFFFFFFFFFFFFFCE
:10C28000FFFFFFFFFFFFFFFFFFFFFFFFFFFFFFFFBE
:10C29000FFFFFFFFFFFFFFFFFFFFFFFFFFFFFFFFAE
:10C2A000FFFFFFFFFFFFFFFFFFFFFFFFFFFFFFFF9E
:10C2B000FFFFFFFFFFFFFFFFFFFFFFFFFFFFFFFF8E
:10C2C000FFFFFFFFFFFFFFFFFFFFFFFFFFFFFFFF7E
:10C2D000FFFFFFFFFFFFFFFFFFFFFFFFFFFFFFFF6E
:10C2E000FFFFFFFFFFFFFFFFFFFFFFFFFFFFFFFF5E
:10C2F000FFFFFFFFFFFFFFFFFFFFFFFFFFFFFFFF4E
:10C30000FFFFFFFFFFFFFFFFFFFFFFFFFFFFFFFF3D
:10C31000FFFFFFFFFFFFFFFFFFFFFFFFFFFFFFFF2D
:10C32000FFFFFFFFFFFFFFFFFFFFFFFFFFFFFFFF1D
:10C33000FFFFFFFFFFFFFFFFFFFFFFFFFFFFFFFF0D
:10C34000FFFFFFFFFFFFFFFFFFFFFFFFFFFFFFFFFD
:10C35000FFFFFFFFFFFFFFFFFFFFFFFFFFFFFFFFED
:10C36000FFFFFFFFFFFFFFFFFFFFFFFFFFFFFFFFDD
:10C37000FFFFFFFFFFFFFFFFFFFFFFFFFFFFFFFFCD
:10C38000FFFFFFFFFFFFFFFFFFFFFFFFFFFFFFFFBD
:10C39000FFFFFFFFFFFFFFFFFFFFFFFFFFFFFFFFAD
:10C3A000FFFFFFFFFFFFFFFFFFFFFFFFFFFFFFFF9D
:10C3B000FFFFFFFFFFFFFFFFFFFFFFFFFFFFFFFF8D
:10C3C000FFFFFFFFFFFFFFFFFFFFFFFFFFFFFFFF7D
:10C3D000FFFFFFFFFFFFFFFFFFFFFFFFFFFFFFFF6D
:10C3E000FFFFFFFFFFFFFFFFFFFFFFFFFFFFFFFF5D
:10C3F000FFFFFFFFFFFFFFFFFFFFFFFFFFFFFFFF4D
:10C40000FFFFFFFFFFFFFFFFFFFFFFFFFFFFFFFF3C
:10C41000FFFFFFFFFFFFFFFFFFFFFFFFFFFFFFFF2C
:10C42000FFFFFFFFFFFFFFFFFFFFFFFFFFFFFFFF1C
:10C43000FFFFFFFFFFFFFFFFFFFFFFFFFFFFFFFF0C
:10C44000FFFFFFFFFFFFFFFFFFFFFFFFFFFFFFFFFC
:10C45000FFFFFFFFFFFFFFFFFFFFFFFFFFFFFFFFEC
:10C46000FFFFFFFFFFFFFFFFFFFFFFFFFFFFFFFFDC
:10C47000FFFFFFFFFFFFFFFFFFFFFFFFFFFFFFFFCC
:10C48000FFFFFFFFFFFFFFFFFFFFFFFFFFFFFFFFBC
:10C49000FFFFFFFFFFFFFFFFFFFFFFFFFFFFFFFFAC
:10C4A000FFFFFFFFFFFFFFFFFFFFFFFFFFFFFFFF9C
:10C4B000FFFFFFFFFFFFFFFFFFFFFFFFFFFFFFFF8C
:10C4C000FFFFFFFFFFFFFFFFFFFFFFFFFFFFFFFF7C
:10C4D000FFFFFFFFFFFFFFFFFFFFFFFFFFFFFFFF6C
:10C4E000FFFFFFFFFFFFFFFFFFFFFFFFFFFFFFFF5C
:10C4F000FFFFFFFFFFFFFFFFFFFFFFFFFFFFFFFF4C
:10C50000FFFFFFFFFFFFFFFFFFFFFFFFFFFFFFFF3B
:10C51000FFFFFFFFFFFFFFFFFFFFFFFFFFFFFFFF2B
:10C52000FFFFFFFFFFFFFFFFFFFFFFFFFFFFFFFF1B
:10C53000FFFFFFFFFFFFFFFFFFFFFFFFFFFFFFFF0B
:10C54000FFFFFFFFFFFFFFFFFFFFFFFFFFFFFFFFFB
:10C55000FFFFFFFFFFFFFFFFFFFFFFFFFFFFFFFFEB
:10C56000FFFFFFFFFFFFFFFFFFFFFFFFFFFFFFFFDB
:10C57000FFFFFFFFFFFFFFFFFFFFFFFFFFFFFFFFCB
:10C58000FFFFFFFFFFFFFFFFFFFFFFFFFFFFFFFFBB
:10C59000FFFFFFFFFFFFFFFFFFFFFFFFFFFFFFFFAB
:10C5A000FFFFFFFFFFFFFFFFFFFFFFFFFFFFFFFF9B
:10C5B000FFFFFFFFFFFFFFFFFFFFFFFFFFFFFFFF8B
:10C5C000FFFFFFFFFFFFFFFFFFFFFFFFFFFFFFFF7B
:10C5D000FFFFFFFFFFFFFFFFFFFFFFFFFFFFFFFF6B
:10C5E000FFFFFFFFFFFFFFFFFFFFFFFFFFFFFFFF5B
:10C5F000FFFFFFFFFFFFFFFFFFFFFFFFFFFFFFFF4B
:10C60000FFFFFFFFFFFFFFFFFFFFFFFFFFFFFFFF3A
:10C61000FFFFFFFFFFFFFFFFFFFFFFFFFFFFFFFF2A
:10C62000FFFFFFFFFFFFFFFFFFFFFFFFFFFFFFFF1A
:10C63000FFFFFFFFFFFFFFFFFFFFFFFFFFFFFFFF0A
:10C64000FFFFFFFFFFFFFFFFFFFFFFFFFFFFFFFFFA
:10C65000FFFFFFFFFFFFFFFFFFFFFFFFFFFFFFFFEA
:10C66000FFFFFFFFFFFFFFFFFFFFFFFFFFFFFFFFDA
:10C67000FFFFFFFFFFFFFFFFFFFFFFFFFFFFFFFFCA
:10C68000FFFFFFFFFFFFFFFFFFFFFFFFFFFFFFFFBA
:10C69000FFFFFFFFFFFFFFFFFFFFFFFFFFFFFFFFAA
:10C6A000FFFFFFFFFFFFFFFFFFFFFFFFFFFFFFFF9A
:10C6B000FFFFFFFFFFFFFFFFFFFFFFFFFFFFFFFF8A
:10C6C000FFFFFFFFFFFFFFFFFFFFFFFFFFFFFFFF7A
:10C6D000FFFFFFFFFFFFFFFFFFFFFFFFFFFFFFFF6A
:10C6E000FFFFFFFFFFFFFFFFFFFFFFFFFFFFFFFF5A
:10C6F000FFFFFFFFFFFFFFFFFFFFFFFFFFFFFFFF4A
:10C70000FFFFFFFFFFFFFFFFFFFFFFFFFFFFFFFF39
:10C71000FFFFFFFFFFFFFFFFFFFFFFFFFFFFFFFF29
:10C72000FFFFFFFFFFFFFFFFFFFFFFFFFFFFFFFF19
:10C73000FFFFFFFFFFFFFFFFFFFFFFFFFFFFFFFF09
:10C74000FFFFFFFFFFFFFFFFFFFFFFFFFFFFFFFFF9
:10C75000FFFFFFFFFFFFFFFFFFFFFFFFFFFFFFFFE9
:10C76000FFFFFFFFFFFFFFFFFFFFFFFFFFFFFFFFD9
:10C77000FFFFFFFFFFFFFFFFFFFFFFFFFFFFFFFFC9
:10C78000FFFFFFFFFFFFFFFFFFFFFFFFFFFFFFFFB9
:10C79000FFFFFFFFFFFFFFFFFFFFFFFFFFFFFFFFA9
:10C7A000FFFFFFFFFFFFFFFFFFFFFFFFFFFFFFFF99
:10C7B000FFFFFFFFFFFFFFFFFFFFFFFFFFFFFFFF89
:10C7C000FFFFFFFFFFFFFFFFFFFFFFFFFFFFFFFF79
:10C7D000FFFFFFFFFFFFFFFFFFFFFFFFFFFFFFFF69
:10C7E000FFFFFFFFFFFFFFFFFFFFFFFFFFFFFFFF59
:10C7F000FFFFFFFFFFFFFFFFFFFFFFFFFFFFFFFF49
:10C80000FFFFFFFFFFFFFFFFFFFFFFFFFFFFFFFF38
:10C81000FFFFFFFFFFFFFFFFFFFFFFFFFFFFFFFF28
:10C82000FFFFFFFFFFFFFFFFFFFFFFFFFFFFFFFF18
:10C83000FFFFFFFFFFFFFFFFFFFFFFFFFFFFFFFF08
:10C84000FFFFFFFFFFFFFFFFFFFFFFFFFFFFFFFFF8
:10C85000FFFFFFFFFFFFFFFFFFFFFFFFFFFFFFFFE8
:10C86000FFFFFFFFFFFFFFFFFFFFFFFFFFFFFFFFD8
:10C87000FFFFFFFFFFFFFFFFFFFFFFFFFFFFFFFFC8
:10C88000FFFFFFFFFFFFFFFFFFFFFFFFFFFFFFFFB8
:10C89000FFFFFFFFFFFFFFFFFFFFFFFFFFFFFFFFA8
:10C8A000FFFFFFFFFFFFFFFFFFFFFFFFFFFFFFFF98
:10C8B000FFFFFFFFFFFFFFFFFFFFFFFFFFFFFFFF88
:10C8C000FFFFFFFFFFFFFFFFFFFFFFFFFFFFFFFF78
:10C8D000FFFFFFFFFFFFFFFFFFFFFFFFFFFFFFFF68
:10C8E000FFFFFFFFFFFFFFFFFFFFFFFFFFFFFFFF58
:10C8F000FFFFFFFFFFFFFFFFFFFFFFFFFFFFFFFF48
:10C90000FFFFFFFFFFFFFFFFFFFFFFFFFFFFFFFF37
:10C91000FFFFFFFFFFFFFFFFFFFFFFFFFFFFFFFF27
:10C92000FFFFFFFFFFFFFFFFFFFFFFFFFFFFFFFF17
:10C93000FFFFFFFFFFFFFFFFFFFFFFFFFFFFFFFF07
:10C94000FFFFFFFFFFFFFFFFFFFFFFFFFFFFFFFFF7
:10C95000FFFFFFFFFFFFFFFFFFFFFFFFFFFFFFFFE7
:10C96000FFFFFFFFFFFFFFFFFFFFFFFFFFFFFFFFD7
:10C97000FFFFFFFFFFFFFFFFFFFFFFFFFFFFFFFFC7
:10C98000FFFFFFFFFFFFFFFFFFFFFFFFFFFFFFFFB7
:10C99000FFFFFFFFFFFFFFFFFFFFFFFFFFFFFFFFA7
:10C9A000FFFFFFFFFFFFFFFFFFFFFFFFFFFFFFFF97
:10C9B000FFFFFFFFFFFFFFFFFFFFFFFFFFFFFFFF87
:10C9C000FFFFFFFFFFFFFFFFFFFFFFFFFFFFFFFF77
:10C9D000FFFFFFFFFFFFFFFFFFFFFFFFFFFFFFFF67
:10C9E000FFFFFFFFFFFFFFFFFFFFFFFFFFFFFFFF57
:10C9F000FFFFFFFFFFFFFFFFFFFFFFFFFFFFFFFF47
:10CA0000FFFFFFFFFFFFFFFFFFFFFFFFFFFFFFFF36
:10CA1000FFFFFFFFFFFFFFFFFFFFFFFFFFFFFFFF26
:10CA2000FFFFFFFFFFFFFFFFFFFFFFFFFFFFFFFF16
:10CA3000FFFFFFFFFFFFFFFFFFFFFFFFFFFFFFFF06
:10CA4000FFFFFFFFFFFFFFFFFFFFFFFFFFFFFFFFF6
:10CA5000FFFFFFFFFFFFFFFFFFFFFFFFFFFFFFFFE6
:10CA6000FFFFFFFFFFFFFFFFFFFFFFFFFFFFFFFFD6
:10CA7000FFFFFFFFFFFFFFFFFFFFFFFFFFFFFFFFC6
:10CA8000FFFFFFFFFFFFFFFFFFFFFFFFFFFFFFFFB6
:10CA9000FFFFFFFFFFFFFFFFFFFFFFFFFFFFFFFFA6
:10CAA000FFFFFFFFFFFFFFFFFFFFFFFFFFFFFFFF96
:10CAB000FFFFFFFFFFFFFFFFFFFFFFFFFFFFFFFF86
:10CAC000FFFFFFFFFFFFFFFFFFFFFFFFFFFFFFFF76
:10CAD000FFFFFFFFFFFFFFFFFFFFFFFFFFFFFFFF66
:10CAE000FFFFFFFFFFFFFFFFFFFFFFFFFFFFFFFF56
:10CAF000FFFFFFFFFFFFFFFFFFFFFFFFFFFFFFFF46
:10CB0000FFFFFFFFFFFFFFFFFFFFFFFFFFFFFFFF35
:10CB1000FFFFFFFFFFFFFFFFFFFFFFFFFFFFFFFF25
:10CB2000FFFFFFFFFFFFFFFFFFFFFFFFFFFFFFFF15
:10CB3000FFFFFFFFFFFFFFFFFFFFFFFFFFFFFFFF05
:10CB4000FFFFFFFFFFFFFFFFFFFFFFFFFFFFFFFFF5
:10CB5000FFFFFFFFFFFFFFFFFFFFFFFFFFFFFFFFE5
:10CB6000FFFFFFFFFFFFFFFFFFFFFFFFFFFFFFFFD5
:10CB7000FFFFFFFFFFFFFFFFFFFFFFFFFFFFFFFFC5
:10CB8000FFFFFFFFFFFFFFFFFFFFFFFFFFFFFFFFB5
:10CB9000FFFFFFFFFFFFFFFFFFFFFFFFFFFFFFFFA5
:10CBA000FFFFFFFFFFFFFFFFFFFFFFFFFFFFFFFF95
:10CBB000FFFFFFFFFFFFFFFFFFFFFFFFFFFFFFFF85
:10CBC000FFFFFFFFFFFFFFFFFFFFFFFFFFFFFFFF75
:10CBD000FFFFFFFFFFFFFFFFFFFFFFFFFFFFFFFF65
:10CBE000FFFFFFFFFFFFFFFFFFFFFFFFFFFFFFFF55
:10CBF000FFFFFFFFFFFFFFFFFFFFFFFFFFFFFFFF45
:10CC0000FFFFFFFFFFFFFFFFFFFFFFFFFFFFFFFF34
:10CC1000FFFFFFFFFFFFFFFFFFFFFFFFFFFFFFFF24
:10CC2000FFFFFFFFFFFFFFFFFFFFFFFFFFFFFFFF14
:10CC3000FFFFFFFFFFFFFFFFFFFFFFFFFFFFFFFF04
:10CC4000FFFFFFFFFFFFFFFFFFFFFFFFFFFFFFFFF4
:10CC5000FFFFFFFFFFFFFFFFFFFFFFFFFFFFFFFFE4
:10CC6000FFFFFFFFFFFFFFFFFFFFFFFFFFFFFFFFD4
:10CC7000FFFFFFFFFFFFFFFFFFFFFFFFFFFFFFFFC4
:10CC8000FFFFFFFFFFFFFFFFFFFFFFFFFFFFFFFFB4
:10CC9000FFFFFFFFFFFFFFFFFFFFFFFFFFFFFFFFA4
:10CCA000FFFFFFFFFFFFFFFFFFFFFFFFFFFFFFFF94
:10CCB000FFFFFFFFFFFFFFFFFFFFFFFFFFFFFFFF84
:10CCC000FFFFFFFFFFFFFFFFFFFFFFFFFFFFFFFF74
:10CCD000FFFFFFFFFFFFFFFFFFFFFFFFFFFFFFFF64
:10CCE000FFFFFFFFFFFFFFFFFFFFFFFFFFFFFFFF54
:10CCF000FFFFFFFFFFFFFFFFFFFFFFFFFFFFFFFF44
:10CD0000FFFFFFFFFFFFFFFFFFFFFFFFFFFFFFFF33
:10CD1000FFFFFFFFFFFFFFFFFFFFFFFFFFFFFFFF23
:10CD2000FFFFFFFFFFFFFFFFFFFFFFFFFFFFFFFF13
:10CD3000FFFFFFFFFFFFFFFFFFFFFFFFFFFFFFFF03
:10CD4000FFFFFFFFFFFFFFFFFFFFFFFFFFFFFFFFF3
:10CD5000FFFFFFFFFFFFFFFFFFFFFFFFFFFFFFFFE3
:10CD6000FFFFFFFFFFFFFFFFFFFFFFFFFFFFFFFFD3
:10CD7000FFFFFFFFFFFFFFFFFFFFFFFFFFFFFFFFC3
:10CD8000FFFFFFFFFFFFFFFFFFFFFFFFFFFFFFFFB3
:10CD9000FFFFFFFFFFFFFFFFFFFFFFFFFFFFFFFFA3
:10CDA000FFFFFFFFFFFFFFFFFFFFFFFFFFFFFFFF93
:10CDB000FFFFFFFFFFFFFFFFFFFFFFFFFFFFFFFF83
:10CDC000FFFFFFFFFFFFFFFFFFFFFFFFFFFFFFFF73
:10CDD000FFFFFFFFFFFFFFFFFFFFFFFFFFFFFFFF63
:10CDE000FFFFFFFFFFFFFFFFFFFFFFFFFFFFFFFF53
:10CDF000FFFFFFFFFFFFFFFFFFFFFFFFFFFFFFFF43
:10CE0000FFFFFFFFFFFFFFFFFFFFFFFFFFFFFFFF32
:10CE1000FFFFFFFFFFFFFFFFFFFFFFFFFFFFFFFF22
:10CE2000FFFFFFFFFFFFFFFFFFFFFFFFFFFFFFFF12
:10CE3000FFFFFFFFFFFFFFFFFFFFFFFFFFFFFFFF02
:10CE4000FFFFFFFFFFFFFFFFFFFFFFFFFFFFFFFFF2
:10CE5000FFFFFFFFFFFFFFFFFFFFFFFFFFFFFFFFE2
:10CE6000FFFFFFFFFFFFFFFFFFFFFFFFFFFFFFFFD2
:10CE7000FFFFFFFFFFFFFFFFFFFFFFFFFFFFFFFFC2
:10CE8000FFFFFFFFFFFFFFFFFFFFFFFFFFFFFFFFB2
:10CE9000FFFFFFFFFFFFFFFFFFFFFFFFFFFFFFFFA2
:10CEA000FFFFFFFFFFFFFFFFFFFFFFFFFFFFFFFF92
:10CEB000FFFFFFFFFFFFFFFFFFFFFFFFFFFFFFFF82
:10CEC000FFFFFFFFFFFFFFFFFFFFFFFFFFFFFFFF72
:10CED000FFFFFFFFFFFFFFFFFFFFFFFFFFFFFFFF62
:10CEE000FFFFFFFFFFFFFFFFFFFFFFFFFFFFFFFF52
:10CEF000FFFFFFFFFFFFFFFFFFFFFFFFFFFFFFFF42
:10CF0000FFFFFFFFFFFFFFFFFFFFFFFFFFFFFFFF31
:10CF1000FFFFFFFFFFFFFFFFFFFFFFFFFFFFFFFF21
:10CF2000FFFFFFFFFFFFFFFFFFFFFFFFFFFFFFFF11
:10CF3000FFFFFFFFFFFFFFFFFFFFFFFFFFFFFFFF01
:10CF4000FFFFFFFFFFFFFFFFFFFFFFFFFFFFFFFFF1
:10CF5000FFFFFFFFFFFFFFFFFFFFFFFFFFFFFFFFE1
:10CF6000FFFFFFFFFFFFFFFFFFFFFFFFFFFFFFFFD1
:10CF7000FFFFFFFFFFFFFFFFFFFFFFFFFFFFFFFFC1
:10CF8000FFFFFFFFFFFFFFFFFFFFFFFFFFFFFFFFB1
:10CF9000FFFFFFFFFFFFFFFFFFFFFFFFFFFFFFFFA1
:10CFA000FFFFFFFFFFFFFFFFFFFFFFFFFFFFFFFF91
:10CFB000FFFFFFFFFFFFFFFFFFFFFFFFFFFFFFFF81
:10CFC000FFFFFFFFFFFFFFFFFFFFFFFFFFFFFFFF71
:10CFD000FFFFFFFFFFFFFFFFFFFFFFFFFFFFFFFF61
:10CFE000FFFFFFFFFFFFFFFFFFFFFFFFFFFFFFFF51
:10CFF000FFFFFFFFFFFFFFFFFFFFFFFFFFFFFFFF41
:10D00000FFFFFFFFFFFFFFFFFFFFFFFFFFFFFFFF30
:10D01000FFFFFFFFFFFFFFFFFFFFFFFFFFFFFFFF20
:10D02000FFFFFFFFFFFFFFFFFFFFFFFFFFFFFFFF10
:10D03000FFFFFFFFFFFFFFFFFFFFFFFFFFFFFFFF00
:10D04000FFFFFFFFFFFFFFFFFFFFFFFFFFFFFFFFF0
:10D05000FFFFFFFFFFFFFFFFFFFFFFFFFFFFFFFFE0
:10D06000FFFFFFFFFFFFFFFFFFFFFFFFFFFFFFFFD0
:10D07000FFFFFFFFFFFFFFFFFFFFFFFFFFFFFFFFC0
:10D08000FFFFFFFFFFFFFFFFFFFFFFFFFFFFFFFFB0
:10D09000FFFFFFFFFFFFFFFFFFFFFFFFFFFFFFFFA0
:10D0A000FFFFFFFFFFFFFFFFFFFFFFFFFFFFFFFF90
:10D0B000FFFFFFFFFFFFFFFFFFFFFFFFFFFFFFFF80
:10D0C000FFFFFFFFFFFFFFFFFFFFFFFFFFFFFFFF70
:10D0D000FFFFFFFFFFFFFFFFFFFFFFFFFFFFFFFF60
:10D0E000FFFFFFFFFFFFFFFFFFFFFFFFFFFFFFFF50
:10D0F000FFFFFFFFFFFFFFFFFFFFFFFFFFFFFFFF40
:10D10000FFFFFFFFFFFFFFFFFFFFFFFFFFFFFFFF2F
:10D11000FFFFFFFFFFFFFFFFFFFFFFFFFFFFFFFF1F
:10D12000FFFFFFFFFFFFFFFFFFFFFFFFFFFFFFFF0F
:10D13000FFFFFFFFFFFFFFFFFFFFFFFFFFFFFFFFFF
:10D14000FFFFFFFFFFFFFFFFFFFFFFFFFFFFFFFFEF
:10D15000FFFFFFFFFFFFFFFFFFFFFFFFFFFFFFFFDF
:10D16000FFFFFFFFFFFFFFFFFFFFFFFFFFFFFFFFCF
:10D17000FFFFFFFFFFFFFFFFFFFFFFFFFFFFFFFFBF
:10D18000FFFFFFFFFFFFFFFFFFFFFFFFFFFFFFFFAF
:10D19000FFFFFFFFFFFFFFFFFFFFFFFFFFFFFFFF9F
:10D1A000FFFFFFFFFFFFFFFFFFFFFFFFFFFFFFFF8F
:10D1B000FFFFFFFFFFFFFFFFFFFFFFFFFFFFFFFF7F
:10D1C000FFFFFFFFFFFFFFFFFFFFFFFFFFFFFFFF6F
:10D1D000FFFFFFFFFFFFFFFFFFFFFFFFFFFFFFFF5F
:10D1E000FFFFFFFFFFFFFFFFFFFFFFFFFFFFFFFF4F
:10D1F000FFFFFFFFFFFFFFFFFFFFFFFFFFFFFFFF3F
:10D20000FFFFFFFFFFFFFFFFFFFFFFFFFFFFFFFF2E
:10D21000FFFFFFFFFFFFFFFFFFFFFFFFFFFFFFFF1E
:10D22000FFFFFFFFFFFFFFFFFFFFFFFFFFFFFFFF0E
:10D23000FFFFFFFFFFFFFFFFFFFFFFFFFFFFFFFFFE
:10D24000FFFFFFFFFFFFFFFFFFFFFFFFFFFFFFFFEE
:10D25000FFFFFFFFFFFFFFFFFFFFFFFFFFFFFFFFDE
:10D26000FFFFFFFFFFFFFFFFFFFFFFFFFFFFFFFFCE
:10D27000FFFFFFFFFFFFFFFFFFFFFFFFFFFFFFFFBE
:10D28000FFFFFFFFFFFFFFFFFFFFFFFFFFFFFFFFAE
:10D29000FFFFFFFFFFFFFFFFFFFFFFFFFFFFFFFF9E
:10D2A000FFFFFFFFFFFFFFFFFFFFFFFFFFFFFFFF8E
:10D2B000FFFFFFFFFFFFFFFFFFFFFFFFFFFFFFFF7E
:10D2C000FFFFFFFFFFFFFFFFFFFFFFFFFFFFFFFF6E
:10D2D000FFFFFFFFFFFFFFFFFFFFFFFFFFFFFFFF5E
:10D2E000FFFFFFFFFFFFFFFFFFFFFFFFFFFFFFFF4E
:10D2F000FFFFFFFFFFFFFFFFFFFFFFFFFFFFFFFF3E
:10D30000FFFFFFFFFFFFFFFFFFFFFFFFFFFFFFFF2D
:10D31000FFFFFFFFFFFFFFFFFFFFFFFFFFFFFFFF1D
:10D32000FFFFFFFFFFFFFFFFFFFFFFFFFFFFFFFF0D
:10D33000FFFFFFFFFFFFFFFFFFFFFFFFFFFFFFFFFD
:10D34000FFFFFFFFFFFFFFFFFFFFFFFFFFFFFFFFED
:10D35000FFFFFFFFFFFFFFFFFFFFFFFFFFFFFFFFDD
:10D36000FFFFFFFFFFFFFFFFFFFFFFFFFFFFFFFFCD
:10D37000FFFFFFFFFFFFFFFFFFFFFFFFFFFFFFFFBD
:10D38000FFFFFFFFFFFFFFFFFFFFFFFFFFFFFFFFAD
:10D39000FFFFFFFFFFFFFFFFFFFFFFFFFFFFFFFF9D
:10D3A000FFFFFFFFFFFFFFFFFFFFFFFFFFFFFFFF8D
:10D3B000FFFFFFFFFFFFFFFFFFFFFFFFFFFFFFFF7D
:10D3C000FFFFFFFFFFFFFFFFFFFFFFFFFFFFFFFF6D
:10D3D000FFFFFFFFFFFFFFFFFFFFFFFFFFFFFFFF5D
:10D3E000FFFFFFFFFFFFFFFFFFFFFFFFFFFFFFFF4D
:10D3F000FFFFFFFFFFFFFFFFFFFFFFFFFFFFFFFF3D
:10D40000FFFFFFFFFFFFFFFFFFFFFFFFFFFFFFFF2C
:10D41000FFFFFFFFFFFFFFFFFFFFFFFFFFFFFFFF1C
:10D42000FFFFFFFFFFFFFFFFFFFFFFFFFFFFFFFF0C
:10D43000FFFFFFFFFFFFFFFFFFFFFFFFFFFFFFFFFC
:10D44000FFFFFFFFFFFFFFFFFFFFFFFFFFFFFFFFEC
:10D45000FFFFFFFFFFFFFFFFFFFFFFFFFFFFFFFFDC
:10D46000FFFFFFFFFFFFFFFFFFFFFFFFFFFFFFFFCC
:10D47000FFFFFFFFFFFFFFFFFFFFFFFFFFFFFFFFBC
:10D48000FFFFFFFFFFFFFFFFFFFFFFFFFFFFFFFFAC
:10D49000FFFFFFFFFFFFFFFFFFFFFFFFFFFFFFFF9C
:10D4A000FFFFFFFFFFFFFFFFFFFFFFFFFFFFFFFF8C
:10D4B000FFFFFFFFFFFFFFFFFFFFFFFFFFFFFFFF7C
:10D4C000FFFFFFFFFFFFFFFFFFFFFFFFFFFFFFFF6C
:10D4D000FFFFFFFFFFFFFFFFFFFFFFFFFFFFFFFF5C
:10D4E000FFFFFFFFFFFFFFFFFFFFFFFFFFFFFFFF4C
:10D4F000FFFFFFFFFFFFFFFFFFFFFFFFFFFFFFFF3C
:10D50000FFFFFFFFFFFFFFFFFFFFFFFFFFFFFFFF2B
:10D51000FFFFFFFFFFFFFFFFFFFFFFFFFFFFFFFF1B
:10D52000FFFFFFFFFFFFFFFFFFFFFFFFFFFFFFFF0B
:10D53000FFFFFFFFFFFFFFFFFFFFFFFFFFFFFFFFFB
:10D54000FFFFFFFFFFFFFFFFFFFFFFFFFFFFFFFFEB
:10D55000FFFFFFFFFFFFFFFFFFFFFFFFFFFFFFFFDB
:10D56000FFFFFFFFFFFFFFFFFFFFFFFFFFFFFFFFCB
:10D57000FFFFFFFFFFFFFFFFFFFFFFFFFFFFFFFFBB
:10D58000FFFFFFFFFFFFFFFFFFFFFFFFFFFFFFFFAB
:10D59000FFFFFFFFFFFFFFFFFFFFFFFFFFFFFFFF9B
:10D5A000FFFFFFFFFFFFFFFFFFFFFFFFFFFFFFFF8B
:10D5B000FFFFFFFFFFFFFFFFFFFFFFFFFFFFFFFF7B
:10D5C000FFFFFFFFFFFFFFFFFFFFFFFFFFFFFFFF6B
:10D5D000FFFFFFFFFFFFFFFFFFFFFFFFFFFFFFFF5B
:10D5E000FFFFFFFFFFFFFFFFFFFFFFFFFFFFFFFF4B
:10D5F000FFFFFFFFFFFFFFFFFFFFFFFFFFFFFFFF3B
:10D60000FFFFFFFFFFFFFFFFFFFFFFFFFFFFFFFF2A
:10D61000FFFFFFFFFFFFFFFFFFFFFFFFFFFFFFFF1A
:10D62000FFFFFFFFFFFFFFFFFFFFFFFFFFFFFFFF0A
:10D63000FFFFFFFFFFFFFFFFFFFFFFFFFFFFFFFFFA
:10D64000FFFFFFFFFFFFFFFFFFFFFFFFFFFFFFFFEA
:10D65000FFFFFFFFFFFFFFFFFFFFFFFFFFFFFFFFDA
:10D66000FFFFFFFFFFFFFFFFFFFFFFFFFFFFFFFFCA
:10D67000FFFFFFFFFFFFFFFFFFFFFFFFFFFFFFFFBA
:10D68000FFFFFFFFFFFFFFFFFFFFFFFFFFFFFFFFAA
:10D69000FFFFFFFFFFFFFFFFFFFFFFFFFFFFFFFF9A
:10D6A000FFFFFFFFFFFFFFFFFFFFFFFFFFFFFFFF8A
:10D6B000FFFFFFFFFFFFFFFFFFFFFFFFFFFFFFFF7A
:10D6C000FFFFFFFFFFFFFFFFFFFFFFFFFFFFFFFF6A
:10D6D000FFFFFFFFFFFFFFFFFFFFFFFFFFFFFFFF5A
:10D6E000FFFFFFFFFFFFFFFFFFFFFFFFFFFFFFFF4A
:10D6F000FFFFFFFFFFFFFFFFFFFFFFFFFFFFFFFF3A
:10D70000FFFFFFFFFFFFFFFFFFFFFFFFFFFFFFFF29
:10D71000FFFFFFFFFFFFFFFFFFFFFFFFFFFFFFFF19
:10D72000FFFFFFFFFFFFFFFFFFFFFFFFFFFFFFFF09
:10D73000FFFFFFFFFFFFFFFFFFFFFFFFFFFFFFFFF9
:10D74000FFFFFFFFFFFFFFFFFFFFFFFFFFFFFFFFE9
:10D75000FFFFFFFFFFFFFFFFFFFFFFFFFFFFFFFFD9
:10D76000FFFFFFFFFFFFFFFFFFFFFFFFFFFFFFFFC9
:10D77000FFFFFFFFFFFFFFFFFFFFFFFFFFFFFFFFB9
:10D78000FFFFFFFFFFFFFFFFFFFFFFFFFFFFFFFFA9
:10D79000FFFFFFFFFFFFFFFFFFFFFFFFFFFFFFFF99
:10D7A000FFFFFFFFFFFFFFFFFFFFFFFFFFFFFFFF89
:10D7B000FFFFFFFFFFFFFFFFFFFFFFFFFFFFFFFF79
:10D7C000FFFFFFFFFFFFFFFFFFFFFFFFFFFFFFFF69
:10D7D000FFFFFFFFFFFFFFFFFFFFFFFFFFFFFFFF59
:10D7E000FFFFFFFFFFFFFFFFFFFFFFFFFFFFFFFF49
:10D7F000FFFFFFFFFFFFFFFFFFFFFFFFFFFFFFFF39
:10D80000FFFFFFFFFFFFFFFFFFFFFFFFFFFFFFFF28
:10D81000FFFFFFFFFFFFFFFFFFFFFFFFFFFFFFFF18
:10D82000FFFFFFFFFFFFFFFFFFFFFFFFFFFFFFFF08
:10D83000FFFFFFFFFFFFFFFFFFFFFFFFFFFFFFFFF8
:10D84000FFFFFFFFFFFFFFFFFFFFFFFFFFFFFFFFE8
:10D85000FFFFFFFFFFFFFFFFFFFFFFFFFFFFFFFFD8
:10D86000FFFFFFFFFFFFFFFFFFFFFFFFFFFFFFFFC8
:10D87000FFFFFFFFFFFFFFFFFFFFFFFFFFFFFFFFB8
:10D88000FFFFFFFFFFFFFFFFFFFFFFFFFFFFFFFFA8
:10D89000FFFFFFFFFFFFFFFFFFFFFFFFFFFFFFFF98
:10D8A000FFFFFFFFFFFFFFFFFFFFFFFFFFFFFFFF88
:10D8B000FFFFFFFFFFFFFFFFFFFFFFFFFFFFFFFF78
:10D8C000FFFFFFFFFFFFFFFFFFFFFFFFFFFFFFFF68
:10D8D000FFFFFFFFFFFFFFFFFFFFFFFFFFFFFFFF58
:10D8E000FFFFFFFFFFFFFFFFFFFFFFFFFFFFFFFF48
:10D8F000FFFFFFFFFFFFFFFFFFFFFFFFFFFFFFFF38
:10D90000FFFFFFFFFFFFFFFFFFFFFFFFFFFFFFFF27
:10D91000FFFFFFFFFFFFFFFFFFFFFFFFFFFFFFFF17
:10D92000FFFFFFFFFFFFFFFFFFFFFFFFFFFFFFFF07
:10D93000FFFFFFFFFFFFFFFFFFFFFFFFFFFFFFFFF7
:10D94000FFFFFFFFFFFFFFFFFFFFFFFFFFFFFFFFE7
:10D95000FFFFFFFFFFFFFFFFFFFFFFFFFFFFFFFFD7
:10D96000FFFFFFFFFFFFFFFFFFFFFFFFFFFFFFFFC7
:10D97000FFFFFFFFFFFFFFFFFFFFFFFFFFFFFFFFB7
:10D98000FFFFFFFFFFFFFFFFFFFFFFFFFFFFFFFFA7
:10D99000FFFFFFFFFFFFFFFFFFFFFFFFFFFFFFFF97
:10D9A000FFFFFFFFFFFFFFFFFFFFFFFFFFFFFFFF87
:10D9B000FFFFFFFFFFFFFFFFFFFFFFFFFFFFFFFF77
:10D9C000FFFFFFFFFFFFFFFFFFFFFFFFFFFFFFFF67
:10D9D000FFFFFFFFFFFFFFFFFFFFFFFFFFFFFFFF57
:10D9E000FFFFFFFFFFFFFFFFFFFFFFFFFFFFFFFF47
:10D9F000FFFFFFFFFFFFFFFFFFFFFFFFFFFFFFFF37
:10DA0000FFFFFFFFFFFFFFFFFFFFFFFFFFFFFFFF26
:10DA1000FFFFFFFFFFFFFFFFFFFFFFFFFFFFFFFF16
:10DA2000FFFFFFFFFFFFFFFFFFFFFFFFFFFFFFFF06
:10DA3000FFFFFFFFFFFFFFFFFFFFFFFFFFFFFFFFF6
:10DA4000FFFFFFFFFFFFFFFFFFFFFFFFFFFFFFFFE6
:10DA5000FFFFFFFFFFFFFFFFFFFFFFFFFFFFFFFFD6
:10DA6000FFFFFFFFFFFFFFFFFFFFFFFFFFFFFFFFC6
:10DA7000FFFFFFFFFFFFFFFFFFFFFFFFFFFFFFFFB6
:10DA8000FFFFFFFFFFFFFFFFFFFFFFFFFFFFFFFFA6
:10DA9000FFFFFFFFFFFFFFFFFFFFFFFFFFFFFFFF96
:10DAA000FFFFFFFFFFFFFFFFFFFFFFFFFFFFFFFF86
:10DAB000FFFFFFFFFFFFFFFFFFFFFFFFFFFFFFFF76
:10DAC000FFFFFFFFFFFFFFFFFFFFFFFFFFFFFFFF66
:10DAD000FFFFFFFFFFFFFFFFFFFFFFFFFFFFFFFF56
:10DAE000FFFFFFFFFFFFFFFFFFFFFFFFFFFFFFFF46
:10DAF000FFFFFFFFFFFFFFFFFFFFFFFFFFFFFFFF36
:10DB0000FFFFFFFFFFFFFFFFFFFFFFFFFFFFFFFF25
:10DB1000FFFFFFFFFFFFFFFFFFFFFFFFFFFFFFFF15
:10DB2000FFFFFFFFFFFFFFFFFFFFFFFFFFFFFFFF05
:10DB3000FFFFFFFFFFFFFFFFFFFFFFFFFFFFFFFFF5
:10DB4000FFFFFFFFFFFFFFFFFFFFFFFFFFFFFFFFE5
:10DB5000FFFFFFFFFFFFFFFFFFFFFFFFFFFFFFFFD5
:10DB6000FFFFFFFFFFFFFFFFFFFFFFFFFFFFFFFFC5
:10DB7000FFFFFFFFFFFFFFFFFFFFFFFFFFFFFFFFB5
:10DB8000FFFFFFFFFFFFFFFFFFFFFFFFFFFFFFFFA5
:10DB9000FFFFFFFFFFFFFFFFFFFFFFFFFFFFFFFF95
:10DBA000FFFFFFFFFFFFFFFFFFFFFFFFFFFFFFFF85
:10DBB000FFFFFFFFFFFFFFFFFFFFFFFFFFFFFFFF75
:10DBC000FFFFFFFFFFFFFFFFFFFFFFFFFFFFFFFF65
:10DBD000FFFFFFFFFFFFFFFFFFFFFFFFFFFFFFFF55
:10DBE000FFFFFFFFFFFFFFFFFFFFFFFFFFFFFFFF45
:10DBF000FFFFFFFFFFFFFFFFFFFFFFFFFFFFFFFF35
:10DC0000FFFFFFFFFFFFFFFFFFFFFFFFFFFFFFFF24
:10DC1000FFFFFFFFFFFFFFFFFFFFFFFFFFFFFFFF14
:10DC2000FFFFFFFFFFFFFFFFFFFFFFFFFFFFFFFF04
:10DC3000FFFFFFFFFFFFFFFFFFFFFFFFFFFFFFFFF4
:10DC4000FFFFFFFFFFFFFFFFFFFFFFFFFFFFFFFFE4
:10DC5000FFFFFFFFFFFFFFFFFFFFFFFFFFFFFFFFD4
:10DC6000FFFFFFFFFFFFFFFFFFFFFFFFFFFFFFFFC4
:10DC7000FFFFFFFFFFFFFFFFFFFFFFFFFFFFFFFFB4
:10DC8000FFFFFFFFFFFFFFFFFFFFFFFFFFFFFFFFA4
:10DC9000FFFFFFFFFFFFFFFFFFFFFFFFFFFFFFFF94
:10DCA000FFFFFFFFFFFFFFFFFFFFFFFFFFFFFFFF84
:10DCB000FFFFFFFFFFFFFFFFFFFFFFFFFFFFFFFF74
:10DCC000FFFFFFFFFFFFFFFFFFFFFFFFFFFFFFFF64
:10DCD000FFFFFFFFFFFFFFFFFFFFFFFFFFFFFFFF54
:10DCE000FFFFFFFFFFFFFFFFFFFFFFFFFFFFFFFF44
:10DCF000FFFFFFFFFFFFFFFFFFFFFFFFFFFFFFFF34
:10DD0000FFFFFFFFFFFFFFFFFFFFFFFFFFFFFFFF23
:10DD1000FFFFFFFFFFFFFFFFFFFFFFFFFFFFFFFF13
:10DD2000FFFFFFFFFFFFFFFFFFFFFFFFFFFFFFFF03
:10DD3000FFFFFFFFFFFFFFFFFFFFFFFFFFFFFFFFF3
:10DD4000FFFFFFFFFFFFFFFFFFFFFFFFFFFFFFFFE3
:10DD5000FFFFFFFFFFFFFFFFFFFFFFFFFFFFFFFFD3
:10DD6000FFFFFFFFFFFFFFFFFFFFFFFFFFFFFFFFC3
:10DD7000FFFFFFFFFFFFFFFFFFFFFFFFFFFFFFFFB3
:10DD8000FFFFFFFFFFFFFFFFFFFFFFFFFFFFFFFFA3
:10DD9000FFFFFFFFFFFFFFFFFFFFFFFFFFFFFFFF93
:10DDA000FFFFFFFFFFFFFFFFFFFFFFFFFFFFFFFF83
:10DDB000FFFFFFFFFFFFFFFFFFFFFFFFFFFFFFFF73
:10DDC000FFFFFFFFFFFFFFFFFFFFFFFFFFFFFFFF63
:10DDD000FFFFFFFFFFFFFFFFFFFFFFFFFFFFFFFF53
:10DDE000FFFFFFFFFFFFFFFFFFFFFFFFFFFFFFFF43
:10DDF000FFFFFFFFFFFFFFFFFFFFFFFFFFFFFFFF33
:10DE0000FFFFFFFFFFFFFFFFFFFFFFFFFFFFFFFF22
:10DE1000FFFFFFFFFFFFFFFFFFFFFFFFFFFFFFFF12
:10DE2000FFFFFFFFFFFFFFFFFFFFFFFFFFFFFFFF02
:10DE3000FFFFFFFFFFFFFFFFFFFFFFFFFFFFFFFFF2
:10DE4000FFFFFFFFFFFFFFFFFFFFFFFFFFFFFFFFE2
:10DE5000FFFFFFFFFFFFFFFFFFFFFFFFFFFFFFFFD2
:10DE6000FFFFFFFFFFFFFFFFFFFFFFFFFFFFFFFFC2
:10DE7000FFFFFFFFFFFFFFFFFFFFFFFFFFFFFFFFB2
:10DE8000FFFFFFFFFFFFFFFFFFFFFFFFFFFFFFFFA2
:10DE9000FFFFFFFFFFFFFFFFFFFFFFFFFFFFFFFF92
:10DEA000FFFFFFFFFFFFFFFFFFFFFFFFFFFFFFFF82
:10DEB000FFFFFFFFFFFFFFFFFFFFFFFFFFFFFFFF72
:10DEC000FFFFFFFFFFFFFFFFFFFFFFFFFFFFFFFF62
:10DED000FFFFFFFFFFFFFFFFFFFFFFFFFFFFFFFF52
:10DEE000FFFFFFFFFFFFFFFFFFFFFFFFFFFFFFFF42
:10DEF000FFFFFFFFFFFFFFFFFFFFFFFFFFFFFFFF32
:10DF0000FFFFFFFFFFFFFFFFFFFFFFFFFFFFFFFF21
:10DF1000FFFFFFFFFFFFFFFFFFFFFFFFFFFFFFFF11
:10DF2000FFFFFFFFFFFFFFFFFFFFFFFFFFFFFFFF01
:10DF3000FFFFFFFFFFFFFFFFFFFFFFFFFFFFFFFFF1
:10DF4000FFFFFFFFFFFFFFFFFFFFFFFFFFFFFFFFE1
:10DF5000FFFFFFFFFFFFFFFFFFFFFFFFFFFFFFFFD1
:10DF6000FFFFFFFFFFFFFFFFFFFFFFFFFFFFFFFFC1
:10DF7000FFFFFFFFFFFFFFFFFFFFFFFFFFFFFFFFB1
:10DF8000FFFFFFFFFFFFFFFFFFFFFFFFFFFFFFFFA1
:10DF9000FFFFFFFFFFFFFFFFFFFFFFFFFFFFFFFF91
:10DFA000FFFFFFFFFFFFFFFFFFFFFFFFFFFFFFFF81
:10DFB000FFFFFFFFFFFFFFFFFFFFFFFFFFFFFFFF71
:10DFC000FFFFFFFFFFFFFFFFFFFFFFFFFFFFFFFF61
:10DFD000FFFFFFFFFFFFFFFFFFFFFFFFFFFFFFFF51
:10DFE000FFFFFFFFFFFFFFFFFFFFFFFFFFFFFFFF41
:10DFF000FFFFFFFFFFFFFFFFFFFFFFFFFFFFFFFF31
:10E00000FFFFFFFFFFFFFFFFFFFFFFFFFFFFFFFF20
:10E01000FFFFFFFFFFFFFFFFFFFFFFFFFFFFFFFF10
:10E02000FFFFFFFFFFFFFFFFFFFFFFFFFFFFFFFF00
:10E03000FFFFFFFFFFFFFFFFFFFFFFFFFFFFFFFFF0
:10E04000FFFFFFFFFFFFFFFFFFFFFFFFFFFFFFFFE0
:10E05000FFFFFFFFFFFFFFFFFFFFFFFFFFFFFFFFD0
:10E06000FFFFFFFFFFFFFFFFFFFFFFFFFFFFFFFFC0
:10E07000FFFFFFFFFFFFFFFFFFFFFFFFFFFFFFFFB0
:10E08000FFFFFFFFFFFFFFFFFFFFFFFFFFFFFFFFA0
:10E09000FFFFFFFFFFFFFFFFFFFFFFFFFFFFFFFF90
:10E0A000FFFFFFFFFFFFFFFFFFFFFFFFFFFFFFFF80
:10E0B000FFFFFFFFFFFFFFFFFFFFFFFFFFFFFFFF70
:10E0C000FFFFFFFFFFFFFFFFFFFFFFFFFFFFFFFF60
:10E0D000FFFFFFFFFFFFFFFFFFFFFFFFFFFFFFFF50
:10E0E000FFFFFFFFFFFFFFFFFFFFFFFFFFFFFFFF40
:10E0F000FFFFFFFFFFFFFFFFFFFFFFFFFFFFFFFF30
:10E10000FFFFFFFFFFFFFFFFFFFFFFFFFFFFFFFF1F
:10E11000FFFFFFFFFFFFFFFFFFFFFFFFFFFFFFFF0F
:10E12000FFFFFFFFFFFFFFFFFFFFFFFFFFFFFFFFFF
:10E13000FFFFFFFFFFFFFFFFFFFFFFFFFFFFFFFFEF
:10E14000FFFFFFFFFFFFFFFFFFFFFFFFFFFFFFFFDF
:10E15000FFFFFFFFFFFFFFFFFFFFFFFFFFFFFFFFCF
:10E16000FFFFFFFFFFFFFFFFFFFFFFFFFFFFFFFFBF
:10E17000FFFFFFFFFFFFFFFFFFFFFFFFFFFFFFFFAF
:10E18000FFFFFFFFFFFFFFFFFFFFFFFFFFFFFFFF9F
:10E19000FFFFFFFFFFFFFFFFFFFFFFFFFFFFFFFF8F
:10E1A000FFFFFFFFFFFFFFFFFFFFFFFFFFFFFFFF7F
:10E1B000FFFFFFFFFFFFFFFFFFFFFFFFFFFFFFFF6F
:10E1C000FFFFFFFFFFFFFFFFFFFFFFFFFFFFFFFF5F
:10E1D000FFFFFFFFFFFFFFFFFFFFFFFFFFFFFFFF4F
:10E1E000FFFFFFFFFFFFFFFFFFFFFFFFFFFFFFFF3F
:10E1F000FFFFFFFFFFFFFFFFFFFFFFFFFFFFFFFF2F
:10E20000FFFFFFFFFFFFFFFFFFFFFFFFFFFFFFFF1E
:10E21000FFFFFFFFFFFFFFFFFFFFFFFFFFFFFFFF0E
:10E22000FFFFFFFFFFFFFFFFFFFFFFFFFFFFFFFFFE
:10E23000FFFFFFFFFFFFFFFFFFFFFFFFFFFFFFFFEE
:10E24000FFFFFFFFFFFFFFFFFFFFFFFFFFFFFFFFDE
:10E25000FFFFFFFFFFFFFFFFFFFFFFFFFFFFFFFFCE
:10E26000FFFFFFFFFFFFFFFFFFFFFFFFFFFFFFFFBE
:10E27000FFFFFFFFFFFFFFFFFFFFFFFFFFFFFFFFAE
:10E28000FFFFFFFFFFFFFFFFFFFFFFFFFFFFFFFF9E
:10E29000FFFFFFFFFFFFFFFFFFFFFFFFFFFFFFFF8E
:10E2A000FFFFFFFFFFFFFFFFFFFFFFFFFFFFFFFF7E
:10E2B000FFFFFFFFFFFFFFFFFFFFFFFFFFFFFFFF6E
:10E2C000FFFFFFFFFFFFFFFFFFFFFFFFFFFFFFFF5E
:10E2D000FFFFFFFFFFFFFFFFFFFFFFFFFFFFFFFF4E
:10E2E000FFFFFFFFFFFFFFFFFFFFFFFFFFFFFFFF3E
:10E2F000FFFFFFFFFFFFFFFFFFFFFFFFFFFFFFFF2E
:10E30000FFFFFFFFFFFFFFFFFFFFFFFFFFFFFFFF1D
:10E31000FFFFFFFFFFFFFFFFFFFFFFFFFFFFFFFF0D
:10E32000FFFFFFFFFFFFFFFFFFFFFFFFFFFFFFFFFD
:10E33000FFFFFFFFFFFFFFFFFFFFFFFFFFFFFFFFED
:10E34000FFFFFFFFFFFFFFFFFFFFFFFFFFFFFFFFDD
:10E35000FFFFFFFFFFFFFFFFFFFFFFFFFFFFFFFFCD
:10E36000FFFFFFFFFFFFFFFFFFFFFFFFFFFFFFFFBD
:10E37000FFFFFFFFFFFFFFFFFFFFFFFFFFFFFFFFAD
:10E38000FFFFFFFFFFFFFFFFFFFFFFFFFFFFFFFF9D
:10E39000FFFFFFFFFFFFFFFFFFFFFFFFFFFFFFFF8D
:10E3A000FFFFFFFFFFFFFFFFFFFFFFFFFFFFFFFF7D
:10E3B000FFFFFFFFFFFFFFFFFFFFFFFFFFFFFFFF6D
:10E3C000FFFFFFFFFFFFFFFFFFFFFFFFFFFFFFFF5D
:10E3D000FFFFFFFFFFFFFFFFFFFFFFFFFFFFFFFF4D
:10E3E000FFFFFFFFFFFFFFFFFFFFFFFFFFFFFFFF3D
:10E3F000FFFFFFFFFFFFFFFFFFFFFFFFFFFFFFFF2D
:10E40000FFFFFFFFFFFFFFFFFFFFFFFFFFFFFFFF1C
:10E41000FFFFFFFFFFFFFFFFFFFFFFFFFFFFFFFF0C
:10E42000FFFFFFFFFFFFFFFFFFFFFFFFFFFFFFFFFC
:10E43000FFFFFFFFFFFFFFFFFFFFFFFFFFFFFFFFEC
:10E44000FFFFFFFFFFFFFFFFFFFFFFFFFFFFFFFFDC
:10E45000FFFFFFFFFFFFFFFFFFFFFFFFFFFFFFFFCC
:10E46000FFFFFFFFFFFFFFFFFFFFFFFFFFFFFFFFBC
:10E47000FFFFFFFFFFFFFFFFFFFFFFFFFFFFFFFFAC
:10E48000FFFFFFFFFFFFFFFFFFFFFFFFFFFFFFFF9C
:10E49000FFFFFFFFFFFFFFFFFFFFFFFFFFFFFFFF8C
:10E4A000FFFFFFFFFFFFFFFFFFFFFFFFFFFFFFFF7C
:10E4B000FFFFFFFFFFFFFFFFFFFFFFFFFFFFFFFF6C
:10E4C000FFFFFFFFFFFFFFFFFFFFFFFFFFFFFFFF5C
:10E4D000FFFFFFFFFFFFFFFFFFFFFFFFFFFFFFFF4C
:10E4E000FFFFFFFFFFFFFFFFFFFFFFFFFFFFFFFF3C
:10E4F000FFFFFFFFFFFFFFFFFFFFFFFFFFFFFFFF2C
:10E50000FFFFFFFFFFFFFFFFFFFFFFFFFFFFFFFF1B
:10E51000FFFFFFFFFFFFFFFFFFFFFFFFFFFFFFFF0B
:10E52000FFFFFFFFFFFFFFFFFFFFFFFFFFFFFFFFFB
:10E53000FFFFFFFFFFFFFFFFFFFFFFFFFFFFFFFFEB
:10E54000FFFFFFFFFFFFFFFFFFFFFFFFFFFFFFFFDB
:10E55000FFFFFFFFFFFFFFFFFFFFFFFFFFFFFFFFCB
:10E56000FFFFFFFFFFFFFFFFFFFFFFFFFFFFFFFFBB
:10E57000FFFFFFFFFFFFFFFFFFFFFFFFFFFFFFFFAB
:10E58000FFFFFFFFFFFFFFFFFFFFFFFFFFFFFFFF9B
:10E59000FFFFFFFFFFFFFFFFFFFFFFFFFFFFFFFF8B
:10E5A000FFFFFFFFFFFFFFFFFFFFFFFFFFFFFFFF7B
:10E5B000FFFFFFFFFFFFFFFFFFFFFFFFFFFFFFFF6B
:10E5C000FFFFFFFFFFFFFFFFFFFFFFFFFFFFFFFF5B
:10E5D000FFFFFFFFFFFFFFFFFFFFFFFFFFFFFFFF4B
:10E5E000FFFFFFFFFFFFFFFFFFFFFFFFFFFFFFFF3B
:10E5F000FFFFFFFFFFFFFFFFFFFFFFFFFFFFFFFF2B
:10E60000FFFFFFFFFFFFFFFFFFFFFFFFFFFFFFFF1A
:10E61000FFFFFFFFFFFFFFFFFFFFFFFFFFFFFFFF0A
:10E62000FFFFFFFFFFFFFFFFFFFFFFFFFFFFFFFFFA
:10E63000FFFFFFFFFFFFFFFFFFFFFFFFFFFFFFFFEA
:10E64000FFFFFFFFFFFFFFFFFFFFFFFFFFFFFFFFDA
:10E65000FFFFFFFFFFFFFFFFFFFFFFFFFFFFFFFFCA
:10E66000FFFFFFFFFFFFFFFFFFFFFFFFFFFFFFFFBA
:10E67000FFFFFFFFFFFFFFFFFFFFFFFFFFFFFFFFAA
:10E68000FFFFFFFFFFFFFFFFFFFFFFFFFFFFFFFF9A
:10E69000FFFFFFFFFFFFFFFFFFFFFFFFFFFFFFFF8A
:10E6A000FFFFFFFFFFFFFFFFFFFFFFFFFFFFFFFF7A
:10E6B000FFFFFFFFFFFFFFFFFFFFFFFFFFFFFFFF6A
:10E6C000FFFFFFFFFFFFFFFFFFFFFFFFFFFFFFFF5A
:10E6D000FFFFFFFFFFFFFFFFFFFFFFFFFFFFFFFF4A
:10E6E000FFFFFFFFFFFFFFFFFFFFFFFFFFFFFFFF3A
:10E6F000FFFFFFFFFFFFFFFFFFFFFFFFFFFFFFFF2A
:10E70000FFFFFFFFFFFFFFFFFFFFFFFFFFFFFFFF19
:10E71000FFFFFFFFFFFFFFFFFFFFFFFFFFFFFFFF09
:10E72000FFFFFFFFFFFFFFFFFFFFFFFFFFFFFFFFF9
:10E73000FFFFFFFFFFFFFFFFFFFFFFFFFFFFFFFFE9
:10E74000FFFFFFFFFFFFFFFFFFFFFFFFFFFFFFFFD9
:10E75000FFFFFFFFFFFFFFFFFFFFFFFFFFFFFFFFC9
:10E76000FFFFFFFFFFFFFFFFFFFFFFFFFFFFFFFFB9
:10E77000FFFFFFFFFFFFFFFFFFFFFFFFFFFFFFFFA9
:10E78000FFFFFFFFFFFFFFFFFFFFFFFFFFFFFFFF99
:10E79000FFFFFFFFFFFFFFFFFFFFFFFFFFFFFFFF89
:10E7A000FFFFFFFFFFFFFFFFFFFFFFFFFFFFFFFF79
:10E7B000FFFFFFFFFFFFFFFFFFFFFFFFFFFFFFFF69
:10E7C000FFFFFFFFFFFFFFFFFFFFFFFFFFFFFFFF59
:10E7D000FFFFFFFFFFFFFFFFFFFFFFFFFFFFFFFF49
:10E7E000FFFFFFFFFFFFFFFFFFFFFFFFFFFFFFFF39
:10E7F000FFFFFFFFFFFFFFFFFFFFFFFFFFFFFFFF29
:10E80000FFFFFFFFFFFFFFFFFFFFFFFFFFFFFFFF18
:10E81000FFFFFFFFFFFFFFFFFFFFFFFFFFFFFFFF08
:10E82000FFFFFFFFFFFFFFFFFFFFFFFFFFFFFFFFF8
:10E83000FFFFFFFFFFFFFFFFFFFFFFFFFFFFFFFFE8
:10E84000FFFFFFFFFFFFFFFFFFFFFFFFFFFFFFFFD8
:10E85000FFFFFFFFFFFFFFFFFFFFFFFFFFFFFFFFC8
:10E86000FFFFFFFFFFFFFFFFFFFFFFFFFFFFFFFFB8
:10E87000FFFFFFFFFFFFFFFFFFFFFFFFFFFFFFFFA8
:10E88000FFFFFFFFFFFFFFFFFFFFFFFFFFFFFFFF98
:10E89000FFFFFFFFFFFFFFFFFFFFFFFFFFFFFFFF88
:10E8A000FFFFFFFFFFFFFFFFFFFFFFFFFFFFFFFF78
:10E8B000FFFFFFFFFFFFFFFFFFFFFFFFFFFFFFFF68
:10E8C000FFFFFFFFFFFFFFFFFFFFFFFFFFFFFFFF58
:10E8D000FFFFFFFFFFFFFFFFFFFFFFFFFFFFFFFF48
:10E8E000FFFFFFFFFFFFFFFFFFFFFFFFFFFFFFFF38
:10E8F000FFFFFFFFFFFFFFFFFFFFFFFFFFFFFFFF28
:10E90000FFFFFFFFFFFFFFFFFFFFFFFFFFFFFFFF17
:10E91000FFFFFFFFFFFFFFFFFFFFFFFFFFFFFFFF07
:10E92000FFFFFFFFFFFFFFFFFFFFFFFFFFFFFFFFF7
:10E93000FFFFFFFFFFFFFFFFFFFFFFFFFFFFFFFFE7
:10E94000FFFFFFFFFFFFFFFFFFFFFFFFFFFFFFFFD7
:10E95000FFFFFFFFFFFFFFFFFFFFFFFFFFFFFFFFC7
:10E96000FFFFFFFFFFFFFFFFFFFFFFFFFFFFFFFFB7
:10E97000FFFFFFFFFFFFFFFFFFFFFFFFFFFFFFFFA7
:10E98000FFFFFFFFFFFFFFFFFFFFFFFFFFFFFFFF97
:10E99000FFFFFFFFFFFFFFFFFFFFFFFFFFFFFFFF87
:10E9A000FFFFFFFFFFFFFFFFFFFFFFFFFFFFFFFF77
:10E9B000FFFFFFFFFFFFFFFFFFFFFFFFFFFFFFFF67
:10E9C000FFFFFFFFFFFFFFFFFFFFFFFFFFFFFFFF57
:10E9D000FFFFFFFFFFFFFFFFFFFFFFFFFFFFFFFF47
:10E9E000FFFFFFFFFFFFFFFFFFFFFFFFFFFFFFFF37
:10E9F000FFFFFFFFFFFFFFFFFFFFFFFFFFFFFFFF27
:10EA0000FFFFFFFFFFFFFFFFFFFFFFFFFFFFFFFF16
:10EA1000FFFFFFFFFFFFFFFFFFFFFFFFFFFFFFFF06
:10EA2000FFFFFFFFFFFFFFFFFFFFFFFFFFFFFFFFF6
:10EA3000FFFFFFFFFFFFFFFFFFFFFFFFFFFFFFFFE6
:10EA4000FFFFFFFFFFFFFFFFFFFFFFFFFFFFFFFFD6
:10EA5000FFFFFFFFFFFFFFFFFFFFFFFFFFFFFFFFC6
:10EA6000FFFFFFFFFFFFFFFFFFFFFFFFFFFFFFFFB6
:10EA7000FFFFFFFFFFFFFFFFFFFFFFFFFFFFFFFFA6
:10EA8000FFFFFFFFFFFFFFFFFFFFFFFFFFFFFFFF96
:10EA9000FFFFFFFFFFFFFFFFFFFFFFFFFFFFFFFF86
:10EAA000FFFFFFFFFFFFFFFFFFFFFFFFFFFFFFFF76
:10EAB000FFFFFFFFFFFFFFFFFFFFFFFFFFFFFFFF66
:10EAC000FFFFFFFFFFFFFFFFFFFFFFFFFFFFFFFF56
:10EAD000FFFFFFFFFFFFFFFFFFFFFFFFFFFFFFFF46
:10EAE000FFFFFFFFFFFFFFFFFFFFFFFFFFFFFFFF36
:10EAF000FFFFFFFFFFFFFFFFFFFFFFFFFFFFFFFF26
:10EB0000FFFFFFFFFFFFFFFFFFFFFFFFFFFFFFFF15
:10EB1000FFFFFFFFFFFFFFFFFFFFFFFFFFFFFFFF05
:10EB2000FFFFFFFFFFFFFFFFFFFFFFFFFFFFFFFFF5
:10EB3000FFFFFFFFFFFFFFFFFFFFFFFFFFFFFFFFE5
:10EB4000FFFFFFFFFFFFFFFFFFFFFFFFFFFFFFFFD5
:10EB5000FFFFFFFFFFFFFFFFFFFFFFFFFFFFFFFFC5
:10EB6000FFFFFFFFFFFFFFFFFFFFFFFFFFFFFFFFB5
:10EB7000FFFFFFFFFFFFFFFFFFFFFFFFFFFFFFFFA5
:10EB8000FFFFFFFFFFFFFFFFFFFFFFFFFFFFFFFF95
:10EB9000FFFFFFFFFFFFFFFFFFFFFFFFFFFFFFFF85
:10EBA000FFFFFFFFFFFFFFFFFFFFFFFFFFFFFFFF75
:10EBB000FFFFFFFFFFFFFFFFFFFFFFFFFFFFFFFF65
:10EBC000FFFFFFFFFFFFFFFFFFFFFFFFFFFFFFFF55
:10EBD000FFFFFFFFFFFFFFFFFFFFFFFFFFFFFFFF45
:10EBE000FFFFFFFFFFFFFFFFFFFFFFFFFFFFFFFF35
:10EBF000FFFFFFFFFFFFFFFFFFFFFFFFFFFFFFFF25
:10EC0000FFFFFFFFFFFFFFFFFFFFFFFFFFFFFFFF14
:10EC1000FFFFFFFFFFFFFFFFFFFFFFFFFFFFFFFF04
:10EC2000FFFFFFFFFFFFFFFFFFFFFFFFFFFFFFFFF4
:10EC3000FFFFFFFFFFFFFFFFFFFFFFFFFFFFFFFFE4
:10EC4000FFFFFFFFFFFFFFFFFFFFFFFFFFFFFFFFD4
:10EC5000FFFFFFFFFFFFFFFFFFFFFFFFFFFFFFFFC4
:10EC6000FFFFFFFFFFFFFFFFFFFFFFFFFFFFFFFFB4
:10EC7000FFFFFFFFFFFFFFFFFFFFFFFFFFFFFFFFA4
:10EC8000FFFFFFFFFFFFFFFFFFFFFFFFFFFFFFFF94
:10EC9000FFFFFFFFFFFFFFFFFFFFFFFFFFFFFFFF84
:10ECA000FFFFFFFFFFFFFFFFFFFFFFFFFFFFFFFF74
:10ECB000FFFFFFFFFFFFFFFFFFFFFFFFFFFFFFFF64
:10ECC000FFFFFFFFFFFFFFFFFFFFFFFFFFFFFFFF54
:10ECD000FFFFFFFFFFFFFFFFFFFFFFFFFFFFFFFF44
:10ECE000FFFFFFFFFFFFFFFFFFFFFFFFFFFFFFFF34
:10ECF000FFFFFFFFFFFFFFFFFFFFFFFFFFFFFFFF24
:10ED0000FFFFFFFFFFFFFFFFFFFFFFFFFFFFFFFF13
:10ED1000FFFFFFFFFFFFFFFFFFFFFFFFFFFFFFFF03
:10ED2000FFFFFFFFFFFFFFFFFFFFFFFFFFFFFFFFF3
:10ED3000FFFFFFFFFFFFFFFFFFFFFFFFFFFFFFFFE3
:10ED4000FFFFFFFFFFFFFFFFFFFFFFFFFFFFFFFFD3
:10ED5000FFFFFFFFFFFFFFFFFFFFFFFFFFFFFFFFC3
:10ED6000FFFFFFFFFFFFFFFFFFFFFFFFFFFFFFFFB3
:10ED7000FFFFFFFFFFFFFFFFFFFFFFFFFFFFFFFFA3
:10ED8000FFFFFFFFFFFFFFFFFFFFFFFFFFFFFFFF93
:10ED9000FFFFFFFFFFFFFFFFFFFFFFFFFFFFFFFF83
:10EDA000FFFFFFFFFFFFFFFFFFFFFFFFFFFFFFFF73
:10EDB000FFFFFFFFFFFFFFFFFFFFFFFFFFFFFFFF63
:10EDC000FFFFFFFFFFFFFFFFFFFFFFFFFFFFFFFF53
:10EDD000FFFFFFFFFFFFFFFFFFFFFFFFFFFFFFFF43
:10EDE000FFFFFFFFFFFFFFFFFFFFFFFFFFFFFFFF33
:10EDF000FFFFFFFFFFFFFFFFFFFFFFFFFFFFFFFF23
:10EE0000FFFFFFFFFFFFFFFFFFFFFFFFFFFFFFFF12
:10EE1000FFFFFFFFFFFFFFFFFFFFFFFFFFFFFFFF02
:10EE2000FFFFFFFFFFFFFFFFFFFFFFFFFFFFFFFFF2
:10EE3000FFFFFFFFFFFFFFFFFFFFFFFFFFFFFFFFE2
:10EE4000FFFFFFFFFFFFFFFFFFFFFFFFFFFFFFFFD2
:10EE5000FFFFFFFFFFFFFFFFFFFFFFFFFFFFFFFFC2
:10EE6000FFFFFFFFFFFFFFFFFFFFFFFFFFFFFFFFB2
:10EE7000FFFFFFFFFFFFFFFFFFFFFFFFFFFFFFFFA2
:10EE8000FFFFFFFFFFFFFFFFFFFFFFFFFFFFFFFF92
:10EE9000FFFFFFFFFFFFFFFFFFFFFFFFFFFFFFFF82
:10EEA000FFFFFFFFFFFFFFFFFFFFFFFFFFFFFFFF72
:10EEB000FFFFFFFFFFFFFFFFFFFFFFFFFFFFFFFF62
:10EEC000FFFFFFFFFFFFFFFFFFFFFFFFFFFFFFFF52
:10EED000FFFFFFFFFFFFFFFFFFFFFFFFFFFFFFFF42
:10EEE000FFFFFFFFFFFFFFFFFFFFFFFFFFFFFFFF32
:10EEF000FFFFFFFFFFFFFFFFFFFFFFFFFFFFFFFF22
:10EF0000FFFFFFFFFFFFFFFFFFFFFFFFFFFFFFFF11
:10EF1000FFFFFFFFFFFFFFFFFFFFFFFFFFFFFFFF01
:10EF2000FFFFFFFFFFFFFFFFFFFFFFFFFFFFFFFFF1
:10EF3000FFFFFFFFFFFFFFFFFFFFFFFFFFFFFFFFE1
:10EF4000FFFFFFFFFFFFFFFFFFFFFFFFFFFFFFFFD1
:10EF5000FFFFFFFFFFFFFFFFFFFFFFFFFFFFFFFFC1
:10EF6000FFFFFFFFFFFFFFFFFFFFFFFFFFFFFFFFB1
:10EF7000FFFFFFFFFFFFFFFFFFFFFFFFFFFFFFFFA1
:10EF8000FFFFFFFFFFFFFFFFFFFFFFFFFFFFFFFF91
:10EF9000FFFFFFFFFFFFFFFFFFFFFFFFFFFFFFFF81
:10EFA000FFFFFFFFFFFFFFFFFFFFFFFFFFFFFFFF71
:10EFB000FFFFFFFFFFFFFFFFFFFFFFFFFFFFFFFF61
:10EFC000FFFFFFFFFFFFFFFFFFFFFFFFFFFFFFFF51
:10EFD000FFFFFFFFFFFFFFFFFFFFFFFFFFFFFFFF41
:10EFE000FFFFFFFFFFFFFFFFFFFFFFFFFFFFFFFF31
:10EFF000FFFFFFFFFFFFFFFFFFFFFFFFFFFFFFFF21
:10F00000FFFFFFFFFFFFFFFFFFFFFFFFFFFFFFFF10
:10F01000FFFFFFFFFFFFFFFFFFFFFFFFFFFFFFFF00
:10F02000FFFFFFFFFFFFFFFFFFFFFFFFFFFFFFFFF0
:10F03000FFFFFFFFFFFFFFFFFFFFFFFFFFFFFFFFE0
:10F04000FFFFFFFFFFFFFFFFFFFFFFFFFFFFFFFFD0
:10F05000FFFFFFFFFFFFFFFFFFFFFFFFFFFFFFFFC0
:10F06000FFFFFFFFFFFFFFFFFFFFFFFFFFFFFFFFB0
:10F07000FFFFFFFFFFFFFFFFFFFFFFFFFFFFFFFFA0
:10F08000FFFFFFFFFFFFFFFFFFFFFFFFFFFFFFFF90
:10F09000FFFFFFFFFFFFFFFFFFFFFFFFFFFFFFFF80
:10F0A000FFFFFFFFFFFFFFFFFFFFFFFFFFFFFFFF70
:10F0B000FFFFFFFFFFFFFFFFFFFFFFFFFFFFFFFF60
:10F0C000FFFFFFFFFFFFFFFFFFFFFFFFFFFFFFFF50
:10F0D000FFFFFFFFFFFFFFFFFFFFFFFFFFFFFFFF40
:10F0E000FFFFFFFFFFFFFFFFFFFFFFFFFFFFFFFF30
:10F0F000FFFFFFFFFFFFFFFFFFFFFFFFFFFFFFFF20
:10F10000FFFFFFFFFFFFFFFFFFFFFFFFFFFFFFFF0F
:10F11000FFFFFFFFFFFFFFFFFFFFFFFFFFFFFFFFFF
:10F12000FFFFFFFFFFFFFFFFFFFFFFFFFFFFFFFFEF
:10F13000FFFFFFFFFFFFFFFFFFFFFFFFFFFFFFFFDF
:10F14000FFFFFFFFFFFFFFFFFFFFFFFFFFFFFFFFCF
:10F15000FFFFFFFFFFFFFFFFFFFFFFFFFFFFFFFFBF
:10F16000FFFFFFFFFFFFFFFFFFFFFFFFFFFFFFFFAF
:10F17000FFFFFFFFFFFFFFFFFFFFFFFFFFFFFFFF9F
:10F18000FFFFFFFFFFFFFFFFFFFFFFFFFFFFFFFF8F
:10F19000FFFFFFFFFFFFFFFFFFFFFFFFFFFFFFFF7F
:10F1A000FFFFFFFFFFFFFFFFFFFFFFFFFFFFFFFF6F
:10F1B000FFFFFFFFFFFFFFFFFFFFFFFFFFFFFFFF5F
:10F1C000FFFFFFFFFFFFFFFFFFFFFFFFFFFFFFFF4F
:10F1D000FFFFFFFFFFFFFFFFFFFFFFFFFFFFFFFF3F
:10F1E000FFFFFFFFFFFFFFFFFFFFFFFFFFFFFFFF2F
:10F1F000FFFFFFFFFFFFFFFFFFFFFFFFFFFFFFFF1F
:10F20000FFFFFFFFFFFFFFFFFFFFFFFFFFFFFFFF0E
:10F21000FFFFFFFFFFFFFFFFFFFFFFFFFFFFFFFFFE
:10F22000FFFFFFFFFFFFFFFFFFFFFFFFFFFFFFFFEE
:10F23000FFFFFFFFFFFFFFFFFFFFFFFFFFFFFFFFDE
:10F24000FFFFFFFFFFFFFFFFFFFFFFFFFFFFFFFFCE
:10F25000FFFFFFFFFFFFFFFFFFFFFFFFFFFFFFFFBE
:10F26000FFFFFFFFFFFFFFFFFFFFFFFFFFFFFFFFAE
:10F27000FFFFFFFFFFFFFFFFFFFFFFFFFFFFFFFF9E
:10F28000FFFFFFFFFFFFFFFFFFFFFFFFFFFFFFFF8E
:10F29000FFFFFFFFFFFFFFFFFFFFFFFFFFFFFFFF7E
:10F2A000FFFFFFFFFFFFFFFFFFFFFFFFFFFFFFFF6E
:10F2B000FFFFFFFFFFFFFFFFFFFFFFFFFFFFFFFF5E
:10F2C000FFFFFFFFFFFFFFFFFFFFFFFFFFFFFFFF4E
:10F2D000FFFFFFFFFFFFFFFFFFFFFFFFFFFFFFFF3E
:10F2E000FFFFFFFFFFFFFFFFFFFFFFFFFFFFFFFF2E
:10F2F000FFFFFFFFFFFFFFFFFFFFFFFFFFFFFFFF1E
:10F30000FFFFFFFFFFFFFFFFFFFFFFFFFFFFFFFF0D
:10F31000FFFFFFFFFFFFFFFFFFFFFFFFFFFFFFFFFD
:10F32000FFFFFFFFFFFFFFFFFFFFFFFFFFFFFFFFED
:10F33000FFFFFFFFFFFFFFFFFFFFFFFFFFFFFFFFDD
:10F34000FFFFFFFFFFFFFFFFFFFFFFFFFFFFFFFFCD
:10F35000FFFFFFFFFFFFFFFFFFFFFFFFFFFFFFFFBD
:10F36000FFFFFFFFFFFFFFFFFFFFFFFFFFFFFFFFAD
:10F37000FFFFFFFFFFFFFFFFFFFFFFFFFFFFFFFF9D
:10F38000FFFFFFFFFFFFFFFFFFFFFFFFFFFFFFFF8D
:10F39000FFFFFFFFFFFFFFFFFFFFFFFFFFFFFFFF7D
:10F3A000FFFFFFFFFFFFFFFFFFFFFFFFFFFFFFFF6D
:10F3B000FFFFFFFFFFFFFFFFFFFFFFFFFFFFFFFF5D
:10F3C000FFFFFFFFFFFFFFFFFFFFFFFFFFFFFFFF4D
:10F3D000FFFFFFFFFFFFFFFFFFFFFFFFFFFFFFFF3D
:10F3E000FFFFFFFFFFFFFFFFFFFFFFFFFFFFFFFF2D
:10F3F000FFFFFFFFFFFFFFFFFFFFFFFFFFFFFFFF1D
:10F40000FFFFFFFFFFFFFFFFFFFFFFFFFFFFFFFF0C
:10F41000FFFFFFFFFFFFFFFFFFFFFFFFFFFFFFFFFC
:10F42000FFFFFFFFFFFFFFFFFFFFFFFFFFFFFFFFEC
:10F43000FFFFFFFFFFFFFFFFFFFFFFFFFFFFFFFFDC
:10F44000FFFFFFFFFFFFFFFFFFFFFFFFFFFFFFFFCC
:10F45000FFFFFFFFFFFFFFFFFFFFFFFFFFFFFFFFBC
:10F46000FFFFFFFFFFFFFFFFFFFFFFFFFFFFFFFFAC
:10F47000FFFFFFFFFFFFFFFFFFFFFFFFFFFFFFFF9C
:10F48000FFFFFFFFFFFFFFFFFFFFFFFFFFFFFFFF8C
:10F49000FFFFFFFFFFFFFFFFFFFFFFFFFFFFFFFF7C
:10F4A000FFFFFFFFFFFFFFFFFFFFFFFFFFFFFFFF6C
:10F4B000FFFFFFFFFFFFFFFFFFFFFFFFFFFFFFFF5C
:10F4C000FFFFFFFFFFFFFFFFFFFFFFFFFFFFFFFF4C
:10F4D000FFFFFFFFFFFFFFFFFFFFFFFFFFFFFFFF3C
:10F4E000FFFFFFFFFFFFFFFFFFFFFFFFFFFFFFFF2C
:10F4F000FFFFFFFFFFFFFFFFFFFFFFFFFFFFFFFF1C
:10F50000FFFFFFFFFFFFFFFFFFFFFFFFFFFFFFFF0B
:10F51000FFFFFFFFFFFFFFFFFFFFFFFFFFFFFFFFFB
:10F52000FFFFFFFFFFFFFFFFFFFFFFFFFFFFFFFFEB
:10F53000FFFFFFFFFFFFFFFFFFFFFFFFFFFFFFFFDB
:10F54000FFFFFFFFFFFFFFFFFFFFFFFFFFFFFFFFCB
:10F55000FFFFFFFFFFFFFFFFFFFFFFFFFFFFFFFFBB
:10F56000FFFFFFFFFFFFFFFFFFFFFFFFFFFFFFFFAB
:10F57000FFFFFFFFFFFFFFFFFFFFFFFFFFFFFFFF9B
:10F58000FFFFFFFFFFFFFFFFFFFFFFFFFFFFFFFF8B
:10F59000FFFFFFFFFFFFFFFFFFFFFFFFFFFFFFFF7B
:10F5A000FFFFFFFFFFFFFFFFFFFFFFFFFFFFFFFF6B
:10F5B000FFFFFFFFFFFFFFFFFFFFFFFFFFFFFFFF5B
:10F5C000FFFFFFFFFFFFFFFFFFFFFFFFFFFFFFFF4B
:10F5D000FFFFFFFFFFFFFFFFFFFFFFFFFFFFFFFF3B
:10F5E000FFFFFFFFFFFFFFFFFFFFFFFFFFFFFFFF2B
:10F5F000FFFFFFFFFFFFFFFFFFFFFFFFFFFFFFFF1B
:10F60000FFFFFFFFFFFFFFFFFFFFFFFFFFFFFFFF0A
:10F61000FFFFFFFFFFFFFFFFFFFFFFFFFFFFFFFFFA
:10F62000FFFFFFFFFFFFFFFFFFFFFFFFFFFFFFFFEA
:10F63000FFFFFFFFFFFFFFFFFFFFFFFFFFFFFFFFDA
:10F64000FFFFFFFFFFFFFFFFFFFFFFFFFFFFFFFFCA
:10F65000FFFFFFFFFFFFFFFFFFFFFFFFFFFFFFFFBA
:10F66000FFFFFFFFFFFFFFFFFFFFFFFFFFFFFFFFAA
:10F67000FFFFFFFFFFFFFFFFFFFFFFFFFFFFFFFF9A
:10F68000FFFFFFFFFFFFFFFFFFFFFFFFFFFFFFFF8A
:10F69000FFFFFFFFFFFFFFFFFFFFFFFFFFFFFFFF7A
:10F6A000FFFFFFFFFFFFFFFFFFFFFFFFFFFFFFFF6A
:10F6B000FFFFFFFFFFFFFFFFFFFFFFFFFFFFFFFF5A
:10F6C000FFFFFFFFFFFFFFFFFFFFFFFFFFFFFFFF4A
:10F6D000FFFFFFFFFFFFFFFFFFFFFFFFFFFFFFFF3A
:10F6E000FFFFFFFFFFFFFFFFFFFFFFFFFFFFFFFF2A
:10F6F000FFFFFFFFFFFFFFFFFFFFFFFFFFFFFFFF1A
:10F70000FFFFFFFFFFFFFFFFFFFFFFFFFFFFFFFF09
:10F71000FFFFFFFFFFFFFFFFFFFFFFFFFFFFFFFFF9
:10F72000FFFFFFFFFFFFFFFFFFFFFFFFFFFFFFFFE9
:10F73000FFFFFFFFFFFFFFFFFFFFFFFFFFFFFFFFD9
:10F74000FFFFFFFFFFFFFFFFFFFFFFFFFFFFFFFFC9
:10F75000FFFFFFFFFFFFFFFFFFFFFFFFFFFFFFFFB9
:10F76000FFFFFFFFFFFFFFFFFFFFFFFFFFFFFFFFA9
:10F77000FFFFFFFFFFFFFFFFFFFFFFFFFFFFFFFF99
:10F78000FFFFFFFFFFFFFFFFFFFFFFFFFFFFFFFF89
:10F79000FFFFFFFFFFFFFFFFFFFFFFFFFFFFFFFF79
:10F7A000FFFFFFFFFFFFFFFFFFFFFFFFFFFFFFFF69
:10F7B000FFFFFFFFFFFFFFFFFFFFFFFFFFFFFFFF59
:10F7C000FFFFFFFFFFFFFFFFFFFFFFFFFFFFFFFF49
:10F7D000FFFFFFFFFFFFFFFFFFFFFFFFFFFFFFFF39
:10F7E000FFFFFFFFFFFFFFFFFFFFFFFFFFFFFFFF29
:10F7F000FFFFFFFFFFFFFFFFFFFFFFFFFFFFFFFF19
:10F80000FFFFFFFFFFFFFFFFFFFFFFFFFFFFFFFF08
:10F81000FFFFFFFFFFFFFFFFFFFFFFFFFFFFFFFFF8
:10F82000FFFFFFFFFFFFFFFFFFFFFFFFFFFFFFFFE8
:10F83000FFFFFFFFFFFFFFFFFFFFFFFFFFFFFFFFD8
:10F84000FFFFFFFFFFFFFFFFFFFFFFFFFFFFFFFFC8
:10F85000FFFFFFFFFFFFFFFFFFFFFFFFFFFFFFFFB8
:10F86000FFFFFFFFFFFFFFFFFFFFFFFFFFFFFFFFA8
:10F87000FFFFFFFFFFFFFFFFFFFFFFFFFFFFFFFF98
:10F88000FFFFFFFFFFFFFFFFFFFFFFFFFFFFFFFF88
:10F89000FFFFFFFFFFFFFFFFFFFFFFFFFFFFFFFF78
:10F8A000FFFFFFFFFFFFFFFFFFFFFFFFFFFFFFFF68
:10F8B000FFFFFFFFFFFFFFFFFFFFFFFFFFFFFFFF58
:10F8C000FFFFFFFFFFFFFFFFFFFFFFFFFFFFFFFF48
:10F8D000FFFFFFFFFFFFFFFFFFFFFFFFFFFFFFFF38
:10F8E000FFFFFFFFFFFFFFFFFFFFFFFFFFFFFFFF28
:10F8F000FFFFFFFFFFFFFFFFFFFFFFFFFFFFFFFF18
:10F90000FFFFFFFFFFFFFFFFFFFFFFFFFFFFFFFF07
:10F91000FFFFFFFFFFFFFFFFFFFFFFFFFFFFFFFFF7
:10F92000FFFFFFFFFFFFFFFFFFFFFFFFFFFFFFFFE7
:10F93000FFFFFFFFFFFFFFFFFFFFFFFFFFFFFFFFD7
:10F94000FFFFFFFFFFFFFFFFFFFFFFFFFFFFFFFFC7
:10F95000FFFFFFFFFFFFFFFFFFFFFFFFFFFFFFFFB7
:10F96000FFFFFFFFFFFFFFFFFFFFFFFFFFFFFFFFA7
:10F97000FFFFFFFFFFFFFFFFFFFFFFFFFFFFFFFF97
:10F98000FFFFFFFFFFFFFFFFFFFFFFFFFFFFFFFF87
:10F99000FFFFFFFFFFFFFFFFFFFFFFFFFFFFFFFF77
:10F9A000FFFFFFFFFFFFFFFFFFFFFFFFFFFFFFFF67
:10F9B000FFFFFFFFFFFFFFFFFFFFFFFFFFFFFFFF57
:10F9C000FFFFFFFFFFFFFFFFFFFFFFFFFFFFFFFF47
:10F9D000FFFFFFFFFFFFFFFFFFFFFFFFFFFFFFFF37
:10F9E000FFFFFFFFFFFFFFFFFFFFFFFFFFFFFFFF27
:10F9F000FFFFFFFFFFFFFFFFFFFFFFFFFFFFFFFF17
:10FA0000FFFFFFFFFFFFFFFFFFFFFFFFFFFFFFFF06
:10FA1000FFFFFFFFFFFFFFFFFFFFFFFFFFFFFFFFF6
:10FA2000FFFFFFFFFFFFFFFFFFFFFFFFFFFFFFFFE6
:10FA3000FFFFFFFFFFFFFFFFFFFFFFFFFFFFFFFFD6
:10FA4000FFFFFFFFFFFFFFFFFFFFFFFFFFFFFFFFC6
:10FA5000FFFFFFFFFFFFFFFFFFFFFFFFFFFFFFFFB6
:10FA6000FFFFFFFFFFFFFFFFFFFFFFFFFFFFFFFFA6
:10FA7000FFFFFFFFFFFFFFFFFFFFFFFFFFFFFFFF96
:10FA8000FFFFFFFFFFFFFFFFFFFFFFFFFFFFFFFF86
:10FA9000FFFFFFFFFFFFFFFFFFFFFFFFFFFFFFFF76
:10FAA000FFFFFFFFFFFFFFFFFFFFFFFFFFFFFFFF66
:10FAB000FFFFFFFFFFFFFFFFFFFFFFFFFFFFFFFF56
:10FAC000FFFFFFFFFFFFFFFFFFFFFFFFFFFFFFFF46
:10FAD000FFFFFFFFFFFFFFFFFFFFFFFFFFFFFFFF36
:10FAE000FFFFFFFFFFFFFFFFFFFFFFFFFFFFFFFF26
:10FAF000FFFFFFFFFFFFFFFFFFFFFFFFFFFFFFFF16
:10FB0000FFFFFFFFFFFFFFFFFFFFFFFFFFFFFFFF05
:10FB1000FFFFFFFFFFFFFFFFFFFFFFFFFFFFFFFFF5
:10FB2000FFFFFFFFFFFFFFFFFFFFFFFFFFFFFFFFE5
:10FB3000FFFFFFFFFFFFFFFFFFFFFFFFFFFFFFFFD5
:10FB4000FFFFFFFFFFFFFFFFFFFFFFFFFFFFFFFFC5
:10FB5000FFFFFFFFFFFFFFFFFFFFFFFFFFFFFFFFB5
:10FB6000FFFFFFFFFFFFFFFFFFFFFFFFFFFFFFFFA5
:10FB7000FFFFFFFFFFFFFFFFFFFFFFFFFFFFFFFF95
:10FB8000FFFFFFFFFFFFFFFFFFFFFFFFFFFFFFFF85
:10FB9000FFFFFFFFFFFFFFFFFFFFFFFFFFFFFFFF75
:10FBA000FFFFFFFFFFFFFFFFFFFFFFFFFFFFFFFF65
:10FBB000FFFFFFFFFFFFFFFFFFFFFFFFFFFFFFFF55
:10FBC000FFFFFFFFFFFFFFFFFFFFFFFFFFFFFFFF45
:10FBD000FFFFFFFFFFFFFFFFFFFFFFFFFFFFFFFF35
:10FBE000FFFFFFFFFFFFFFFFFFFFFFFFFFFFFFFF25
:10FBF000FFFFFFFFFFFFFFFFFFFFFFFFFFFFFFFF15
:10FC0000FFFFFFFFFFFFFFFFFFFFFFFFFFFFFFFF04
:10FC1000FFFFFFFFFFFFFFFFFFFFFFFFFFFFFFFFF4
:10FC2000FFFFFFFFFFFFFFFFFFFFFFFFFFFFFFFFE4
:10FC3000FFFFFFFFFFFFFFFFFFFFFFFFFFFFFFFFD4
:10FC4000FFFFFFFFFFFFFFFFFFFFFFFFFFFFFFFFC4
:10FC5000FFFFFFFFFFFFFFFFFFFFFFFFFFFFFFFFB4
:10FC6000FFFFFFFFFFFFFFFFFFFFFFFFFFFFFFFFA4
:10FC7000FFFFFFFFFFFFFFFFFFFFFFFFFFFFFFFF94
:10FC8000FFFFFFFFFFFFFFFFFFFFFFFFFFFFFFFF84
:10FC9000FFFFFFFFFFFFFFFFFFFFFFFFFFFFFFFF74
:10FCA000FFFFFFFFFFFFFFFFFFFFFFFFFFFFFFFF64
:10FCB000FFFFFFFFFFFFFFFFFFFFFFFFFFFFFFFF54
:10FCC000FFFFFFFFFFFFFFFFFFFFFFFFFFFFFFFF44
:10FCD000FFFFFFFFFFFFFFFFFFFFFFFFFFFFFFFF34
:10FCE000FFFFFFFFFFFFFFFFFFFFFFFFFFFFFFFF24
:10FCF000FFFFFFFFFFFFFFFFFFFFFFFFFFFFFFFF14
:10FD0000FFFFFFFFFFFFFFFFFFFFFFFFFFFFFFFF03
:10FD1000FFFFFFFFFFFFFFFFFFFFFFFFFFFFFFFFF3
:10FD2000FFFFFFFFFFFFFFFFFFFFFFFFFFFFFFFFE3
:10FD3000FFFFFFFFFFFFFFFFFFFFFFFFFFFFFFFFD3
:10FD4000FFFFFFFFFFFFFFFFFFFFFFFFFFFFFFFFC3
:10FD5000FFFFFFFFFFFFFFFFFFFFFFFFFFFFFFFFB3
:10FD6000FFFFFFFFFFFFFFFFFFFFFFFFFFFFFFFFA3
:10FD7000FFFFFFFFFFFFFFFFFFFFFFFFFFFFFFFF93
:10FD8000FFFFFFFFFFFFFFFFFFFFFFFFFFFFFFFF83
:10FD9000FFFFFFFFFFFFFFFFFFFFFFFFFFFFFFFF73
:10FDA000FFFFFFFFFFFFFFFFFFFFFFFFFFFFFFFF63
:10FDB000FFFFFFFFFFFFFFFFFFFFFFFFFFFFFFFF53
:10FDC000FFFFFFFFFFFFFFFFFFFFFFFFFFFFFFFF43
:10FDD000FFFFFFFFFFFFFFFFFFFFFFFFFFFFFFFF33
:10FDE000FFFFFFFFFFFFFFFFFFFFFFFFFFFFFFFF23
:10FDF000FFFFFFFFFFFFFFFFFFFFFFFFFFFFFFFF13
:10FE0000FFFFFFFFFFFFFFFFFFFFFFFFFFFFFFFF02
:10FE1000FFFFFFFFFFFFFFFFFFFFFFFFFFFFFFFFF2
:10FE2000FFFFFFFFFFFFFFFFFFFFFFFFFFFFFFFFE2
:10FE3000FFFFFFFFFFFFFFFFFFFFFFFFFFFFFFFFD2
:10FE4000FFFFFFFFFFFFFFFFFFFFFFFFFFFFFFFFC2
:10FE5000FFFFFFFFFFFFFFFFFFFFFFFFFFFFFFFFB2
:10FE6000FFFFFFFFFFFFFFFFFFFFFFFFFFFFFFFFA2
:10FE7000FFFFFFFFFFFFFFFFFFFFFFFFFFFFFFFF92
:10FE8000FFFFFFFFFFFFFFFFFFFFFFFFFFFFFFFF82
:10FE9000FFFFFFFFFFFFFFFFFFFFFFFFFFFFFFFF72
:10FEA000FFFFFFFFFFFFFFFFFFFFFFFFFFFFFFFF62
:10FEB000FFFFFFFFFFFFFFFFFFFFFFFFFFFFFFFF52
:10FEC000FFFFFFFFFFFFFFFFFFFFFFFFFFFFFFFF42
:10FED000FFFFFFFFFFFFFFFFFFFFFFFFFFFFFFFF32
:10FEE000FFFFFFFFFFFFFFFFFFFFFFFFFFFFFFFF22
:10FEF000FFFFFFFFFFFFFFFFFFFFFFFFFFFFFFFF12
:10FF0000FFFFFFFFFFFFFFFFFFFFFFFFFFFFFFFF01
:10FF1000FFFFFFFFFFFFFFFFFFFFFFFFFFFFFFFFF1
:10FF2000FFFFFFFFFFFFFFFFFFFFFFFFFFFFFFFFE1
:10FF3000FFFFFFFFFFFFFFFFFFFFFFFFFFFFFFFFD1
:10FF4000FFFFFFFFFFFFFFFFFFFFFFFFFFFFFFFFC1
:10FF5000FFFFFFFFFFFFFFFFFFFFFFFFFFFFFFFFB1
:10FF6000FFFFFFFFFFFFFFFFFFFFFFFFFFFFFFFFA1
:10FF7000FFFFFFFFFFFFFFFFFFFFFFFFFFFFFFFF91
:10FF8000FFFFFFFFFFFFFFFFFFFFFFFFFFFFFFFF81
:10FF9000FFFFFFFFFFFFFFFFFFFFFFFFFFFFFFFF71
:10FFA000FFFFFFFFFFFFFFFFFFFFFFFFFFFFFFFF61
:10FFB000FFFFFFFFFFFFFFFFFFFFFFFFFFFFFFFF51
:10FFC000FFFFFFFFFFFFFFFFFFFFFFFFFFFFFFFF41
:10FFD000FFFFFFFFFFFFFFFFFFFFFFFFFFFFFFFF31
:10FFE000FFFFFFFFFFFFFFFFFFFFFFFFFFFFFFFF21
:10FFF000FFFFFFFFFFFFFFFFFFFFFFFFFFFFFFFF11
:040000050000006691
:00000001FF
